user_id,69242ca7eddd458d1f519430,69242d1feddd458d1f519432,69242f3ce865298abb12bc13,69242fc9e865298abb12bc16,69243032e865298abb12bc18,692430cce865298abb12bc1a,69243130e865298abb12bc1c,6924317ee865298abb12bc1e,692431bfe865298abb12bc20,69243205e865298abb12bc22,69243284e865298abb12bc24,692432dfe865298abb12bc26,69243365e865298abb12bc2c,692433b6e865298abb12bc2e,69243417e865298abb12bc31,69243466e865298abb12bc33,692434ace865298abb12bc35,6924351de865298abb12bc37,69243599e865298abb12bc39,69243612e865298abb12bc3b,69243cd6e865298abb12bc3d,69243d21e865298abb12bc3f,69243d70e865298abb12bc41,69243dc4e865298abb12bc43,6924426ce865298abb12bc45,692442bee865298abb12bc47,692442fde865298abb12bc49,69244358e865298abb12bc4b,692443aae865298abb12bc4d,69244409e865298abb12bc4f,69244a9eb7fb27683d01c667,69244aedb7fb27683d01c669,69244b46b7fb27683d01c66b,69244b4d22280aa81104f501,69244b91b7fb27683d01c66d,69244be6b7fb27683d01c66f,69244bfe22280aa81104f503,69244c42b7fb27683d01c671,69244cb6b7fb27683d01c673,69244cffb7fb27683d01c675,69244d3822280aa81104f505,69244d5db7fb27683d01c67b,69244d9cb7fb27683d01c67d,69244da022280aa81104f507,69244dff22280aa81104f509,69244e7222280aa81104f50b,69244ed722280aa81104f50d,69244f3622280aa81104f50f,69244fe122280aa81104f511,6924505222280aa81104f513,692450a922280aa81104f515,6924519a22280aa81104f517,6924520622280aa81104f519,692452db22280aa81104f51b,6924535122280aa81104f51d,692453b422280aa81104f51f,6924542822280aa81104f521,6924549e22280aa81104f523,6924550e22280aa81104f525,6924557222280aa81104f527,692455df22280aa81104f529,6924568822280aa81104f52b,6924570a22280aa81104f52d,6924577a22280aa81104f52f,692457e322280aa81104f531,6924586422280aa81104f533,692458b422280aa81104f535,692459c422280aa81104f537,69245a1f22280aa81104f539,69245a8922280aa81104f53b,69245b8a22280aa81104f53d
686b7806ca1c58462be90444,2.5,2.6,2.0,3.55,4.2,3.2,1.9,5.0,0.0,3.5,3.15,2.4,0.0,3.4,4.4,4.279999999999999,2.3,3.7,0.0,3.6,2.5,2.9,3.6666666666666665,3.7,0.0,1.2000000000000002,1.4,2.5,4.1,3.8,3.3,4.75,3.5,2.6666666666666665,2.5,4.666666666666667,1.4000000000000001,4.1,3.2,0.0,4.2,1.1,4.5,1.5,3.0,3.5,2.2,1.3666666666666665,4.1,1.0,2.9000000000000004,4.4,1.3,0.0,4.133333333333334,3.3,3.8333333333333335,3.8,1.3,0.0,2.5,0.0,3.0,1.8,1.3,2.25,4.3,0.0,0.0,4.3,3.3
686cd3d8701a2e0b8b96a03a,3.242857142857143,1.2,2.25,4.0,4.5,0.0,1.1,3.4,2.033333333333333,4.25,0.0,3.8,0.0,0.0,3.3,4.933333333333334,3.9,2.45,0.0,3.2,2.85,2.8666666666666667,4.2,3.3333333333333335,2.4,1.1,1.6,0.0,4.1,4.233333333333333,3.7,4.449999999999999,3.45,0.0,0.0,4.3,1.7,0.0,4.3,2.1,0.0,0.0,3.5999999999999996,2.6,1.9,0.0,2.0,1.45,5.0,0.0,2.7,3.1,2.1333333333333333,0.0,3.1,3.95,4.4,0.0,0.0,0.0,0.0,0.0,2.9,0.0,1.0,1.1,0.0,1.5,0.0,4.45,2.85
69229d84ca464ec9dc045333,2.6666666666666665,0.0,1.9500000000000002,3.5999999999999996,5.0,0.0,1.0,0.0,1.85,2.7,3.2,3.4,0.0,5.0,2.9,4.6,0.0,0.0,4.9,3.65,0.0,2.55,0.0,3.8,0.0,1.1666666666666667,2.25,1.6,3.4,3.5,3.5,4.5,3.5,0.0,3.1500000000000004,4.1,1.0,2.7,3.7,3.0,4.5,2.4,4.4,0.0,0.0,3.4,0.0,0.0,4.466666666666667,0.0,0.0,3.8499999999999996,0.0,0.0,0.0,0.0,4.050000000000001,3.7,2.0,2.3,2.1,0.0,1.85,0.0,1.0,1.9,2.4,1.4666666666666668,0.0,0.0,2.9
69247e0e44e4cccaa87c234c,2.85,1.175,1.7666666666666668,4.5,0.0,2.0,1.725,4.2,1.8,3.025,2.5,0.0,0.0,3.45,3.533333333333333,4.6,2.6,3.2,4.25,0.0,2.95,3.7,0.0,3.2,0.0,0.0,0.0,0.0,4.1,4.45,3.5,0.0,0.0,2.6,4.4,4.3,1.25,0.0,0.0,1.425,3.1,0.0,4.800000000000001,1.775,2.2,0.0,1.5,1.7,4.3,0.0,2.3,3.2,2.5,0.0,3.9,0.0,4.2,3.0,1.0333333333333334,3.0,0.0,0.0,2.2,1.4666666666666668,0.0,0.0,0.0,2.2,1.95,0.0,2.4
69247e0e44e4cccaa87c234d,2.95,1.6,2.5666666666666664,4.1,4.733333333333333,1.55,1.25,4.15,2.7,3.7,2.5,3.5,4.05,4.55,3.825,0.0,0.0,0.0,0.0,0.0,3.7,0.0,0.0,0.0,1.4,0.0,0.0,2.0,3.325,4.4,2.7,4.65,0.0,3.2,3.75,4.9,1.375,3.45,4.233333333333333,0.0,0.0,1.9,3.6,2.8,1.8,3.9000000000000004,1.0,1.375,4.05,0.0,0.0,3.9,0.0,2.9,0.0,3.7,4.300000000000001,3.5999999999999996,0.0,2.5,0.0,1.8,2.8,2.1,1.8,2.3,4.0,1.05,0.0,5.0,0.0
69247e0e44e4cccaa87c234e,3.3428571428571425,1.6666666666666667,1.6333333333333335,0.0,5.0,3.3,0.0,3.55,0.0,0.0,2.8666666666666667,2.6666666666666665,3.6999999999999997,4.4,0.0,4.9,0.0,3.1,4.125,3.4,3.1333333333333333,2.1,2.8,0.0,0.0,1.5,1.9666666666666668,2.2,4.7,3.3,3.0,0.0,4.25,2.6,3.8,4.875,1.0,2.6,4.0,2.2,0.0,1.4333333333333333,4.1,1.8,3.0,0.0,0.0,1.2,4.1,2.3,2.5,2.9,1.4,0.0,0.0,0.0,3.7,4.1,1.2000000000000002,2.7,3.7,2.0,1.65,1.2666666666666666,1.9,0.0,2.7,0.0,2.1,3.9333333333333336,3.3
69247e0e44e4cccaa87c234f,3.2571428571428567,1.3666666666666665,1.9,3.6,4.833333333333333,2.45,1.3,4.3,1.9,3.95,3.15,0.0,3.5500000000000003,4.6,3.3,4.766666666666667,0.0,2.9,0.0,3.8,0.0,2.75,0.0,3.8333333333333335,1.7333333333333334,1.65,2.5,0.0,3.9,4.466666666666666,3.7,4.533333333333334,3.4,3.0999999999999996,3.3,5.0,1.725,3.0,0.0,2.7,3.45,1.65,3.2,1.7,3.1999999999999997,0.0,1.2333333333333334,1.75,4.6,0.0,2.5,3.1,1.7,0.0,4.1,0.0,0.0,3.4,1.15,2.95,0.0,2.3,2.4000000000000004,1.3,0.0,2.1,0.0,2.5,1.9,4.0,0.0
69247e0e44e4cccaa87c2350,3.5,1.45,2.075,4.233333333333333,5.0,2.75,1.0,4.333333333333333,0.0,2.9,0.0,3.6,3.25,3.1,3.6,4.25,3.2,0.0,4.75,0.0,0.0,3.233333333333333,0.0,3.4333333333333336,1.6,1.3666666666666665,0.0,3.05,0.0,0.0,3.4000000000000004,5.0,3.266666666666667,3.15,3.4200000000000004,0.0,1.2666666666666666,2.6,3.3666666666666667,1.5,4.1,2.3,4.275,2.0,0.0,3.5,0.0,1.8,5.0,0.0,2.1,4.35,0.0,0.0,2.9,0.0,0.0,0.0,0.0,2.75,0.0,2.3,1.5,1.5999999999999999,1.65,1.6,0.0,1.9,0.0,3.8,0.0
69247e0e44e4cccaa87c2351,2.9,1.5,1.6333333333333335,3.7,4.8,2.1,2.3,4.6000000000000005,2.6,4.4,0.0,0.0,3.7,3.8000000000000003,0.0,4.05,4.0,3.7,0.0,0.0,2.7,3.8,4.4,0.0,1.0,1.2,0.0,2.6,0.0,3.8,0.0,0.0,0.0,0.0,4.4,0.0,1.3333333333333333,3.266666666666667,3.95,2.15,3.3,0.0,4.55,0.0,0.0,3.6,0.0,1.9,0.0,2.0,2.4,3.8,1.5,3.1,0.0,0.0,4.3,2.7,1.3,0.0,3.6,0.0,2.5999999999999996,2.2,0.0,1.0,3.45,0.0,0.0,3.7,0.0
69247e0e44e4cccaa87c2352,2.6,1.6666666666666667,2.275,0.0,5.0,3.2,0.0,3.4,2.75,3.7,0.0,0.0,3.3,0.0,3.8,5.0,0.0,2.3,5.0,3.9,3.1,0.0,3.5,0.0,1.5333333333333332,0.0,0.0,3.15,3.1,4.9,3.4,3.8,0.0,2.9,2.5,4.5,1.2,0.0,3.425,1.5499999999999998,3.5,1.4333333333333333,3.65,1.8,3.3,4.066666666666667,1.0,0.0,4.6,0.0,2.2,2.6,0.0,3.3000000000000003,3.0,0.0,0.0,0.0,1.0,1.9,2.7,2.6,0.0,0.0,1.0,1.8,0.0,0.0,0.0,0.0,0.0
69247e0e44e4cccaa87c2353,3.0,2.5,1.4,3.675,4.5,2.1333333333333333,1.8,5.0,0.0,4.3,0.0,2.5,4.6,3.5,0.0,4.3,3.9,3.0,4.7,0.0,3.733333333333333,3.225,0.0,3.9,0.0,0.0,2.6,0.0,3.95,3.5,3.4,4.1,0.0,2.6,0.0,5.0,1.25,0.0,0.0,2.4,3.866666666666667,2.4,4.6,2.4000000000000004,2.2,3.475,1.8666666666666665,0.0,3.9,2.1,3.1999999999999997,3.75,2.75,0.0,4.3,0.0,0.0,3.8,2.2,0.0,3.4,0.0,0.0,1.05,0.0,0.0,3.5,0.0,0.0,4.0,3.1
69247e0e44e4cccaa87c2354,3.1333333333333333,0.0,2.7,3.95,4.720000000000001,2.7,0.0,3.9,2.05,0.0,2.3,3.0,3.2,4.066666666666667,3.85,4.6000000000000005,3.9,3.9,4.7,3.4,2.0,3.0,3.0,3.0,0.0,1.1,1.7750000000000001,2.5,4.05,4.433333333333334,0.0,5.0,4.3,3.8499999999999996,3.8666666666666667,4.5,1.475,4.05,3.2,1.9333333333333333,0.0,1.3,3.2,2.1666666666666665,2.3666666666666667,0.0,1.85,0.0,5.0,2.3499999999999996,0.0,0.0,2.0,2.5,3.4,0.0,4.033333333333334,2.55,1.0,2.3,0.0,0.0,0.0,2.1,1.8,0.0,4.3,2.3000000000000003,1.75,0.0,3.4
69247e0e44e4cccaa87c2355,2.6,0.0,2.3,3.3,0.0,2.3,1.0,4.75,0.0,0.0,3.3,0.0,4.0,3.5,4.1,0.0,3.0999999999999996,3.1,0.0,4.1,0.0,0.0,0.0,0.0,1.25,1.4,0.0,3.2,4.35,4.6,3.1333333333333333,0.0,3.0,0.0,0.0,4.3,2.3,2.8333333333333335,3.3,2.0,4.25,0.0,4.2,1.9,0.0,4.3,2.0,0.0,4.2,0.0,3.4,0.0,0.0,3.3,2.8,0.0,4.4,0.0,1.0,0.0,0.0,1.4,2.7,2.5,2.0,0.0,4.4,0.0,1.8,3.7,3.45
69247e0e44e4cccaa87c2356,2.95,2.225,1.65,4.5,4.4,1.5,1.0,4.25,2.6,3.45,3.5,4.1,2.8,4.1,3.533333333333333,4.925,0.0,3.8,4.6,0.0,0.0,3.1,0.0,4.1,1.3,1.2666666666666666,1.0,2.725,0.0,4.3,0.0,4.1,3.6,0.0,3.6,4.8,1.2,3.45,0.0,1.85,3.5999999999999996,0.0,0.0,1.0,2.5,0.0,0.0,1.5,0.0,1.7,0.0,0.0,0.0,0.0,2.8,4.25,0.0,4.0,0.0,0.0,0.0,1.0,1.7,1.6,1.7,0.0,4.3,0.0,1.0,0.0,3.35
69247e0e44e4cccaa87c2357,3.3,1.5,0.0,4.4,4.733333333333333,2.3666666666666667,1.3,3.8,0.0,4.1,2.3,0.0,3.65,4.333333333333333,3.5,5.0,4.2,3.05,4.566666666666666,3.1333333333333333,2.5,2.75,3.266666666666667,0.0,1.0,1.7000000000000002,1.0,2.75,0.0,3.8,3.6,4.199999999999999,0.0,0.0,3.033333333333333,0.0,0.0,2.7,4.2,2.05,3.4,1.8333333333333333,3.7,2.4,2.4,4.4,1.6,0.0,0.0,1.95,0.0,3.5,2.3,0.0,3.0,4.566666666666666,3.1,3.05,1.9,0.0,3.0,2.1,0.0,0.0,1.2,1.6,2.9,0.0,1.05,4.3,0.0
69247e0e44e4cccaa87c2358,3.0999999999999996,1.0,1.95,4.2,5.0,0.0,1.2,0.0,0.0,0.0,3.533333333333333,3.4,0.0,3.6,3.0,4.4,2.6,0.0,4.199999999999999,4.0,0.0,2.625,2.8,3.0999999999999996,2.0,1.3,0.0,2.8666666666666667,4.4,0.0,3.5,4.35,3.6,0.0,0.0,0.0,1.2,3.7,2.8,1.75,3.0666666666666664,0.0,4.5,2.3,2.1,4.7,0.0,0.0,4.1,0.0,3.25,0.0,0.0,2.8,3.9,4.25,0.0,0.0,1.1666666666666667,1.6,0.0,2.1,0.0,0.0,1.5,1.9,0.0,2.033333333333333,1.2,0.0,0.0
69247e0e44e4cccaa87c2359,2.6666666666666665,1.9333333333333333,0.0,0.0,0.0,0.0,2.1,4.449999999999999,0.0,4.6,2.6,0.0,3.0,3.8600000000000003,4.5,4.933333333333334,4.2,0.0,5.0,3.9000000000000004,2.3,2.55,2.9333333333333336,0.0,0.0,1.8,1.2,0.0,2.8499999999999996,0.0,4.2,5.0,0.0,2.3,3.0999999999999996,4.9,1.25,0.0,0.0,0.0,3.9,1.7,4.5,2.1666666666666665,3.5,0.0,2.3,0.0,0.0,1.5,3.2,3.1,0.0,0.0,0.0,0.0,3.9,3.15,0.0,3.0,3.2,0.0,3.1,0.0,0.0,0.0,0.0,1.4,1.2,3.6,0.0
69247e0e44e4cccaa87c235a,0.0,2.5,0.0,0.0,5.0,0.0,2.2,5.0,2.05,3.25,0.0,0.0,3.25,3.5,4.7,4.2,3.033333333333333,3.2,4.3,4.0,0.0,0.0,3.8,4.6,1.3,1.3,2.8,0.0,3.55,3.8,0.0,0.0,3.9000000000000004,0.0,0.0,4.8,1.55,2.9,0.0,1.9,3.5,2.1,0.0,0.0,0.0,3.9,0.0,0.0,0.0,1.6,3.8,4.5,2.0,2.8,0.0,5.0,4.3,0.0,0.0,0.0,0.0,2.7,0.0,0.0,1.0,1.6,0.0,1.0,2.3,0.0,0.0
69247e0e44e4cccaa87c235b,3.1666666666666665,2.2,1.2000000000000002,4.2,4.25,1.6,1.0,4.8,1.85,3.1,2.5,3.55,3.45,3.5999999999999996,4.699999999999999,4.7,0.0,3.075,4.733333333333333,3.6,2.9,3.2,3.7,3.05,1.6,1.0,1.7,0.0,0.0,4.7,3.533333333333333,4.4,3.15,2.2,2.5,3.9666666666666663,0.0,3.9,3.1,2.1,4.266666666666667,0.0,4.4,1.05,1.9,3.5,0.0,0.0,4.4,1.1,3.25,4.1,0.0,3.4000000000000004,4.35,0.0,0.0,3.25,0.0,2.4,3.3,1.3,2.466666666666667,1.0,1.0,2.2,3.7,1.25,1.0,5.0,2.75
69247e0e44e4cccaa87c235c,3.9,1.0999999999999999,2.3,4.325,0.0,2.4499999999999997,1.9500000000000002,4.466666666666667,2.1333333333333333,3.65,2.9,4.0,3.95,3.9200000000000004,4.4,4.7,3.65,0.0,5.0,3.5,3.5,3.05,2.5,0.0,1.7000000000000002,0.0,2.175,1.9,3.2,0.0,2.5666666666666664,0.0,3.0,0.0,2.9,4.300000000000001,1.7,4.4,3.75,2.1,0.0,0.0,3.9000000000000004,0.0,0.0,4.8,0.0,1.5,0.0,0.0,3.0,0.0,1.4,0.0,0.0,0.0,0.0,3.466666666666667,1.6,2.4,0.0,0.0,2.1,1.6,1.3,0.0,0.0,1.75,0.0,0.0,0.0
69247e0e44e4cccaa87c235d,3.45,1.0,1.4,4.25,4.7,2.4,0.0,4.5,1.65,0.0,2.8499999999999996,0.0,3.7,5.0,3.5999999999999996,4.9,2.733333333333333,0.0,4.75,3.5,0.0,2.6,3.35,3.0,0.0,1.0,1.0,2.6,4.1,4.3,0.0,5.0,2.8,2.2,4.1,0.0,0.0,3.55,0.0,2.4,0.0,1.0,5.0,2.4,2.7,0.0,0.0,0.0,0.0,0.0,2.35,0.0,2.5,0.0,2.7,0.0,4.4,3.3666666666666667,0.0,2.5,2.8,0.0,0.0,0.0,2.1,0.0,0.0,2.4,1.0,0.0,3.0
69247e0e44e4cccaa87c235e,0.0,0.0,0.0,3.3,4.9,3.2,0.0,4.3,2.15,3.0,3.6,0.0,4.5,0.0,4.1,4.25,0.0,3.25,5.0,0.0,0.0,0.0,0.0,0.0,0.0,1.0,1.0,0.0,0.0,4.2,2.4,5.0,4.05,2.1,0.0,5.0,1.4,3.466666666666667,4.325,2.5,0.0,0.0,0.0,2.3,3.3,0.0,0.0,1.1333333333333335,0.0,1.4666666666666668,0.0,0.0,0.0,3.4,3.4,4.1,0.0,0.0,0.0,3.2,0.0,1.7,1.7,1.9,0.0,0.0,3.9,1.8,0.0,0.0,3.3
69247e0e44e4cccaa87c235f,3.25,1.0,2.3000000000000003,4.425,0.0,2.3000000000000003,1.65,4.35,0.0,4.6,3.0,3.9,2.9,4.34,4.5,0.0,3.033333333333333,3.1666666666666665,5.0,3.45,2.1,3.4,3.425,3.8,1.3,1.0,1.8,2.6,0.0,4.4,3.9,4.066666666666666,3.866666666666667,3.5,3.65,4.9,1.8166666666666667,3.45,3.75,2.2,0.0,1.6,3.875,0.0,2.7,2.8,1.0,0.0,4.1,1.4,3.8,2.5,1.4,0.0,3.8,0.0,4.8,3.3,0.0,2.85,3.0,0.0,2.8,2.5,0.0,2.0,4.233333333333333,0.0,0.0,0.0,0.0
69247e0e44e4cccaa87c2360,3.5,1.0,1.4,3.6,5.0,2.3,1.95,3.8,1.4500000000000002,3.4,3.3,3.2,3.9,0.0,2.9,4.8,0.0,2.75,4.6,0.0,0.0,3.4,3.6,2.9,1.3,0.0,1.7,2.825,3.7,4.5,4.15,4.15,3.7,2.85,3.7,4.1,1.4,3.7,0.0,0.0,4.0,0.0,3.4,1.0,0.0,3.6,1.3,0.0,4.3,0.0,3.05,3.9,0.0,3.8,0.0,0.0,3.5,0.0,0.0,0.0,0.0,0.0,2.9,0.0,0.0,0.0,0.0,0.0,0.0,0.0,2.5999999999999996
69247e0e44e4cccaa87c2361,3.266666666666667,0.0,2.35,4.166666666666667,0.0,0.0,1.0,4.95,1.3,0.0,2.825,0.0,3.75,0.0,3.55,4.6,0.0,0.0,0.0,0.0,3.7,2.55,2.7,3.7,0.0,1.45,1.2666666666666666,2.8000000000000003,0.0,3.85,4.2,4.300000000000001,0.0,3.0999999999999996,3.2,4.6,0.0,0.0,3.45,2.4,3.4,1.9,4.2,2.1,0.0,3.4,1.6,0.0,0.0,1.45,3.28,3.2,1.1,3.466666666666667,3.4499999999999997,3.5,4.05,0.0,1.3666666666666665,1.6,0.0,1.6,2.0,1.4,0.0,0.0,4.2,0.0,1.0,4.7,0.0
69247e0e44e4cccaa87c2362,2.966666666666667,1.85,1.7,3.3,4.42,2.1,0.0,5.0,1.6,3.4,3.9,3.3499999999999996,3.1,4.4,0.0,0.0,2.7,2.9,0.0,4.4,0.0,0.0,3.033333333333333,3.4,1.6,0.0,0.0,2.8,4.1,3.4,4.1,4.3,3.9,3.2,0.0,0.0,1.6,3.45,3.0,2.4,3.6500000000000004,1.65,4.2,0.0,0.0,0.0,0.0,1.8,0.0,1.65,2.6,4.0,1.6666666666666667,2.7,0.0,0.0,4.8,2.2,1.5,3.05,2.2,0.0,0.0,2.4,0.0,1.8,3.9,2.3,0.0,0.0,2.95
69247e0e44e4cccaa87c2363,3.3,0.0,1.9,4.1,0.0,2.2333333333333334,1.4,3.9,0.0,0.0,0.0,3.3,3.5,3.9,3.9,5.0,0.0,3.5,5.0,2.85,3.4,2.8,4.0,0.0,1.0,2.0,1.3,1.6,2.8333333333333335,4.7,3.1,0.0,0.0,2.9,3.15,0.0,1.0,4.3,0.0,2.55,0.0,1.3,0.0,0.0,0.0,0.0,0.0,1.7,4.1,0.0,3.8,0.0,2.3,0.0,0.0,3.7,0.0,0.0,0.0,2.75,2.7,1.875,0.0,2.1,0.0,1.25,0.0,0.0,0.0,3.9499999999999997,0.0
69247e0e44e4cccaa87c2364,2.575,0.0,1.65,4.2,4.449999999999999,2.2333333333333334,1.4,3.5,2.0,4.0,3.55,3.8499999999999996,3.7,4.6,3.6,4.766666666666667,3.4,2.1,4.7,0.0,3.3,2.1,3.7,3.4,1.0,1.05,2.6,2.7,4.3,4.550000000000001,2.8,4.3,0.0,2.45,4.1,4.533333333333333,1.6,0.0,0.0,0.0,3.6,0.0,4.279999999999999,2.7,2.766666666666667,3.0999999999999996,0.0,1.9500000000000002,4.4,0.0,2.6,4.4,1.0,3.266666666666667,3.05,4.433333333333334,0.0,3.0,1.5,2.75,0.0,1.5333333333333332,0.0,2.4,1.9,1.7,2.9,1.7,0.0,5.0,0.0
69247e0e44e4cccaa87c2365,3.2399999999999998,1.0,2.45,3.9,0.0,2.7,1.5666666666666667,0.0,0.0,0.0,2.95,3.6,0.0,4.066666666666666,3.9,0.0,3.3000000000000003,3.9,3.8,3.1,0.0,2.1,3.6,3.1,2.4,1.1,2.5,1.6,3.1,4.233333333333333,2.7,0.0,2.9,0.0,3.15,5.0,0.0,0.0,0.0,2.2,3.9,1.4500000000000002,4.7,2.1,2.15,0.0,0.0,0.0,4.766666666666667,1.8499999999999999,0.0,0.0,1.0,0.0,0.0,0.0,0.0,3.8,0.0,0.0,2.1,1.35,2.4,1.6,0.0,0.0,0.0,0.0,0.0,0.0,3.7
69247e0e44e4cccaa87c2366,3.233333333333333,1.0,2.5,3.8333333333333335,0.0,0.0,1.75,0.0,1.45,4.0,3.6,3.7,3.95,3.4,3.7,4.0,2.7,3.75,4.3999999999999995,0.0,2.75,2.8333333333333335,2.9,3.3499999999999996,1.7,0.0,1.8,1.7999999999999998,3.6666666666666665,3.7,3.5999999999999996,4.7,3.7,3.0,3.55,4.85,1.95,3.6,0.0,0.0,3.95,0.0,3.6,1.1,2.9,4.8,0.0,2.3,5.0,0.0,2.6,3.5,0.0,3.6,0.0,0.0,3.3,0.0,0.0,3.25,3.25,0.0,2.2333333333333334,1.5,2.0,0.0,2.85,0.0,1.0,0.0,0.0
69247e0e44e4cccaa87c2367,2.3,2.1,1.5,3.9499999999999997,4.0,0.0,1.0,0.0,2.05,3.75,2.65,3.1,4.2,4.125,4.15,4.7,3.4,3.5,4.6000000000000005,0.0,2.7,3.7,3.5999999999999996,4.133333333333334,1.6,0.0,0.0,0.0,3.8,3.6,3.3,0.0,0.0,3.0,2.5,3.6500000000000004,1.65,0.0,3.375,0.0,0.0,0.0,3.8499999999999996,1.9,3.1,3.9,1.5499999999999998,1.0,4.1,1.1,3.6,0.0,0.0,0.0,0.0,0.0,4.0,0.0,2.0,0.0,0.0,0.0,2.3,0.0,2.2,2.3,3.2,0.0,2.1,0.0,0.0
69247e0e44e4cccaa87c2368,3.1,2.1,1.9,3.95,5.0,1.8,1.7,4.65,1.15,3.1,3.2,3.1500000000000004,0.0,4.3,3.9000000000000004,5.0,3.4,0.0,0.0,3.4333333333333336,0.0,3.1,4.5,4.0,1.0,1.55,2.2,2.2,3.2,3.3,3.5666666666666664,4.1,3.6,2.55,4.0,3.9,1.5,3.6999999999999997,3.2,2.1333333333333333,3.4,2.5,3.2,1.5999999999999999,0.0,3.75,0.0,1.15,0.0,1.0,0.0,3.9000000000000004,2.2,2.6,4.0,4.3,0.0,2.6,1.5,1.9666666666666668,3.033333333333333,0.0,1.9,1.3,0.0,1.6500000000000001,3.25,2.5,1.0,4.7,3.15
69247e0e44e4cccaa87c2369,3.175,1.9666666666666668,0.0,0.0,3.9333333333333336,2.0,1.375,4.4,2.2,0.0,0.0,4.1,3.3,0.0,3.3,4.7,3.9,0.0,3.5,3.4,2.733333333333333,0.0,3.7,3.5,0.0,1.55,0.0,0.0,0.0,4.65,0.0,4.233333333333333,3.7,0.0,0.0,4.45,1.4,3.9,0.0,2.266666666666667,0.0,1.1,4.0,1.4,0.0,0.0,0.0,1.3,0.0,1.65,2.2,2.6,1.3,3.4,0.0,4.45,0.0,3.5,1.0,2.8,0.0,0.0,0.0,1.6,2.0,0.0,0.0,2.7,1.3,4.1,0.0
69247e0e44e4cccaa87c236a,2.3,1.0666666666666667,1.4,4.7,4.466666666666666,2.3,1.54,4.9,1.9500000000000002,3.2,3.0,3.3666666666666667,0.0,0.0,3.85,4.4,2.3,2.85,4.1,3.3333333333333335,0.0,2.5,2.8,3.1,0.0,1.0,1.8333333333333333,2.9,3.875,3.3,3.8,4.1,3.1,2.7,0.0,3.7,1.0,0.0,0.0,0.0,4.133333333333333,1.65,4.699999999999999,1.5666666666666667,3.3,3.4,2.0,1.4,4.833333333333333,1.25,0.0,3.733333333333333,0.0,3.0999999999999996,3.55,0.0,3.8,3.0,1.6,2.1,3.45,2.3,0.0,1.6,1.45,0.0,3.95,0.0,1.4,3.4,2.5
69247e0e44e4cccaa87c236b,3.2,1.2,1.9666666666666668,3.875,4.6,2.35,1.4000000000000001,4.15,2.8,0.0,0.0,2.8499999999999996,3.2,4.4,3.65,0.0,2.9,3.0,0.0,4.1,2.55,0.0,2.8,0.0,1.85,0.0,1.3666666666666665,3.2,3.875,3.5,3.6666666666666665,0.0,4.066666666666666,0.0,3.7,4.4,1.0,3.633333333333333,4.1,2.15,0.0,1.0,3.766666666666667,1.1,0.0,4.8,1.0,1.9,4.15,2.4,2.6,3.2,0.0,0.0,3.0,3.4000000000000004,3.4,0.0,1.05,0.0,3.25,1.9500000000000002,2.45,2.4,1.1,2.1,0.0,0.0,1.0,4.533333333333333,0.0
69247e0e44e4cccaa87c236c,3.466666666666667,2.0,1.85,4.9,4.875,2.4,1.0,3.9749999999999996,2.8,2.9000000000000004,3.5,4.0,4.4,3.8,4.133333333333334,0.0,3.466666666666667,2.95,5.0,0.0,0.0,2.5,0.0,3.2,1.75,1.7,1.9000000000000001,2.15,4.4,4.6,3.4,0.0,4.5,2.1,3.9333333333333336,4.4,1.6,2.7,0.0,3.0,0.0,0.0,0.0,0.0,3.5,3.6,1.1,0.0,0.0,0.0,3.55,0.0,2.3,3.4,0.0,4.2,0.0,0.0,0.0,3.5,0.0,0.0,0.0,1.4,1.0,0.0,0.0,0.0,1.6,0.0,0.0
69247e0e44e4cccaa87c236d,2.8333333333333335,1.4333333333333333,2.55,3.5999999999999996,4.666666666666667,3.3,1.0,4.45,2.2666666666666666,3.5,2.7,3.2,4.5,4.45,3.65,0.0,4.1,0.0,0.0,0.0,2.766666666666667,3.9,0.0,3.6,2.0,0.0,0.0,2.4,0.0,0.0,3.5999999999999996,4.3,3.55,3.233333333333333,2.8,5.0,0.0,0.0,0.0,1.7000000000000002,4.5,0.0,0.0,0.0,2.6333333333333333,3.65,1.0,0.0,4.4,1.1,0.0,3.1,2.6,0.0,0.0,3.9,3.55,3.5,0.0,2.7,2.3,0.0,0.0,0.0,0.0,2.4,0.0,1.5999999999999999,0.0,5.0,0.0
69247e0e44e4cccaa87c236e,2.85,1.0,0.0,4.366666666666666,0.0,2.05,1.28,4.5,0.0,3.1,2.825,0.0,3.0,4.8,4.4,4.5,0.0,2.3,0.0,4.3,2.9,3.15,4.0,2.8,0.0,0.0,0.0,2.7,3.9,4.333333333333333,3.75,4.716666666666667,3.05,3.0,3.1,4.25,1.4333333333333333,3.0,3.45,0.0,3.45,0.0,4.6,0.0,0.0,0.0,0.0,0.0,4.6,1.6,3.3499999999999996,3.8,0.0,2.6,3.5,3.8,0.0,0.0,1.2,2.8,2.8,0.0,0.0,1.4,2.1,0.0,2.8,1.75,1.0,0.0,0.0
69247e0e44e4cccaa87c236f,2.733333333333333,2.5,0.0,3.7,4.4,1.5,1.6,5.0,0.0,0.0,0.0,3.075,3.4,4.05,4.225,5.0,0.0,2.3,4.1,3.7,3.3,0.0,0.0,3.7,2.0,2.0,1.0,0.0,3.8,4.833333333333333,3.6500000000000004,4.1,2.8,0.0,4.4,0.0,2.2,3.25,4.2,2.533333333333333,0.0,2.4,0.0,1.1,2.0,3.1,1.7333333333333334,1.0,3.7,1.2,2.6333333333333333,0.0,2.1,0.0,3.3,3.7,3.966666666666667,2.6,1.1,1.9,2.0,1.75,2.0,1.3666666666666665,0.0,0.0,4.1,1.7,0.0,3.9,0.0
69247e0e44e4cccaa87c2370,3.225,1.65,2.1,0.0,4.25,1.9666666666666666,1.0999999999999999,4.0,0.0,2.9,3.25,2.9,2.8,3.4000000000000004,0.0,4.8,0.0,3.0999999999999996,0.0,2.8,2.766666666666667,2.2,2.6,3.9000000000000004,2.3,0.0,1.35,2.05,4.3,3.9666666666666663,3.733333333333333,4.675,3.5,2.3,2.5,5.0,1.7333333333333332,4.05,4.1000000000000005,1.925,0.0,0.0,4.35,2.1,0.0,0.0,0.0,1.9,5.0,1.3,3.8,3.4,1.8,0.0,3.5999999999999996,3.6,3.9,0.0,1.7,2.6,0.0,0.0,2.0,1.8,1.0,1.5,3.4499999999999997,1.8666666666666665,0.0,3.4,0.0
69247e0e44e4cccaa87c2371,3.1333333333333333,2.0,2.7,3.9799999999999995,0.0,1.7666666666666666,1.3,4.1000000000000005,2.7,4.35,3.1666666666666665,3.85,4.4,4.1,3.0,5.0,0.0,0.0,3.85,0.0,0.0,0.0,3.233333333333333,4.5,2.2,0.0,0.0,0.0,0.0,4.5,3.0,4.8999999999999995,3.5,2.7,3.2,0.0,1.6,4.3,3.3,3.1,0.0,0.0,3.2,1.7333333333333334,0.0,3.25,1.5,1.7333333333333334,4.6,1.4,0.0,0.0,0.0,0.0,2.5,4.35,0.0,0.0,2.0,3.1,2.9,2.2,2.55,1.8,1.65,0.0,3.0,2.1500000000000004,1.0,4.15,3.4
69247e0e44e4cccaa87c2372,3.533333333333333,1.3,0.0,4.8,4.3,2.7,1.0,4.25,0.0,4.3,3.0,0.0,3.1,3.2,4.3999999999999995,4.725,0.0,2.2,4.5,0.0,0.0,0.0,4.2,0.0,1.5499999999999998,0.0,1.5333333333333332,2.8,4.2,5.0,3.0666666666666664,4.4,3.25,3.7,3.3666666666666667,4.9,1.0,3.8666666666666667,3.8,1.8,4.2,1.0,3.75,2.025,2.0,4.35,1.8,2.1,4.675,0.0,3.15,2.6,1.6,3.9,3.1,3.75,3.6,2.35,0.0,2.7,2.9333333333333336,2.3,2.0,0.0,1.9,0.0,0.0,2.7,0.0,4.800000000000001,0.0
69247e0e44e4cccaa87c2373,3.05,0.0,1.4,4.233333333333333,0.0,0.0,1.2,4.25,0.0,3.9666666666666663,3.0,3.5666666666666664,0.0,4.4,2.9,4.8,2.7,0.0,3.6,0.0,2.7800000000000002,0.0,0.0,0.0,1.8,0.0,0.0,0.0,4.1,4.35,3.1,4.9,3.9,3.0,3.7,4.3,2.1500000000000004,3.3,3.1,2.1,3.466666666666667,1.2000000000000002,4.0,1.0,0.0,4.35,0.0,1.25,4.1,1.6666666666666667,3.3,3.2,2.75,3.2,2.6,4.3,4.8,4.1,1.75,0.0,2.7,1.6,0.0,1.6,1.1333333333333333,0.0,3.4,2.2,2.1,3.8666666666666667,3.0
69247e0e44e4cccaa87c2374,2.675,2.1,0.0,4.5,4.0249999999999995,2.6,1.1666666666666667,0.0,0.0,3.2,3.1999999999999997,3.4,4.2,0.0,3.8000000000000003,3.8,0.0,2.7,5.0,3.3,3.0,0.0,2.8,3.733333333333333,1.425,0.0,1.6,3.3,4.133333333333333,0.0,2.5,4.525,4.4,4.0,3.5666666666666664,0.0,1.2,0.0,0.0,2.5999999999999996,4.1,1.8,0.0,0.0,0.0,0.0,1.0,1.0,0.0,1.6,2.1,3.3,2.6,3.5999999999999996,3.5,0.0,3.5,0.0,1.8,0.0,0.0,1.5,0.0,1.7,2.2,0.0,2.7,1.35,0.0,0.0,0.0
69247e0e44e4cccaa87c2375,3.466666666666667,2.3,2.0999999999999996,4.2,4.84,2.3,1.8,4.2,1.5,3.8000000000000003,2.9,0.0,3.35,3.5999999999999996,0.0,4.6,2.5,0.0,4.85,0.0,3.3,2.6,0.0,0.0,1.0,1.0,2.0,2.45,4.3,3.733333333333333,3.1,4.533333333333333,4.1,3.8,2.725,5.0,1.25,2.9,3.733333333333333,2.8,3.1,1.2,0.0,1.8666666666666665,3.0,0.0,1.6,1.6,3.9,1.52,3.4,3.9,0.0,0.0,3.5,4.6,0.0,0.0,1.65,3.1,0.0,1.7000000000000002,2.1,0.0,2.3,1.0,0.0,2.15,0.0,0.0,3.9
69247e0e44e4cccaa87c2376,3.12,1.85,2.766666666666667,4.050000000000001,4.6,3.0,1.2666666666666666,4.8,0.0,4.1,0.0,3.175,0.0,4.9,0.0,4.45,3.2,3.7,4.0,3.9,0.0,2.45,2.85,4.4,1.4666666666666668,1.45,0.0,0.0,4.6,0.0,3.4499999999999997,4.4,3.1500000000000004,2.9000000000000004,3.05,5.0,1.6666666666666667,0.0,4.0,1.8,0.0,1.0,4.8,0.0,2.4,0.0,1.1,0.0,4.4,1.0,2.6500000000000004,0.0,1.5,3.2,3.6,0.0,0.0,3.2,2.0,0.0,0.0,0.0,3.2,0.0,1.0,0.0,3.4,0.0,1.0,0.0,0.0
69247e0e44e4cccaa87c2377,2.716666666666667,1.7,1.8,3.9,4.779999999999999,2.4,1.5666666666666667,3.9000000000000004,1.1,4.033333333333333,0.0,0.0,3.675,3.9,3.825,4.5,3.1500000000000004,3.6,5.0,3.5999999999999996,2.7,3.05,0.0,3.9000000000000004,0.0,1.4,0.0,0.0,0.0,3.7,0.0,4.233333333333333,3.0,0.0,2.8,0.0,1.1,0.0,3.0,2.25,3.9,1.4,3.6,1.8,2.766666666666667,3.8000000000000003,2.3,1.1,4.9,1.0,0.0,3.4,2.9,3.0,3.9,3.6,3.4,0.0,0.0,0.0,2.6,1.4,0.0,0.0,2.0,2.1,2.6,0.0,1.7,3.95,4.0
69247e0e44e4cccaa87c2378,3.12,2.2,2.5,3.966666666666667,0.0,3.3,1.4666666666666668,4.333333333333333,1.75,3.5666666666666664,3.9,2.966666666666667,4.35,0.0,3.6666666666666665,0.0,3.3333333333333335,2.8,0.0,2.9,2.75,0.0,0.0,4.3,1.1,1.7,2.1,2.1,0.0,3.2,0.0,4.9,3.2,0.0,3.2,0.0,1.0,2.8,2.8,0.0,3.8600000000000003,1.15,0.0,1.9000000000000001,1.9,0.0,1.15,1.5,4.1000000000000005,2.2333333333333334,3.7,0.0,0.0,0.0,2.8,4.8,0.0,2.7,2.1,2.15,3.9,0.0,2.3,0.0,0.0,1.5499999999999998,4.0,2.25,0.0,4.6,3.1
69247e0e44e4cccaa87c2379,2.8,1.0,0.0,3.45,4.4,0.0,2.1,0.0,0.0,4.2,3.8499999999999996,4.0,4.1,4.0,3.35,4.6,0.0,0.0,4.15,0.0,0.0,0.0,2.5,4.7,1.0,0.0,0.0,0.0,4.25,0.0,4.1,4.85,4.1,3.4,3.5,0.0,0.0,0.0,4.0,1.9,0.0,1.7,3.9000000000000004,1.7000000000000002,1.8,3.7,1.0,0.0,5.0,0.0,3.5,0.0,1.85,0.0,3.25,0.0,4.7,0.0,0.0,0.0,0.0,1.3,2.2,2.1,1.5333333333333332,1.3,3.9,1.4,0.0,4.8,0.0
69247e0e44e4cccaa87c237a,3.05,1.0,1.5,3.4,0.0,2.6999999999999997,1.0,4.5,0.0,3.7,4.0,0.0,4.050000000000001,3.65,0.0,4.875,3.3499999999999996,3.75,0.0,3.9,2.8,2.2,2.7,2.7,0.0,1.5499999999999998,1.9,0.0,3.65,4.6,3.425,4.8,3.15,0.0,3.0,5.0,0.0,0.0,4.0,0.0,3.3,1.0,3.8,1.6,0.0,3.5,1.65,0.0,0.0,2.3,0.0,3.3,0.0,0.0,3.0,0.0,4.45,3.7,0.0,2.7,0.0,0.0,0.0,0.0,1.5,0.0,3.4,1.4,0.0,0.0,3.4
69247e0e44e4cccaa87c237b,2.433333333333333,2.0,2.4,3.8499999999999996,4.2,0.0,2.1,5.0,2.4,0.0,2.4,3.7,3.6,4.0,3.1,4.3,0.0,0.0,4.9,0.0,0.0,2.7,2.5,3.966666666666667,1.1,1.0,2.8,0.0,2.8,3.95,0.0,4.4,0.0,3.0,3.4333333333333336,0.0,1.0,0.0,0.0,2.1333333333333333,0.0,0.0,3.3,1.9333333333333336,2.2,0.0,1.0,1.9000000000000001,4.2,1.9333333333333333,3.8,3.3,2.3,4.05,0.0,5.0,4.5,3.2000000000000006,1.0,3.0,2.65,0.0,3.0,2.5,1.8,2.3,2.8,1.7,1.0,0.0,3.0
69247e0e44e4cccaa87c237c,2.733333333333333,1.7666666666666666,0.0,3.9,3.9,0.0,0.0,4.7,0.0,0.0,2.5,3.4333333333333336,3.0666666666666664,5.0,3.6999999999999997,4.800000000000001,0.0,3.7,4.0,3.6,2.9000000000000004,0.0,3.85,3.2,0.0,1.3,2.3,2.95,4.233333333333333,0.0,3.5,0.0,0.0,3.0,3.5,4.95,1.25,3.4,0.0,1.4,2.7,2.3,0.0,2.3499999999999996,0.0,0.0,1.0,0.0,0.0,1.5,2.9333333333333336,0.0,0.0,3.5,3.1,0.0,3.1,3.1,0.0,2.5,3.8,2.2,1.9000000000000001,0.0,0.0,0.0,3.7,1.8,2.0,4.2,3.2
69247e0e44e4cccaa87c237d,2.7,1.5999999999999999,0.0,4.15,4.5,1.9500000000000002,2.1,3.9,1.7249999999999999,3.5,0.0,3.7,3.4,4.2,4.15,5.0,0.0,0.0,0.0,0.0,0.0,0.0,3.9000000000000004,3.4000000000000004,1.1,1.0666666666666667,0.0,3.0,0.0,0.0,2.45,5.0,3.1,0.0,3.7,0.0,1.5499999999999998,3.75,3.4,0.0,4.4,1.3,4.8,0.0,1.9,4.6,2.3,0.0,5.0,0.0,3.45,3.95,2.7,3.7,3.8,0.0,0.0,0.0,1.1,2.5,2.9,1.5,0.0,0.0,0.0,0.0,0.0,2.2,0.0,3.5,2.1
69247e0e44e4cccaa87c237e,3.5,1.4333333333333333,2.7,4.45,4.7,0.0,1.075,4.46,0.0,3.5666666666666664,3.2,0.0,0.0,0.0,3.6,4.62,0.0,0.0,4.1,3.4499999999999997,2.7,2.5,2.7,3.3499999999999996,0.0,1.2,1.4,0.0,3.0999999999999996,4.5,3.2,4.0,4.3,0.0,2.8,4.6,1.3,2.6333333333333333,0.0,0.0,3.0999999999999996,1.0,3.9000000000000004,0.0,2.2,0.0,1.6,0.0,4.95,0.0,3.5,0.0,1.0,0.0,3.6,3.7,0.0,3.3,1.0,0.0,3.3,2.7,0.0,0.0,0.0,0.0,0.0,0.0,0.0,0.0,2.1
69247e0e44e4cccaa87c237f,2.775,2.3,1.3,3.45,4.75,2.5999999999999996,1.0,4.14,0.0,0.0,2.4,3.5,3.8333333333333335,3.2,3.8,4.3,4.1,0.0,4.2,4.3,0.0,0.0,3.5666666666666664,3.35,0.0,1.0,0.0,3.1,4.2,0.0,0.0,4.05,4.4,4.0,3.0,0.0,1.3,3.75,3.4,1.1,0.0,0.0,3.55,1.1,0.0,0.0,2.3,1.2000000000000002,4.0,0.0,3.5999999999999996,0.0,0.0,3.3,0.0,3.4,0.0,3.7,1.4666666666666668,2.3,3.5,1.1,0.0,0.0,1.8499999999999999,1.65,2.4,1.8,1.4,0.0,3.9
69247e0e44e4cccaa87c2380,3.8000000000000003,1.1,0.0,4.2,4.3,1.7000000000000002,1.325,4.533333333333333,1.4,4.3,0.0,3.5,3.3499999999999996,0.0,4.25,3.8,0.0,1.9,0.0,3.45,3.3499999999999996,2.8333333333333335,0.0,4.05,1.5750000000000002,1.0,2.0,2.5,3.95,4.4,0.0,0.0,0.0,0.0,0.0,4.55,1.0,3.4,0.0,2.1,2.7,1.75,4.8,1.0,0.0,4.8,0.0,0.0,0.0,1.7,2.8,0.0,0.0,0.0,2.95,4.4,4.266666666666667,2.6,1.1,2.1,0.0,0.0,0.0,1.7,1.2,1.5,3.4,1.8,0.0,0.0,0.0
69247e0e44e4cccaa87c2381,3.4,1.8,0.0,0.0,4.25,2.0,1.9,4.45,0.0,3.62,2.3,3.3666666666666667,0.0,4.0,3.85,4.8,3.0,0.0,4.1,4.0,2.75,3.6,3.8,0.0,0.0,1.275,1.0,2.9,0.0,0.0,3.45,4.75,0.0,3.0999999999999996,3.1,4.15,1.35,3.4,0.0,2.0,3.4,1.35,5.0,2.1,3.3,0.0,2.3,1.0,4.449999999999999,2.0,3.95,3.85,1.2,0.0,3.25,4.566666666666666,3.6,3.8,0.0,2.4,0.0,0.0,2.7,0.0,0.0,0.0,0.0,0.0,0.0,3.5,2.8
69247e0e44e4cccaa87c2382,2.35,1.75,2.2,3.9,3.9,0.0,1.9,4.466666666666667,2.6,3.4,3.9,0.0,0.0,4.5,3.6,0.0,4.199999999999999,2.7,4.5,3.4,0.0,2.3,3.6,3.3,1.2,0.0,0.0,0.0,4.233333333333333,0.0,3.25,4.45,4.0,3.5,3.0999999999999996,0.0,1.36,0.0,0.0,2.3,0.0,0.0,0.0,2.2333333333333334,2.325,0.0,1.0,0.0,3.8,0.0,2.25,3.3,2.45,2.8,4.3,3.7,0.0,3.0,0.0,0.0,0.0,0.0,2.9,1.7999999999999998,0.0,0.0,3.7,0.0,0.0,0.0,3.7
69247e0e44e4cccaa87c2383,3.4,1.35,3.0,3.8333333333333335,0.0,2.6500000000000004,1.0,4.3,1.15,0.0,3.4,3.6,3.8,3.7,3.5666666666666664,4.166666666666667,4.2,2.9333333333333336,0.0,0.0,3.8,2.9,3.5999999999999996,3.9,0.0,1.8,0.0,2.2,4.7,4.6,0.0,4.2,3.8,2.7,0.0,0.0,1.2,0.0,3.5,2.1999999999999997,3.1,0.0,4.3,1.5,0.0,3.2,0.0,1.1,4.466666666666667,0.0,0.0,3.3,0.0,2.6,0.0,4.5,3.7,2.8,0.0,0.0,3.35,0.0,3.3,1.2,1.9,1.6,0.0,0.0,1.0,5.0,0.0
69247e0e44e4cccaa87c2384,2.8,2.1,1.85,4.133333333333334,4.4,2.4,0.0,4.8,0.0,0.0,2.9,3.55,3.65,3.2,4.5,4.7,3.7,2.6333333333333333,4.25,0.0,2.1,2.7,0.0,3.8499999999999996,1.9,1.35,1.4000000000000001,2.0,0.0,4.25,0.0,4.9,3.1500000000000004,3.4,3.1,0.0,1.4166666666666667,0.0,0.0,1.9333333333333333,0.0,1.2,4.35,0.0,2.6,3.1,2.0,1.7750000000000001,5.0,2.0,2.966666666666667,0.0,0.0,3.9,0.0,4.35,0.0,0.0,1.85,2.4,3.2,0.0,0.0,2.6,1.1,0.0,0.0,2.3,1.9,0.0,0.0
69247e0e44e4cccaa87c2385,3.5,1.2000000000000002,2.45,0.0,4.666666666666667,1.5,1.45,4.05,2.4,0.0,3.3,0.0,4.0,4.2,0.0,4.1,4.2,2.4,4.0,4.1,2.6666666666666665,2.2,3.6,4.7,0.0,1.0,1.8,2.5,2.8,0.0,2.8000000000000003,4.625,0.0,2.5,0.0,4.7,2.0,3.9,3.5,0.0,3.4,1.95,4.5,0.0,2.9,0.0,0.0,0.0,4.4,0.0,2.4,0.0,1.0,3.8,0.0,0.0,0.0,2.6,0.0,3.5,0.0,0.0,2.15,0.0,0.0,1.8,4.2,0.0,1.0,4.9,0.0
69247e0e44e4cccaa87c2386,3.02,2.3333333333333335,2.25,3.3,5.0,3.0,1.2,4.7,1.9,0.0,3.3,3.8,0.0,0.0,2.9,4.4,3.0,0.0,0.0,0.0,2.1,3.1666666666666665,0.0,4.6,1.0,1.8,1.7399999999999998,0.0,2.9,4.6,2.9,0.0,0.0,3.55,2.6,5.0,1.7,0.0,0.0,2.15,3.7,1.4,3.6500000000000004,2.5,0.0,4.0,1.7,1.65,4.2,1.2,3.2,4.4,0.0,0.0,0.0,4.2,0.0,3.3,1.3,2.9,0.0,1.6,0.0,0.0,1.7,1.5,0.0,1.85,1.4,4.9,3.1
69247e0e44e4cccaa87c2387,3.22,2.3,1.2,4.3,4.825,1.9000000000000001,1.05,4.4,1.9500000000000002,0.0,4.0,3.5999999999999996,0.0,3.2,4.033333333333333,4.45,4.2,0.0,4.3,0.0,3.9,3.6,0.0,0.0,1.7333333333333332,0.0,0.0,3.0,3.9,3.85,3.6999999999999997,4.3,4.2,0.0,0.0,0.0,1.35,0.0,3.5999999999999996,1.8666666666666665,3.7999999999999994,1.2,3.8499999999999996,2.1666666666666665,0.0,3.9,0.0,1.5750000000000002,4.5,1.5,3.1,3.4,0.0,0.0,4.2,0.0,0.0,0.0,1.4,1.9,2.6,0.0,1.6,0.0,1.0,0.0,3.7,2.1,1.8,4.6,2.8
69247e0e44e4cccaa87c2388,3.733333333333333,1.4333333333333333,2.1,4.4,4.8,0.0,1.6,0.0,0.0,3.8499999999999996,2.65,3.15,4.3,3.8499999999999996,4.1,4.6000000000000005,4.1,0.0,4.5,3.8,0.0,0.0,0.0,3.7,0.0,1.0,1.875,0.0,4.5,4.333333333333333,3.3,5.0,3.55,0.0,3.1,4.6,2.3,0.0,4.3,2.066666666666667,3.3,1.0,0.0,1.4,1.9,0.0,1.6,1.4,4.3,1.7333333333333334,2.2,2.6,2.2,3.1,0.0,0.0,0.0,3.1500000000000004,0.0,2.4,3.7,2.7,0.0,1.85,1.0,0.0,3.6,1.9,1.5,0.0,2.45
69247e0e44e4cccaa87c2389,3.1500000000000004,1.8,2.6,4.4,4.466666666666666,2.9,1.275,3.9,1.7,3.45,2.5,2.8,3.6500000000000004,0.0,3.966666666666667,4.2,3.3000000000000003,0.0,4.050000000000001,4.3,0.0,2.4,0.0,4.4,0.0,1.0,0.0,3.5,3.266666666666667,0.0,2.3,4.866666666666666,3.9,0.0,4.05,4.3,1.4000000000000001,0.0,3.9666666666666663,2.466666666666667,4.25,1.6333333333333335,3.95,1.7,0.0,4.0,0.0,2.4,4.4,0.0,3.4,0.0,2.05,0.0,0.0,0.0,0.0,4.0,1.6,1.6,3.6,1.7,2.75,1.5,1.05,0.0,4.199999999999999,1.65,0.0,4.7,0.0
69247e0e44e4cccaa87c238a,3.3333333333333335,1.0,1.9,4.7,0.0,2.1,0.0,3.5,0.0,3.5,2.5999999999999996,2.6,4.35,0.0,4.2,4.9,2.8499999999999996,0.0,3.5,3.45,1.9,2.2,0.0,3.0,1.2,1.2,0.0,2.2,4.266666666666667,4.2,3.6333333333333333,4.4,0.0,2.966666666666667,3.1500000000000004,0.0,1.6,3.6,4.1,1.2,2.9,1.7333333333333332,4.0,2.6,0.0,0.0,0.0,1.4,4.9,1.0,3.3499999999999996,3.0,1.6,0.0,2.7,3.3,0.0,0.0,1.05,0.0,2.1,1.3333333333333333,0.0,2.6,2.2,0.0,3.05,0.0,1.0,4.2,0.0
69247e0e44e4cccaa87c238b,4.0,2.0,2.6,4.449999999999999,4.5,0.0,1.3,3.75,1.9249999999999998,0.0,3.3,4.2,0.0,3.6,4.0,4.6,3.4,2.2,3.4,0.0,2.8,2.55,3.4666666666666663,3.85,0.0,1.5,0.0,2.5999999999999996,3.3,4.3,3.6500000000000004,4.8,3.9,0.0,3.3,4.85,1.1800000000000002,2.8,3.8333333333333335,1.4,3.8,1.0,3.9499999999999997,1.5,2.2,0.0,1.8666666666666665,1.2,0.0,1.7,2.75,3.5,0.0,0.0,0.0,0.0,4.05,0.0,1.0,2.7,2.0,2.2,2.7,0.0,2.3,1.3,2.8,2.2,1.45,4.4,3.375
69247e0e44e4cccaa87c238c,2.6,1.7666666666666666,1.2,4.2,0.0,3.1500000000000004,0.0,4.533333333333334,1.725,2.8,2.8,3.25,3.5,4.9,3.6,4.0,3.5,0.0,4.233333333333333,0.0,0.0,3.5,3.6,3.75,1.5,0.0,1.6666666666666667,2.6,3.4,0.0,0.0,5.0,4.25,2.9,0.0,4.8,1.9500000000000002,3.2,0.0,1.6333333333333335,4.0,0.0,4.6,0.0,2.0,4.75,1.0,1.25,0.0,1.0,3.5,3.0,1.2,3.9,0.0,4.3,5.0,0.0,1.1,2.3,2.8,1.0,2.2,0.0,1.325,1.65,0.0,2.5,1.0,3.9,0.0
69247e0e44e4cccaa87c238d,3.425,1.7333333333333334,2.15,0.0,4.0,1.5,1.0,0.0,1.2,0.0,2.9,3.2999999999999994,3.45,0.0,4.15,5.0,0.0,3.2,4.033333333333333,3.75,2.4,3.5,0.0,4.2,1.55,1.45,0.0,0.0,4.233333333333333,0.0,3.6,4.5,0.0,3.3,3.8,4.3,1.5,4.1,3.9,2.0,3.2,1.2,3.8,2.4000000000000004,0.0,0.0,1.4,0.0,4.633333333333334,0.0,0.0,3.55,0.0,2.3,2.6,5.0,0.0,3.0,1.8,2.6,3.3,0.0,2.6,2.5,1.95,1.0,3.1,1.0,0.0,4.6,0.0
69247e0e44e4cccaa87c238e,3.5250000000000004,1.0333333333333334,1.8,3.5,4.1,0.0,0.0,5.0,2.3333333333333335,3.2,3.9,4.0,2.95,0.0,3.8000000000000003,4.8,4.2,3.55,4.6,0.0,2.3,3.05,0.0,0.0,1.4666666666666668,2.1,0.0,3.2,3.9000000000000004,4.8,2.9,0.0,0.0,0.0,0.0,5.0,1.0,2.6,0.0,1.95,3.9,1.0,3.2,0.0,1.85,3.1,0.0,0.0,0.0,1.85,0.0,2.6,1.1,0.0,0.0,4.5,0.0,2.5,0.0,2.5,3.3,0.0,0.0,2.8,1.65,0.0,2.8,1.55,1.8,5.0,0.0
69247e0e44e4cccaa87c238f,3.4,1.4333333333333333,2.5,3.7750000000000004,5.0,1.7,0.0,4.475,2.0,2.9,2.4,3.0,4.1,3.85,4.1,0.0,2.8499999999999996,0.0,3.7,0.0,2.9000000000000004,2.7,3.8000000000000003,3.7,1.25,1.0666666666666667,1.9000000000000001,2.8,4.1000000000000005,4.05,0.0,4.7,0.0,2.9,4.4,4.3,1.1,2.7,0.0,2.125,4.0,1.5,4.4,1.2,2.0,4.7,0.0,1.0,0.0,0.0,3.7,3.8,1.4,0.0,0.0,4.2,4.8,2.3,1.3,2.45,0.0,0.0,2.533333333333333,1.4333333333333333,2.0,1.0,3.7,2.15,0.0,4.4,2.3
69247e0e44e4cccaa87c2390,3.4,1.4500000000000002,3.0,4.2,5.0,2.8,1.15,4.4,0.0,4.0,0.0,4.1,3.0,4.3,3.6399999999999997,5.0,0.0,2.55,4.6000000000000005,2.7,3.6,3.1,0.0,4.6,1.3,0.0,0.0,0.0,3.78,5.0,3.9,4.675,4.1,0.0,0.0,0.0,1.55,3.95,3.65,2.1333333333333333,0.0,1.0,3.975,1.4333333333333333,2.4,4.3,1.4,1.6500000000000001,4.9,1.2,0.0,0.0,0.0,2.6,3.6,3.8,3.966666666666667,3.5,1.1,3.25,3.1,0.0,2.8,1.1,1.2,1.5,3.1999999999999997,1.0,1.1,4.6,2.9000000000000004
69247e0e44e4cccaa87c2391,2.975,1.1,2.0,4.7,0.0,0.0,1.3,4.1,2.7,3.6,2.8,2.8,3.0,0.0,3.5,0.0,3.8,2.9,4.8,0.0,2.533333333333333,0.0,3.6,3.6,1.0,0.0,1.6333333333333335,2.4,2.95,4.25,3.55,4.433333333333334,3.3,3.4,0.0,5.0,1.0,3.766666666666667,3.733333333333333,2.6666666666666665,0.0,1.6,4.7,0.0,3.3,0.0,1.5,1.4,4.8999999999999995,1.0,3.55,0.0,1.4,3.2999999999999994,3.2,3.3,3.9,0.0,1.2333333333333334,2.733333333333333,0.0,2.3,3.3,2.2,1.1,1.6,3.9,0.0,1.0,0.0,0.0
69247e0e44e4cccaa87c2392,2.9,1.8333333333333333,2.4,3.6333333333333333,5.0,0.0,1.2,4.075,2.7,4.0,2.9,3.6,3.55,0.0,0.0,4.0,3.0,0.0,5.0,3.15,0.0,2.7,2.85,0.0,0.0,1.25,0.0,2.9,3.55,3.9,2.95,4.6,0.0,3.3666666666666667,3.1500000000000004,0.0,1.4000000000000001,3.5,0.0,0.0,0.0,0.0,0.0,0.0,2.9,4.1,1.6,1.0,0.0,1.1,0.0,4.1,0.0,4.1,0.0,4.15,0.0,0.0,2.0,3.2,0.0,2.6,0.0,0.0,0.0,0.0,3.8,1.55,1.0,0.0,3.0
69247e0e44e4cccaa87c2393,2.9,2.2,2.3,4.1,4.75,2.5,1.225,4.5,1.9000000000000001,2.9,3.6,2.7,3.566666666666667,0.0,3.2,5.0,0.0,2.6,4.7,3.4,2.8,3.75,3.55,3.266666666666667,1.0,1.0,1.6,3.3,4.4,0.0,4.3,4.5,3.6,2.3333333333333335,0.0,4.8,1.6,3.8499999999999996,4.6,0.0,0.0,1.0,0.0,1.94,2.2,0.0,0.0,0.0,3.6,1.8,0.0,0.0,0.0,0.0,0.0,3.3499999999999996,0.0,3.0,1.8,2.3,3.45,0.0,1.4,0.0,0.0,0.0,3.4,1.9000000000000001,1.7000000000000002,3.7,3.0
69247e0e44e4cccaa87c2394,3.6666666666666665,1.75,1.6,4.05,5.0,3.1,0.0,4.366666666666666,0.0,3.233333333333333,2.2,2.8000000000000003,4.1,4.75,4.3,4.8,3.0,2.6,3.6,3.2,3.0,2.75,2.6,4.033333333333333,0.0,1.0,0.0,3.2,4.133333333333334,0.0,3.0999999999999996,4.3999999999999995,3.466666666666667,2.4,3.95,0.0,1.3,0.0,0.0,2.1666666666666665,3.2,1.0,4.85,2.1333333333333333,3.1,3.9,0.0,1.2,0.0,1.0,0.0,4.2,0.0,0.0,0.0,0.0,5.0,3.7,1.2,3.3,2.3,0.0,0.0,1.8,0.0,1.0,0.0,0.0,1.2,4.2,3.3
69247e0e44e4cccaa87c2395,3.0,1.1,0.0,3.6,0.0,2.7,0.0,0.0,0.0,4.5,2.9,2.6666666666666665,3.15,4.9,3.2,4.733333333333333,0.0,0.0,4.7,0.0,2.7,3.1,4.4,3.6,1.7,1.4333333333333333,1.5,2.35,4.3,4.5,3.6,4.6,3.3,0.0,2.6,4.533333333333334,2.1666666666666665,3.1,0.0,2.9,0.0,1.7,4.4,1.1,0.0,4.6,1.0,1.9,5.0,0.0,2.7,3.1,1.5,0.0,3.4,0.0,0.0,0.0,0.0,0.0,0.0,0.0,0.0,0.0,0.0,1.5333333333333332,3.9,0.0,0.0,3.65,0.0
69247e0e44e4cccaa87c2396,3.5,0.0,1.55,3.4749999999999996,4.95,0.0,0.0,4.7,2.3333333333333335,3.15,3.8,4.05,3.45,0.0,2.8,5.0,0.0,1.9,0.0,3.9,2.4,3.4,4.4,4.1,2.1,0.0,1.1,2.65,3.5,4.233333333333333,3.4,4.133333333333334,3.8,0.0,4.3,5.0,1.0,3.05,3.85,2.0,3.8,0.0,0.0,1.1,0.0,0.0,0.0,0.0,0.0,1.4333333333333336,2.6333333333333333,0.0,2.15,3.3,3.9,0.0,5.0,0.0,0.0,0.0,3.75,2.6,2.2,0.0,0.0,0.0,0.0,0.0,0.0,0.0,0.0
69247e0e44e4cccaa87c2397,3.15,0.0,1.7,3.8,4.433333333333334,2.05,1.45,4.8,2.3,4.3,3.5,3.3166666666666664,3.9,0.0,3.9,5.0,4.2,3.4,0.0,3.9,3.5999999999999996,3.9,3.4,4.5,1.675,2.1,0.0,1.9500000000000002,3.5,4.366666666666666,0.0,5.0,3.8,2.4,0.0,5.0,1.4500000000000002,3.2,0.0,0.0,4.3,0.0,5.0,1.3,2.2,3.2,1.0,1.2,4.0,0.0,2.8,2.8,0.0,3.8,0.0,0.0,4.1,3.3,0.0,2.5,3.7,1.0,1.4,2.033333333333333,1.55,2.3499999999999996,3.7,0.0,0.0,0.0,0.0
69247e0e44e4cccaa87c2398,3.466666666666667,1.7333333333333332,1.55,4.1000000000000005,4.733333333333333,2.4,1.4,0.0,2.033333333333333,3.6,2.3499999999999996,0.0,3.7249999999999996,3.966666666666667,2.9,3.9,3.4,3.5,3.7,0.0,3.4,3.2,3.466666666666667,3.6,1.5,1.45,1.55,2.966666666666667,3.9,3.6,3.0999999999999996,0.0,3.4,3.1,0.0,0.0,1.0,3.35,0.0,1.35,4.6,1.6,4.7,1.55,3.45,0.0,0.0,0.0,0.0,0.0,0.0,0.0,0.0,3.5,3.25,0.0,0.0,3.2,1.0,0.0,0.0,0.0,0.0,0.0,2.2,0.0,3.2,1.5999999999999999,0.0,3.7,3.2
69247e0e44e4cccaa87c2399,3.0,1.4,2.8,3.966666666666667,5.0,2.45,1.0,4.275,2.4,4.55,3.7,0.0,0.0,4.8999999999999995,3.0,5.0,2.7,2.9,3.6,3.225,3.65,0.0,0.0,3.766666666666667,1.0,1.075,1.5,2.1,4.199999999999999,4.0,3.2,4.074999999999999,3.4,2.7,0.0,0.0,1.0,4.4,3.35,1.5,3.3,1.0,4.4,1.725,1.9,0.0,1.9,0.0,5.0,0.0,3.0666666666666664,3.366666666666667,0.0,0.0,3.0,3.55,4.8,3.45,2.0,2.35,3.5,0.0,2.6,1.1,0.0,1.95,2.6,1.9500000000000002,2.4,0.0,0.0
69247e0e44e4cccaa87c239a,2.975,1.9500000000000002,1.6666666666666667,3.3,4.25,2.25,1.75,4.4,1.2,3.8,0.0,4.2,0.0,4.2,3.4,4.633333333333334,3.2,0.0,0.0,0.0,2.9,3.0666666666666664,3.9,3.425,2.0,0.0,0.0,0.0,0.0,4.8,2.3,4.6,3.5,3.8,3.3,4.0,1.1,2.8,0.0,2.25,0.0,1.7333333333333334,3.4,2.6,0.0,0.0,1.35,0.0,0.0,0.0,0.0,3.3,1.0,2.4,0.0,0.0,0.0,4.0,1.0,3.2,0.0,0.0,0.0,1.5,0.0,2.0,2.4,1.3,1.45,0.0,0.0
69247e0e44e4cccaa87c239b,3.25,1.6,1.7333333333333334,3.3000000000000003,4.45,3.0,1.8666666666666665,3.85,1.2,4.45,0.0,3.2,0.0,3.8,3.75,4.9,3.0,2.3,3.6,0.0,2.9,2.3333333333333335,3.2,3.9,2.4,2.0,1.8,1.5,4.3,0.0,3.2,4.0,0.0,2.3,0.0,0.0,1.1666666666666667,3.7,0.0,2.0,3.75,1.45,4.65,1.3666666666666665,2.5,3.75,1.85,1.05,5.0,0.0,0.0,3.9,0.0,2.5,3.1,4.3,3.4,2.7,1.6,1.9,2.95,2.4,2.7,1.5,0.0,0.0,4.3,0.0,1.6,3.6,2.2
69247e0e44e4cccaa87c239c,2.85,0.0,1.9,4.15,4.8,0.0,1.375,0.0,2.1500000000000004,3.8000000000000003,0.0,3.6,3.5333333333333337,4.9,2.9,0.0,3.35,3.5,0.0,0.0,3.8,2.766666666666667,3.1,0.0,1.5,1.0999999999999999,1.1,2.65,3.6,0.0,2.9,0.0,3.9,0.0,2.9,4.0,1.4333333333333333,0.0,3.35,1.6666666666666667,3.8000000000000003,1.7333333333333334,3.8,2.266666666666667,0.0,0.0,2.3,1.6,0.0,0.0,0.0,0.0,0.0,2.4,3.0,0.0,4.7,0.0,2.2,3.6,3.1,0.0,1.7,2.0,1.0,0.0,0.0,1.8333333333333333,0.0,3.2,2.766666666666667
69247e0e44e4cccaa87c239d,3.233333333333333,1.3,1.85,4.4,5.0,2.5666666666666664,1.0,4.95,0.0,4.1,0.0,3.2,3.0,3.95,3.725,4.4,3.9,2.85,0.0,0.0,2.8,3.1,3.5,4.0,0.0,0.0,1.3,2.3666666666666667,3.733333333333333,3.75,2.5,4.95,0.0,0.0,2.9333333333333336,0.0,1.9000000000000001,3.55,0.0,1.3666666666666665,4.6,1.6,0.0,0.0,3.0,0.0,1.9,0.0,4.7,0.0,3.3333333333333335,3.15,0.0,0.0,3.1,3.75,4.6,3.3333333333333335,1.8,2.8,0.0,1.0,3.2,2.2,0.0,1.55,0.0,0.0,1.3,4.6,0.0
69247e0e44e4cccaa87c239e,2.9285714285714284,1.4,1.9666666666666668,3.6,5.0,2.4,1.2999999999999998,4.3125,1.5499999999999998,3.2,0.0,3.3,4.4,3.5,2.9,4.95,2.6,3.2,4.7,0.0,0.0,2.775,0.0,0.0,1.35,1.0,2.5,2.3000000000000003,3.7,3.7,3.45,4.0,3.3,0.0,3.4,4.7,1.0,4.5,4.6,2.35,3.8,0.0,3.7,2.1,0.0,3.466666666666667,1.7,1.2,0.0,1.15,2.5,0.0,0.0,3.3,0.0,3.5,0.0,0.0,0.0,0.0,2.5,1.0,0.0,0.0,1.6333333333333335,1.2,0.0,0.0,1.5333333333333332,0.0,2.55
69247e0e44e4cccaa87c239f,3.0666666666666664,1.4,0.0,0.0,5.0,1.65,1.275,5.0,1.8999999999999997,3.8,3.4,3.6,3.8333333333333335,4.3999999999999995,0.0,4.466666666666666,3.8000000000000003,2.25,3.7,3.9666666666666663,3.325,3.325,3.45,3.5,0.0,1.0,2.3,2.8,0.0,3.9000000000000004,3.5,5.0,3.65,2.95,3.95,4.2,0.0,3.5,0.0,2.216666666666667,4.4,0.0,3.6,1.9,2.2,3.65,1.1,0.0,5.0,1.4,2.2,4.2,1.9000000000000001,0.0,3.15,0.0,3.8,2.2,1.0,1.9,0.0,0.0,1.6,1.0,1.0,0.0,4.2,1.0,0.0,3.3,0.0
69247e0e44e4cccaa87c23a0,2.2,1.5,2.4,4.3,4.8999999999999995,1.7,1.0,3.7,2.2,3.5,0.0,3.0,3.733333333333333,3.7,3.8333333333333335,4.8,0.0,3.5,0.0,3.05,3.7,3.3,3.6500000000000004,3.4,1.5,2.3,2.0,0.0,3.3,4.1,2.9,4.85,4.3,0.0,3.6,0.0,1.3666666666666665,0.0,3.05,1.85,0.0,1.4,4.4,2.1,0.0,3.2,2.3,0.0,4.1,1.5,2.5,2.7,1.55,2.85,3.1,3.3,3.1,0.0,1.3,1.85,2.3,0.0,2.0666666666666664,0.0,0.0,1.35,0.0,1.0,1.0,4.1,3.4
69247e0e44e4cccaa87c23a1,3.7,0.0,2.35,4.75,4.4,0.0,1.55,4.2,2.35,0.0,0.0,3.8,3.5,3.7,4.25,4.95,0.0,2.8,0.0,3.0,2.9,0.0,4.1,0.0,0.0,1.45,1.6,2.1,3.2,0.0,4.2,4.35,3.5,0.0,0.0,0.0,1.8,3.3,0.0,1.8333333333333333,3.1,1.0,3.2,0.0,2.1,0.0,2.3,1.7,4.55,0.0,3.0,3.85,0.0,2.5,0.0,3.8,3.3,2.55,1.0333333333333334,2.6,3.1,2.6,2.4,1.6,1.5,0.0,0.0,1.5,0.0,0.0,3.8
69247e0e44e4cccaa87c23a2,3.466666666666667,1.675,2.766666666666667,0.0,4.633333333333334,2.6,1.25,4.65,1.6,0.0,3.05,0.0,3.8499999999999996,0.0,3.6,4.4,3.0,0.0,4.8,3.6,3.3666666666666667,3.55,0.0,3.3666666666666667,1.0333333333333334,1.3,1.6,0.0,3.0,4.366666666666667,3.5,4.9,3.5,2.4,3.5666666666666664,5.0,1.3800000000000001,3.8666666666666667,3.5250000000000004,2.05,3.1,0.0,3.2,0.0,0.0,0.0,0.0,0.0,5.0,1.5,3.8,4.15,0.0,3.5,4.1000000000000005,4.35,0.0,3.6,1.0,0.0,3.0,1.65,3.1,1.6000000000000003,1.0,2.1,0.0,2.5,0.0,4.449999999999999,3.55
69247e0e44e4cccaa87c23a3,3.05,2.3,1.7,4.0200000000000005,4.45,2.4,1.1,4.1,3.0,3.8666666666666667,2.6,2.7,0.0,4.166666666666667,4.0,3.7,0.0,2.7,4.35,3.5666666666666664,3.75,3.2,3.7,0.0,1.5333333333333332,1.0,0.0,2.3,4.1,4.95,2.8,4.35,3.0,0.0,3.8000000000000003,3.7,0.0,4.4,3.725,2.15,3.0,0.0,3.7,1.9333333333333336,3.6,4.15,2.1,1.6500000000000001,4.75,0.0,3.9,0.0,0.0,2.3,0.0,4.25,0.0,0.0,1.2,2.65,2.4,2.3,0.0,2.4,0.0,1.2,3.3,1.0,0.0,4.1,2.0
69247e0e44e4cccaa87c23a4,2.9000000000000004,1.3,1.8,4.9,4.45,1.8,2.2,4.1,1.6333333333333335,4.7,0.0,3.4,0.0,3.9499999999999997,3.9000000000000004,4.775,0.0,3.65,4.7,3.0,2.7,3.5,3.8,3.85,1.5,1.85,0.0,2.625,0.0,5.0,3.0,3.8,3.4,3.05,4.3,4.85,0.0,4.0,3.2,2.0833333333333335,4.4,2.4,0.0,0.0,2.2,3.6,1.0,2.3,0.0,0.0,0.0,4.033333333333333,2.2,3.4,2.7,4.6,0.0,3.65,1.0,0.0,0.0,2.6,2.5,1.2,1.0,0.0,2.9,0.0,0.0,0.0,0.0
69247e0e44e4cccaa87c23a5,2.3,1.3333333333333333,2.1666666666666665,0.0,5.0,2.2,0.0,4.9,1.4,2.8,2.95,3.6,3.25,4.5,4.6,4.533333333333333,3.3,0.0,4.1,3.5,2.4,3.5,2.7,3.5999999999999996,0.0,0.0,2.2,2.85,4.1,4.3,3.0,4.6,0.0,2.566666666666667,4.0,4.4,0.0,2.6,4.7,1.95,4.3,1.45,3.4,1.9,2.2,0.0,0.0,2.1,4.8,1.65,3.0,3.85,0.0,0.0,2.7,0.0,0.0,0.0,0.0,0.0,0.0,0.0,1.5,1.2,0.0,1.55,3.1500000000000004,0.0,1.85,0.0,0.0
69247e0e44e4cccaa87c23a6,3.175,2.4,1.2,4.433333333333334,0.0,3.1500000000000004,1.9,3.5,0.0,0.0,3.45,3.266666666666667,0.0,3.2,3.4,4.7,2.8,3.125,4.2,4.0,0.0,2.5,2.9,4.2,0.0,2.1,1.0,2.0,3.4,0.0,3.55,4.1,3.8,2.5,2.8,4.225,1.45,3.425,4.2,0.0,3.125,1.175,3.7,1.6333333333333335,3.6,4.7,1.3,1.7000000000000002,0.0,1.0,2.8,3.6333333333333333,0.0,0.0,0.0,5.0,3.2,3.9,1.05,1.8,3.9,0.0,1.75,0.0,1.1,1.5,0.0,0.0,0.0,4.279999999999999,3.9
69247e0e44e4cccaa87c23a7,3.525,2.4,2.1,3.4,0.0,1.3,1.2666666666666666,4.7,0.0,0.0,3.0,3.9,0.0,3.65,0.0,0.0,0.0,0.0,3.5,3.7,2.5,0.0,4.3,3.1,1.0666666666666667,1.4,0.0,2.0,4.7,4.8,3.95,4.2,0.0,3.9,0.0,4.5,1.5,2.6,4.8,2.7,4.2,0.0,0.0,1.5,2.7,0.0,1.5,1.2,4.1,0.0,3.5999999999999996,3.8499999999999996,1.0,4.0,0.0,4.65,4.9,0.0,1.55,0.0,0.0,1.5666666666666667,2.1,0.0,0.0,0.0,0.0,1.1,1.7,0.0,0.0
69247e0e44e4cccaa87c23a8,3.4200000000000004,1.75,0.0,3.5,4.0,1.4500000000000002,1.6600000000000001,4.257142857142857,1.1,0.0,0.0,3.55,0.0,0.0,4.5,4.25,2.7,2.3,4.4,3.4,0.0,3.8,2.5,4.1,0.0,1.45,1.5,2.5666666666666664,2.8,0.0,0.0,4.9,0.0,0.0,3.55,5.0,1.3333333333333333,3.4,3.9,1.5,3.1,1.2,0.0,1.0,2.433333333333333,4.15,0.0,1.1,0.0,0.0,2.5,0.0,0.0,3.5,4.3,4.55,4.0,3.9,1.45,3.1,0.0,2.1,1.8,0.0,0.0,0.0,0.0,0.0,1.0,3.7,0.0
69247e0e44e4cccaa87c23a9,2.8,1.8,1.5,4.2,4.7,2.5,1.0,0.0,1.5,3.5,4.1,0.0,3.3,3.4,3.7,5.0,0.0,2.3,0.0,4.3,0.0,3.4,3.7,4.3,1.7,2.1,0.0,2.6500000000000004,0.0,0.0,4.3,4.7,3.2,2.75,0.0,0.0,1.5999999999999999,2.9000000000000004,3.75,2.15,2.8,2.4,3.45,1.6,2.75,0.0,1.8,0.0,3.7,1.1333333333333333,0.0,4.1,0.0,2.4,0.0,4.1,4.2,0.0,0.0,2.9,2.6,2.0,0.0,1.2,1.1333333333333335,2.4,2.5,1.4,1.0,0.0,0.0
69247e0e44e4cccaa87c23aa,2.766666666666667,2.45,2.8,0.0,4.3,2.9,2.2,4.5,2.0,3.5999999999999996,0.0,3.7,3.8333333333333335,0.0,0.0,4.55,0.0,3.2,0.0,2.7,3.7,3.0,2.7,3.65,1.4,1.1666666666666667,0.0,2.0,3.6,4.8,3.35,0.0,0.0,3.2,4.050000000000001,0.0,1.875,3.5,3.4,2.1,4.7,2.0,0.0,0.0,2.1,0.0,2.3,0.0,0.0,2.3,0.0,0.0,2.5,3.05,0.0,4.2,3.35,3.9,0.0,1.8,0.0,2.5,0.0,1.2,1.7,0.0,3.1,1.9,0.0,4.6,0.0
69247e0e44e4cccaa87c23ab,2.9,1.5333333333333332,2.7,3.9,4.8,0.0,1.4,4.15,0.0,0.0,3.3,3.4333333333333336,4.1,3.8,4.2,5.0,3.6,0.0,3.5,3.9,0.0,2.5,3.1,3.5999999999999996,0.0,1.6500000000000001,0.0,0.0,3.9,3.5,3.9000000000000004,3.8,3.9333333333333336,2.95,0.0,0.0,2.05,0.0,0.0,1.4,0.0,1.75,4.0,2.1666666666666665,2.0,0.0,1.0,1.5,0.0,1.65,3.3,0.0,0.0,0.0,0.0,3.65,4.6,3.4,0.0,2.45,2.2,0.0,2.7,0.0,0.0,0.0,3.3,1.0,1.0,0.0,2.8499999999999996
69247e0e44e4cccaa87c23ac,2.8000000000000003,2.0,2.2,4.3,4.5,0.0,1.0,4.85,2.1,2.7,3.2,3.3333333333333335,3.1,4.050000000000001,4.2,4.3,3.45,0.0,0.0,3.25,3.05,2.8,3.1999999999999997,3.0,2.0,1.0,0.0,2.25,3.2,0.0,3.3499999999999996,3.9,3.8,3.1500000000000004,0.0,4.9,1.5,0.0,4.4,2.8,0.0,1.4,3.8,1.3333333333333333,2.3666666666666667,0.0,1.5,1.7,0.0,0.0,3.5,3.65,2.35,0.0,2.9000000000000004,0.0,3.9,3.25,0.0,2.8000000000000003,0.0,0.0,1.5,0.0,1.0,1.95,2.9,1.6,0.0,0.0,3.3
69247e0e44e4cccaa87c23ad,3.4,1.9,2.2,4.133333333333334,5.0,2.7199999999999998,0.0,4.2,2.4000000000000004,3.4,3.05,3.1333333333333333,3.2,0.0,3.8666666666666667,4.4,0.0,0.0,4.2,2.5,2.9000000000000004,3.5,3.3333333333333335,3.5,1.9,2.1,1.725,1.7,3.6,4.2,0.0,4.199999999999999,3.3,2.7,0.0,4.666666666666667,1.425,3.4,3.966666666666667,1.4,4.4,0.0,4.333333333333333,1.16,0.0,3.9,2.0,0.0,4.0,2.4,0.0,3.5,0.0,3.075,0.0,4.7,0.0,0.0,1.1,0.0,0.0,1.6,1.6,0.0,0.0,1.55,3.4,2.35,0.0,4.15,0.0
69247e0e44e4cccaa87c23ae,3.483333333333333,2.1,2.1999999999999997,3.9799999999999995,4.666666666666667,2.75,1.3,4.3,1.4,4.6,3.8,3.85,3.55,0.0,3.05,4.283333333333333,4.0,2.95,4.5,4.3,3.35,2.1,3.8,4.15,0.0,0.0,0.0,0.0,0.0,0.0,0.0,4.4,3.1500000000000004,3.15,3.3,4.8,1.1,0.0,0.0,1.2,3.5,0.0,4.15,1.85,0.0,2.9,1.3,1.6,0.0,1.9333333333333333,3.2,4.3,0.0,0.0,0.0,0.0,4.0,4.1,1.0,0.0,2.5,0.0,2.5,0.0,0.0,1.0,2.7,1.5,0.0,0.0,3.6
69247e0e44e4cccaa87c23af,2.875,1.957142857142857,2.066666666666667,4.1,4.9,2.2,2.1,4.8,1.2,3.35,3.3,4.3,3.8499999999999996,3.866666666666667,3.94,4.5,3.0999999999999996,0.0,4.0,3.375,0.0,2.7,3.3499999999999996,3.2,0.0,0.0,1.3666666666666665,3.05,3.2,4.266666666666667,2.85,5.0,3.6,0.0,3.05,5.0,2.1,0.0,0.0,1.1,2.8,2.5,0.0,1.6,2.8,0.0,1.1,1.7,4.5,0.0,3.9,0.0,0.0,0.0,0.0,0.0,4.3,3.8,2.0,0.0,0.0,0.0,0.0,0.0,1.7,1.3,3.3,1.6,1.0,3.9,2.5
69247e0e44e4cccaa87c23b0,2.566666666666667,1.4,2.3499999999999996,4.4,4.6000000000000005,1.5,1.0,3.45,2.3,2.7,2.6,3.0,4.0,3.6,4.15,4.0,0.0,0.0,0.0,3.5,3.2,0.0,0.0,4.0,1.2,1.0,2.3333333333333335,1.85,3.45,3.7,3.3499999999999996,3.7,0.0,2.7,0.0,0.0,1.8,3.2,0.0,2.55,4.4,1.2,3.1,0.0,2.2,4.4,2.0,1.0,0.0,0.0,3.4,3.533333333333333,1.2,3.7,3.6,0.0,0.0,2.9000000000000004,0.0,2.0,0.0,0.0,2.1,0.0,1.1,1.4,0.0,1.3,1.625,4.0,0.0
69247e0e44e4cccaa87c23b1,3.55,0.0,0.0,4.1000000000000005,0.0,1.75,1.0,4.25,1.3,0.0,0.0,4.05,2.8,4.0,3.9,5.0,0.0,2.1,0.0,3.5,2.9,0.0,3.8,3.5,1.0,0.0,2.4000000000000004,2.6,0.0,3.9333333333333336,3.2,5.0,0.0,2.65,3.233333333333333,4.1,1.0,3.75,3.75,1.7,3.65,1.65,3.5,0.0,0.0,0.0,2.1,1.9,3.7,1.7,3.8,3.95,0.0,3.4,2.5,4.199999999999999,3.6,3.8499999999999996,2.05,0.0,3.1333333333333333,1.8333333333333333,3.0,1.4,2.0,2.2,3.3,1.45,1.2,0.0,0.0
69247e0e44e4cccaa87c23b2,2.7,1.9,2.3,4.366666666666666,3.95,0.0,0.0,4.25,0.0,0.0,3.15,3.8,0.0,4.0,3.75,4.4,0.0,2.9333333333333336,5.0,0.0,0.0,2.65,0.0,2.8,1.6,1.4,0.0,2.8,2.9,4.0,3.7,4.866666666666666,3.7,2.5,0.0,4.7,1.5999999999999999,3.55,4.0,2.55,3.8333333333333335,1.6,4.6,2.2,3.2,4.199999999999999,1.6,1.0,3.8666666666666667,2.0,3.9,3.1,1.8,3.55,3.2,4.3,0.0,3.6,1.3,2.4333333333333336,2.966666666666667,2.2,2.6999999999999997,0.0,0.0,1.4333333333333333,4.0,0.0,1.05,0.0,0.0
69247e0e44e4cccaa87c23b3,2.8,2.6,1.5,3.75,4.4,0.0,1.1,0.0,1.8,3.45,3.5,0.0,3.1,4.2,3.0,4.9,2.8499999999999996,0.0,4.3999999999999995,3.2,3.45,2.5,2.9,3.0,1.0,1.2,1.8333333333333333,2.925,0.0,3.75,3.6,4.550000000000001,0.0,3.5,3.4,0.0,0.0,3.1,3.8,1.95,4.300000000000001,1.5999999999999999,5.0,2.4,3.5,3.7,0.0,1.9666666666666668,4.1,0.0,2.5999999999999996,2.8,2.6,3.6,0.0,4.433333333333334,0.0,0.0,0.0,2.3,3.3000000000000003,2.0,3.2,1.5,0.0,1.7,2.7,1.0,0.0,4.4,2.5
69247e0e44e4cccaa87c23b4,2.5,1.6,0.0,4.95,5.0,2.725,2.1,4.15,2.7,3.3,2.9,3.3,3.4,4.166666666666667,3.35,0.0,3.4,1.9,0.0,3.5,2.3499999999999996,0.0,4.2,0.0,1.6,1.7,1.3,2.6,2.8,5.0,3.5,4.4,3.7,0.0,3.05,0.0,2.0,3.3,3.8,2.45,3.3499999999999996,0.0,4.7,2.3,2.4,4.2,1.6,1.5,4.0,1.0,4.0,3.0,0.0,3.5,0.0,0.0,3.8000000000000003,3.4,0.0,0.0,3.0999999999999996,0.0,0.0,0.0,1.3,1.0,0.0,1.0,1.8,0.0,3.5
69247e0e44e4cccaa87c23b5,3.4333333333333336,1.9,1.5666666666666664,4.2,4.8,0.0,1.2,4.1,0.0,4.7,0.0,3.2,4.4,3.533333333333333,3.5,4.9,3.6999999999999997,2.9,4.3,3.05,3.6,2.4,0.0,4.5,0.0,0.0,2.0,0.0,4.025,4.5,3.3,3.9,3.6,0.0,4.2,4.0,1.3666666666666665,3.3,4.1,1.5,3.9,2.05,4.3,0.0,0.0,3.9,2.0,0.0,0.0,1.4,0.0,2.9000000000000004,0.0,3.75,3.0,4.225,0.0,2.3,0.0,3.2,2.6500000000000004,2.4,0.0,2.4,1.45,0.0,0.0,2.25,1.1,4.800000000000001,3.2
69247e0e44e4cccaa87c23b6,3.9,2.033333333333333,2.7,4.5,4.3,0.0,0.0,3.6,0.0,2.9,0.0,3.2,3.9,4.366666666666666,3.3,0.0,0.0,0.0,3.7,2.5,3.2,0.0,3.8,2.8,1.0,1.5,2.1,2.15,3.0,3.4,3.6500000000000004,5.0,3.2,0.0,0.0,4.8,1.0,0.0,0.0,2.15,4.0,1.95,0.0,1.9,2.5,0.0,0.0,1.8,0.0,1.9,2.4,4.0,0.0,0.0,0.0,0.0,4.4,0.0,1.3,2.25,3.9,1.0,0.0,1.9500000000000002,2.3,2.25,3.9,1.0,1.65,3.5,2.4
69247e0e44e4cccaa87c23b7,3.1500000000000004,2.4,1.6,0.0,5.0,2.2,1.45,4.4,1.5,4.3,2.2,2.7,3.9,0.0,0.0,0.0,3.3,3.1,3.8,3.4666666666666663,2.0,3.25,3.05,3.45,0.0,0.0,2.1,2.6,0.0,0.0,0.0,4.533333333333334,3.4,3.25,0.0,0.0,1.0,4.1,3.3,2.7,4.1,1.15,4.6,0.0,1.8,3.8,0.0,0.0,0.0,1.45,3.55,0.0,0.0,0.0,2.9,4.0,0.0,2.8,0.0,0.0,0.0,1.05,0.0,0.0,0.0,0.0,0.0,0.0,0.0,0.0,3.0
69247e0e44e4cccaa87c23b8,3.65,1.05,2.7,4.8,5.0,2.4333333333333336,1.7,4.0,1.5499999999999998,4.050000000000001,2.8,3.0,0.0,4.466666666666667,3.6666666666666665,4.375,2.5,2.75,3.9000000000000004,0.0,2.6666666666666665,2.9,4.1,4.025,1.0,1.0333333333333334,0.0,2.5,3.7,4.5,0.0,4.5,3.3,0.0,3.6,4.1,1.0666666666666667,3.0666666666666664,3.8,2.05,3.35,1.4,0.0,2.1,2.3,3.95,0.0,2.4,0.0,0.0,3.1,4.05,2.5,0.0,4.3,3.4,4.0,3.2,1.0,2.1,2.7,1.3,0.0,2.3,1.7,1.0,0.0,2.6,2.3,0.0,0.0
69247e0e44e4cccaa87c23b9,2.8666666666666667,1.8,1.8666666666666665,3.6666666666666665,4.449999999999999,0.0,1.7399999999999998,3.95,0.0,3.3,0.0,2.7,0.0,4.7,3.275,4.1,3.1999999999999997,0.0,4.3,2.5,0.0,0.0,0.0,0.0,1.3666666666666665,1.5,1.675,3.1,0.0,4.525,3.5,4.8,0.0,2.5,4.2,4.8,1.4333333333333333,3.4,0.0,2.5,0.0,1.2,0.0,2.4,1.9,3.1,1.55,1.0,4.7,1.6,3.55,2.7,0.0,3.6,0.0,5.0,0.0,2.75,0.0,0.0,3.75,0.0,2.8,2.6,0.0,0.0,0.0,1.0,1.7,5.0,0.0
69247e0e44e4cccaa87c23ba,3.2,1.2666666666666666,0.0,4.3,4.3,2.5,1.0,4.45,0.0,4.2,0.0,3.6,3.9666666666666663,0.0,4.4,4.45,0.0,3.1999999999999997,0.0,0.0,0.0,2.9,3.7,3.6500000000000004,1.6,0.0,1.7,2.2,3.6,0.0,3.1,0.0,4.4,3.575,3.6333333333333333,5.0,2.0,0.0,4.1,2.6,4.2,1.6749999999999998,3.733333333333333,2.0,0.0,0.0,0.0,0.0,4.133333333333334,1.2,0.0,4.3,2.3,3.8,4.15,4.8,3.2,3.75,1.0,1.8,0.0,0.0,2.2,2.3,0.0,0.0,0.0,0.0,1.5,0.0,0.0
69247e0e44e4cccaa87c23bb,2.675,2.0,1.3,0.0,4.45,2.6666666666666665,0.0,4.9,0.0,3.55,0.0,2.8,0.0,4.475,4.4,4.7,3.1666666666666665,2.8000000000000003,4.279999999999999,0.0,2.2,3.6,4.35,3.2,0.0,1.9500000000000002,0.0,2.033333333333333,4.2,4.5,2.3,4.85,3.35,3.0,3.4333333333333336,4.199999999999999,1.65,0.0,0.0,1.7,0.0,1.8,4.5,1.5,0.0,0.0,0.0,2.5,4.2,1.9,0.0,3.1,1.6,0.0,3.6,0.0,0.0,0.0,2.0,0.0,0.0,0.0,2.6,1.6,0.0,1.3666666666666665,2.5,2.7,0.0,0.0,2.7
69247e0e44e4cccaa87c23bc,3.22,1.2833333333333334,2.25,4.1,5.0,2.2,2.1500000000000004,3.8,1.7,4.6,3.1,3.9,3.7,4.3,3.9333333333333336,0.0,0.0,3.25,3.8499999999999996,3.1,0.0,3.3,3.65,2.9,1.65,2.0,1.0999999999999999,2.75,2.9,3.3,2.7,3.8,3.0,3.1333333333333333,3.15,5.0,1.0,3.775,3.6,1.85,3.2,0.0,0.0,1.55,0.0,4.05,0.0,0.0,5.0,0.0,2.85,0.0,0.0,0.0,0.0,0.0,3.4,4.0,1.8,0.0,3.45,0.0,0.0,2.25,1.8,2.3,2.7,0.0,1.8,0.0,3.8499999999999996
69247e0e44e4cccaa87c23bd,3.0,2.4,0.0,4.6,4.3,2.725,1.2,5.0,0.0,3.05,3.25,3.1,0.0,4.6,4.0,4.7,0.0,0.0,4.2,3.025,3.1,2.8,3.6,0.0,0.0,0.0,1.5,3.3,3.4,4.35,0.0,5.0,4.3,0.0,0.0,0.0,1.0,0.0,0.0,1.7,3.5,1.5499999999999998,0.0,1.35,0.0,3.1,2.4,0.0,4.7,0.0,2.5,4.199999999999999,1.9666666666666668,3.9,2.7,0.0,4.2,2.9,0.0,0.0,0.0,1.8333333333333333,2.7,0.0,1.0666666666666667,1.0,3.1500000000000004,2.15,0.0,4.2,0.0
69247e0e44e4cccaa87c23be,3.3666666666666667,1.0,2.1999999999999997,4.75,4.6,2.7,1.275,4.666666666666667,0.0,4.033333333333333,0.0,2.8,4.5,3.4,0.0,4.675,3.8,0.0,4.4,0.0,3.05,3.5666666666666664,0.0,4.15,1.0,0.0,1.55,0.0,3.15,4.3,2.95,5.0,4.15,2.2,3.25,5.0,1.15,0.0,3.8,1.6,4.3,1.7000000000000002,3.2,1.0,2.6999999999999997,3.3,1.0,0.0,4.3,1.0,3.0,0.0,0.0,0.0,3.9,0.0,3.0,0.0,1.0,0.0,3.0,1.55,0.0,1.2,1.0,2.4,3.6,1.9000000000000001,0.0,3.5,0.0
69247e0e44e4cccaa87c23bf,3.4,1.7,0.0,4.066666666666667,4.75,2.1,1.6,0.0,2.2,3.7,0.0,3.35,4.266666666666667,4.18,0.0,4.55,2.8,3.2,0.0,0.0,2.4,3.8,3.1,0.0,2.2,0.0,0.0,1.9,0.0,0.0,3.9,0.0,0.0,0.0,3.7,4.55,1.4,0.0,4.2,3.0,4.5,0.0,4.6,1.875,0.0,3.3,1.0,1.475,5.0,1.6,3.266666666666667,3.9,2.9,0.0,3.233333333333333,0.0,4.0,4.1,1.0,3.4,0.0,0.0,0.0,2.25,0.0,1.2,4.1,1.4,1.3,3.7,0.0
69247e0e44e4cccaa87c23c0,3.5499999999999994,1.9500000000000002,2.1399999999999997,3.9333333333333336,0.0,2.2,1.8,4.65,1.1,0.0,2.2,0.0,3.0,0.0,4.0,4.5200000000000005,3.6666666666666665,2.3,3.5,4.233333333333333,0.0,2.8,0.0,0.0,0.0,1.0,1.75,2.566666666666667,4.05,0.0,0.0,4.6,4.4,3.3,3.1666666666666665,4.6,0.0,0.0,2.8,2.3,2.8,0.0,3.95,1.45,0.0,0.0,1.0,1.0,0.0,0.0,0.0,0.0,0.0,3.0,4.0,3.4,4.15,3.45,1.425,0.0,3.75,2.25,0.0,0.0,1.8,0.0,0.0,0.0,0.0,3.8,0.0
69247e0e44e4cccaa87c23c1,3.1,2.0,2.0,3.733333333333333,4.5,2.2333333333333334,1.6,4.7,1.866666666666667,3.3,3.8,0.0,4.5,4.0,0.0,5.0,0.0,2.8499999999999996,0.0,3.45,0.0,2.3499999999999996,2.95,4.3,2.2,1.75,2.8,3.3,0.0,4.466666666666666,0.0,3.8499999999999996,0.0,3.2,0.0,0.0,1.55,3.7,3.766666666666667,1.7,3.4,1.5,0.0,0.0,0.0,3.4,1.7,1.6,0.0,1.7,3.9,0.0,2.4,0.0,0.0,4.4,4.7,2.3,1.3,0.0,0.0,0.0,2.266666666666667,2.6,1.3,1.0,0.0,1.0,0.0,4.8,0.0
69247e0e44e4cccaa87c23c2,2.9,1.9500000000000002,1.35,3.9,0.0,2.9,0.0,4.466666666666667,0.0,3.9,2.75,3.9,0.0,3.966666666666667,3.2,0.0,0.0,3.6,4.6,0.0,0.0,3.7,4.0,3.7399999999999998,0.0,0.0,0.0,2.0,4.3,0.0,3.3,4.266666666666667,0.0,3.3,2.85,4.7,1.75,4.3,4.3,2.3333333333333335,4.300000000000001,1.05,0.0,2.0999999999999996,0.0,0.0,2.0,2.4,0.0,0.0,4.0,4.050000000000001,0.0,2.6,2.7,0.0,0.0,0.0,0.0,0.0,2.3,0.0,2.2,1.0,1.25,1.6,3.766666666666667,2.0,1.25,0.0,0.0
69247e0e44e4cccaa87c23c3,3.4,2.2,2.1666666666666665,3.6666666666666665,4.300000000000001,3.3,1.1,5.0,1.9,0.0,0.0,3.2,3.9000000000000004,4.766666666666667,0.0,4.8999999999999995,0.0,0.0,0.0,0.0,0.0,0.0,3.475,0.0,1.7,0.0,1.875,0.0,3.1,0.0,2.9,4.2,4.05,3.1,0.0,4.8,1.5333333333333332,3.033333333333333,3.75,2.7,3.3,1.98,4.4,1.5,3.1999999999999997,0.0,0.0,1.4666666666666668,0.0,2.1,2.2,3.6,0.0,2.6,0.0,3.6,0.0,3.45,1.7,3.1,3.5,0.0,2.75,2.0,1.2,0.0,3.1666666666666665,0.0,0.0,0.0,0.0
69247e0e44e4cccaa87c23c4,2.45,1.2666666666666666,2.1,4.6,0.0,0.0,2.05,3.7,0.0,3.5,2.8,0.0,0.0,3.2,0.0,4.1,3.8,0.0,0.0,0.0,3.125,2.1999999999999997,3.1,3.0,1.35,1.35,1.0,2.4,0.0,3.4,4.1,0.0,0.0,0.0,0.0,4.25,1.4,3.4,0.0,0.0,4.449999999999999,1.75,3.9,0.0,2.4,3.4,1.1,1.4,4.05,1.8,0.0,4.1,1.95,3.2,3.9000000000000004,3.5,3.8333333333333335,3.15,2.1,1.9,0.0,1.4,2.9,1.5,1.7,1.3,2.6,0.0,1.7,0.0,2.8
69247e0e44e4cccaa87c23c5,2.95,1.7,1.3,4.1,4.2,1.8,1.0,4.466666666666666,1.3,3.9333333333333336,2.85,2.9,4.1,4.15,0.0,4.933333333333334,0.0,0.0,3.9,0.0,3.55,4.0,2.7,0.0,0.0,1.0,1.7666666666666666,2.0,4.1,3.9,3.6,4.8,3.2750000000000004,3.1,0.0,5.0,1.3714285714285714,3.3,3.0999999999999996,0.0,3.9,0.0,4.45,0.0,2.6500000000000004,3.5,0.0,0.0,4.5,1.45,0.0,3.55,0.0,3.1,3.5,3.6,3.7,4.0,0.0,0.0,0.0,1.75,0.0,0.0,0.0,0.0,0.0,1.7999999999999998,2.0,0.0,0.0
69247e0e44e4cccaa87c23c6,3.2399999999999998,1.4,1.3,4.2,4.666666666666667,2.1,1.0,4.1,0.0,3.0,3.5,2.6,3.45,4.0,0.0,4.766666666666667,0.0,3.0,0.0,2.8,2.3,2.825,3.7,0.0,1.15,1.0,0.0,3.4,3.8000000000000003,4.15,0.0,0.0,4.5,3.55,0.0,0.0,1.7,3.7,3.0,2.7,3.55,1.0,4.7,1.8,0.0,3.5,0.0,1.75,0.0,0.0,3.4,3.05,1.9,0.0,0.0,0.0,4.066666666666666,2.4,0.0,0.0,3.45,0.0,2.2,1.5499999999999998,0.0,1.7333333333333334,3.7,0.0,0.0,4.4,3.8
69247e0e44e4cccaa87c23c7,3.18,1.7999999999999998,2.3666666666666667,3.3,4.9,1.8,1.5333333333333332,4.15,0.0,3.8000000000000003,3.15,0.0,0.0,4.4,3.6,3.95,3.0,3.5,4.6,3.6,2.8666666666666667,0.0,3.9,0.0,0.0,1.3,2.0,0.0,0.0,3.8333333333333335,2.766666666666667,4.525,0.0,0.0,3.8,0.0,1.3,2.9,4.0,1.9000000000000001,3.05,1.25,0.0,2.1,0.0,3.15,0.0,1.95,0.0,1.0,3.7,0.0,2.3,2.4,0.0,3.9,0.0,0.0,1.0,0.0,3.4,2.3,2.8,2.3,1.4,1.2,4.3,2.1,0.0,0.0,2.5
69247e0e44e4cccaa87c23c8,3.5,1.85,2.6,4.266666666666667,0.0,3.2,1.475,4.433333333333334,1.85,0.0,3.55,3.4,3.8499999999999996,3.6,4.15,0.0,0.0,3.0,0.0,3.3,0.0,3.5,3.9,3.725,1.0,1.0,1.0,3.3,4.3,5.0,0.0,0.0,3.75,0.0,0.0,0.0,1.0,3.7,4.05,0.0,3.0,0.0,4.6,1.8499999999999999,2.0,0.0,0.0,2.4,4.9,1.0,2.7,3.5,1.7,4.2,3.3,0.0,3.55,0.0,1.8,2.9,0.0,0.0,0.0,1.0,0.0,0.0,0.0,2.033333333333333,0.0,0.0,2.3
69247e0e44e4cccaa87c23c9,2.8,1.8,2.2,0.0,5.0,1.95,1.2,4.125,0.0,2.8,4.1,3.7,3.1,4.3,4.8,5.0,3.95,2.6,0.0,2.85,2.4,3.55,3.3666666666666667,3.8,1.2,0.0,0.0,0.0,2.9,4.68,3.9,3.9,3.6,0.0,3.9,4.6,1.0,3.75,3.766666666666666,1.8,3.75,1.6,0.0,1.85,2.7,4.8,1.5,0.0,5.0,0.0,0.0,2.733333333333333,1.5,3.9,3.2,4.033333333333333,0.0,3.1,1.9,2.4,0.0,1.3,1.5,0.0,0.0,0.0,4.0,1.1,1.25,4.0,0.0
69247e0e44e4cccaa87c23ca,3.025,1.6,1.6,4.3,4.8,1.6,1.8,4.1,1.6,3.2,3.1,0.0,0.0,0.0,3.7,4.9,4.0,2.7,4.8,2.6,3.0,3.0,0.0,3.2,1.7,1.8,1.65,2.5,0.0,4.0,4.1,4.8,0.0,3.266666666666667,2.9,4.7,0.0,4.0,0.0,2.7,3.3,1.0,3.9,2.1,1.9,3.7,1.0,1.0,4.7,0.0,4.0,2.7,0.0,0.0,0.0,0.0,4.8,0.0,0.0,1.8,0.0,1.7,0.0,1.0,1.0,2.2,4.0,0.0,1.0,5.0,0.0
69247e0e44e4cccaa87c23cb,3.466666666666667,0.0,1.8666666666666665,4.266666666666667,4.550000000000001,0.0,1.9333333333333333,4.9,2.2,3.1,0.0,3.5,2.9,4.333333333333333,3.4333333333333336,4.5,2.6,3.22,4.7,3.05,0.0,3.2,0.0,0.0,1.3,0.0,1.9,3.0,3.7,4.366666666666666,2.6,5.0,4.6,3.2399999999999998,3.6,5.0,1.0,0.0,4.1,2.4,3.675,0.0,3.625,1.6,2.6,0.0,1.8,2.4,0.0,2.1,2.8,3.25,2.8,0.0,3.6,3.5,0.0,0.0,1.7,3.0,0.0,1.7000000000000002,1.5,1.5,1.0,2.0,4.0,0.0,1.3,0.0,2.9
69247e0e44e4cccaa87c23cc,0.0,1.15,1.0,4.1000000000000005,4.0,2.4,1.3333333333333333,4.766666666666667,2.1,3.5999999999999996,3.75,3.2,0.0,0.0,3.8,4.633333333333334,3.6,2.7,5.0,2.8,2.3,0.0,3.2,4.1000000000000005,1.0,2.05,2.2,3.3499999999999996,3.5,3.4,0.0,4.9,0.0,2.8,3.7,0.0,1.7999999999999998,3.9333333333333336,3.4,2.266666666666667,0.0,0.0,4.2,2.1333333333333333,2.6333333333333333,3.1,2.1666666666666665,1.7,0.0,1.1,2.5749999999999997,3.3666666666666667,0.0,3.25,3.8,3.95,4.050000000000001,3.2,1.2333333333333334,0.0,0.0,0.0,2.4,0.0,1.0,0.0,0.0,2.3,1.4,5.0,0.0
69247e0e44e4cccaa87c23cd,3.4,1.9600000000000002,1.4,3.766666666666667,0.0,2.4000000000000004,1.25,5.0,1.6,3.75,0.0,2.7,4.0,4.2,0.0,0.0,0.0,3.1,4.3,3.4,3.55,3.0,2.7,0.0,1.6,1.05,2.1,2.4,3.7,0.0,2.95,5.0,0.0,0.0,3.2,4.5,1.5666666666666667,0.0,3.4,2.1,3.6,0.0,4.8,0.0,2.05,0.0,0.0,1.4,4.566666666666666,0.0,0.0,3.6333333333333333,0.0,4.1,0.0,4.6,3.9000000000000004,0.0,1.0,2.15,0.0,0.0,2.5,0.0,0.0,0.0,0.0,1.5,0.0,0.0,0.0
69247e0e44e4cccaa87c23ce,2.9166666666666665,1.5333333333333332,1.8499999999999999,3.9,4.95,2.3,1.0,4.7,1.6,3.8666666666666667,2.3,3.2,0.0,4.2,4.55,4.4,2.966666666666667,3.7,4.5,3.3,0.0,2.7,3.9,3.7,0.0,1.1,2.1333333333333333,2.75,0.0,4.0,3.5,0.0,0.0,0.0,0.0,0.0,1.4,2.6,3.75,2.35,3.2,2.3,4.3,2.15,0.0,3.3,1.0,1.5,4.7,1.2,2.5,2.8,1.85,0.0,3.6,0.0,4.75,3.6,1.0,3.5,0.0,0.0,3.2,1.4666666666666668,1.3,0.0,2.95,2.275,0.0,4.7,2.1
69247e0e44e4cccaa87c23cf,3.1,2.3333333333333335,1.55,4.8,5.0,3.0,1.25,3.725,2.75,3.3,3.533333333333333,3.6,2.9,3.9,3.5999999999999996,0.0,0.0,2.75,3.7,3.5,0.0,3.6,2.7,4.6,0.0,0.0,0.0,3.4,0.0,3.6,3.4,4.25,4.35,0.0,3.8,4.85,1.5666666666666667,3.8,3.9,2.3,3.6,2.3,0.0,1.3,0.0,0.0,0.0,0.0,4.8,0.0,3.033333333333333,0.0,0.0,0.0,4.1,3.8,0.0,2.95,1.7,1.7,0.0,0.0,0.0,1.9333333333333336,1.0,2.5,3.55,2.3,0.0,0.0,2.5
69247e0e44e4cccaa87c23d0,2.65,1.5,1.6,4.55,4.3,1.6,1.0,4.35,2.066666666666667,3.3,0.0,0.0,3.3,0.0,4.0,4.8,3.15,2.2,3.7,3.1,2.85,3.7,3.45,0.0,1.0999999999999999,1.1,1.5,0.0,2.9,4.9,3.5,4.133333333333334,4.5,3.6,0.0,0.0,0.0,3.0,4.1,0.0,0.0,0.0,4.1,1.7,0.0,3.7,1.3666666666666665,0.0,4.6,1.8,0.0,2.8,0.0,3.55,0.0,4.85,0.0,0.0,1.0,3.0,3.45,0.0,0.0,0.0,1.0,0.0,0.0,1.6,0.0,3.6,0.0
69247e0e44e4cccaa87c23d1,2.95,1.6,0.0,5.0,0.0,0.0,0.0,4.3999999999999995,2.2,0.0,3.0,0.0,4.0,3.65,4.5,5.0,4.2,3.4,0.0,0.0,0.0,0.0,2.9000000000000004,3.9,0.0,2.0,2.8,2.85,0.0,4.65,2.733333333333333,0.0,0.0,0.0,2.5,0.0,1.8,3.75,3.4,2.3,0.0,2.4,0.0,1.3,0.0,0.0,1.2,0.0,0.0,0.0,3.1666666666666665,3.1,0.0,0.0,0.0,4.2,0.0,2.6,1.0,1.9,0.0,1.0,3.2,0.0,0.0,1.2,2.6,1.6333333333333335,1.0,4.9,0.0
69247e0e44e4cccaa87c23d2,3.25,1.8,1.75,3.88,5.0,2.2,1.2,3.9,2.8,3.6,0.0,3.55,0.0,3.9,0.0,5.0,3.5,3.0,5.0,3.0999999999999996,2.6,3.6,0.0,0.0,0.0,0.0,1.7,0.0,3.9499999999999997,3.8499999999999996,3.0,0.0,0.0,2.6666666666666665,0.0,4.3,1.3,0.0,0.0,2.8,3.2,0.0,3.7,0.0,0.0,0.0,1.5,1.7,4.875,1.95,2.7,2.7,0.0,0.0,0.0,4.5,4.65,0.0,1.5,0.0,3.2,1.5,2.55,0.0,0.0,1.4,4.1,1.0,1.8,0.0,0.0
69247e0e44e4cccaa87c23d3,2.7,1.0,1.8,3.6999999999999997,4.7,2.1,1.3333333333333333,3.4,2.3,3.5666666666666664,3.5666666666666664,0.0,3.4,3.88,4.5,3.9,3.6666666666666665,0.0,0.0,2.9,2.4333333333333336,3.7,3.1,4.0,0.0,0.0,1.2,2.5,3.3,3.7,3.9,3.8,4.0,3.5999999999999996,4.2,4.9,1.2,3.4000000000000004,0.0,1.1,3.1500000000000004,1.2333333333333334,4.05,0.0,2.6,0.0,1.45,2.3,4.3,1.0,3.4,0.0,1.4,0.0,3.5,0.0,0.0,0.0,0.0,2.6,0.0,0.0,1.7999999999999998,0.0,0.0,2.0,3.3,1.0,0.0,3.4,0.0
69247e0e44e4cccaa87c23d4,2.4,2.3,2.05,4.4,4.9,2.9,0.0,4.9,3.0,3.4,0.0,3.5,3.35,4.466666666666667,4.7,0.0,3.2,0.0,4.3,2.7,2.3,2.0,3.6,4.550000000000001,0.0,1.65,1.0,3.0,2.9,3.5,3.2,5.0,4.1,2.0,3.1999999999999997,4.8,1.0,4.4,3.8,2.075,3.1500000000000004,1.9,4.5,0.0,0.0,0.0,1.0,1.0,0.0,1.6,0.0,0.0,0.0,4.0,0.0,0.0,0.0,0.0,0.0,0.0,0.0,0.0,0.0,2.7,1.4,1.35,0.0,0.0,1.7333333333333332,4.8,0.0
69247e0e44e4cccaa87c23d5,3.0500000000000003,1.3,0.0,4.133333333333334,4.5,2.8000000000000003,1.0,4.4,1.3333333333333333,4.15,2.95,3.2,4.0,0.0,3.5666666666666664,5.0,3.7,3.3,3.5,4.1,0.0,3.2,0.0,3.2,1.5,1.0,1.0,3.2,0.0,3.8,0.0,4.35,2.9,0.0,3.35,0.0,1.0,3.8,3.0,2.9,0.0,0.0,4.8,1.65,0.0,2.9,2.0,1.35,4.525,1.0,3.4,4.0,1.55,3.8,0.0,0.0,3.3,3.9,2.1,2.2,0.0,1.0,2.8,2.4,1.8,0.0,4.4,2.5,2.2,0.0,3.0
69247e0e44e4cccaa87c23d6,3.3666666666666667,1.0,0.0,3.9,4.9,1.3,1.2,4.266666666666667,1.8,0.0,3.5,2.55,3.966666666666667,0.0,0.0,4.7,0.0,3.3,4.266666666666667,3.033333333333333,2.966666666666667,2.9,2.9000000000000004,3.7,1.9,2.0,1.85,0.0,4.1,3.8,2.65,4.9,3.55,0.0,3.0,0.0,1.0,3.15,4.15,0.0,3.7,1.25,0.0,0.0,0.0,4.35,1.3,2.1,0.0,0.0,0.0,0.0,2.0,0.0,4.0,4.6,4.4,0.0,1.3,1.8,0.0,1.2,0.0,1.2,1.0,1.05,0.0,0.0,0.0,4.1,0.0
69247e0e44e4cccaa87c23d7,2.5,1.05,2.1,3.8000000000000003,4.6,2.566666666666667,1.0,4.5,2.4,3.6,2.8,3.0,2.9,3.94,0.0,4.2,0.0,3.3,3.8,0.0,2.6,3.0999999999999996,0.0,2.9,1.0,1.25,1.7333333333333334,3.3,3.3,3.3,2.9,5.0,3.266666666666667,2.6,4.1,5.0,1.0,0.0,0.0,1.7,0.0,1.2,4.5,1.4,0.0,3.4333333333333336,0.0,0.0,0.0,1.2,0.0,4.4,0.0,3.5,0.0,4.5,3.1,2.7,1.4,2.3333333333333335,2.6,0.0,2.9,1.0,0.0,1.6666666666666667,0.0,2.0,1.8,0.0,0.0
69247e0e44e4cccaa87c23d8,3.05,1.5,0.0,4.233333333333333,4.2,2.7,1.1,4.5,1.2,4.05,2.4,3.9,3.95,4.8,3.966666666666667,4.4,3.4333333333333336,2.7,4.6,3.0,2.2,0.0,3.9,3.6999999999999997,0.0,1.3333333333333333,1.55,3.3,0.0,0.0,2.6,3.8,4.6,3.7,0.0,0.0,0.0,0.0,4.6,2.1,2.9,1.5499999999999998,3.9666666666666663,2.6,2.1999999999999997,0.0,1.0,1.7,3.9,1.9,2.1,3.95,0.0,0.0,0.0,3.3,3.8,4.0,0.0,2.5,0.0,0.0,3.2,0.0,0.0,2.0,0.0,0.0,1.1,0.0,0.0
69247e0e44e4cccaa87c23d9,3.4799999999999995,2.3666666666666667,1.25,4.65,5.0,2.033333333333333,1.1666666666666667,5.0,2.5,0.0,3.233333333333333,3.3666666666666667,4.5,5.0,3.925,3.8,0.0,0.0,3.75,3.8,2.9,0.0,3.3,4.3,2.0,2.2,1.7,3.0,3.45,4.6,0.0,4.3,0.0,2.9,3.6833333333333336,4.666666666666667,0.0,0.0,3.0666666666666664,2.0999999999999996,3.2,1.0,3.7,1.65,2.7,3.2,0.0,1.7000000000000002,0.0,1.9,2.95,0.0,2.5999999999999996,2.9,4.2,5.0,4.8,0.0,0.0,2.066666666666667,2.9,0.0,2.325,2.0,1.35,0.0,0.0,0.0,2.0,3.3,0.0
69247e0e44e4cccaa87c23da,3.266666666666667,1.625,0.0,3.5,4.7,2.9,1.25,4.533333333333333,0.0,4.233333333333333,4.0,2.7,3.2,0.0,4.5,4.666666666666667,3.1,3.0,0.0,4.1,2.9,2.733333333333333,3.533333333333333,3.7,2.2,1.6,1.6,2.58,3.5999999999999996,4.1,3.5200000000000005,5.0,3.45,0.0,2.6,0.0,1.0,3.6,4.5,1.3,4.3,1.0,4.5,2.2,2.8,3.2,1.5,0.0,4.566666666666666,0.0,3.6,4.5,0.0,2.8,0.0,0.0,0.0,4.0,1.1,0.0,0.0,1.3,1.9000000000000001,1.25,1.2,0.0,4.05,1.8,1.3,4.6,3.3
69247e0e44e4cccaa87c23db,3.9,2.1,0.0,4.550000000000001,5.0,2.0,0.0,4.9,1.9,3.45,0.0,3.0666666666666664,4.7,4.233333333333333,4.45,5.0,3.0,3.5,0.0,2.75,2.8,3.0,0.0,3.9,1.2,0.0,0.0,0.0,0.0,4.05,3.5799999999999996,4.7,3.9499999999999997,3.25,3.1,4.2,0.0,0.0,0.0,1.6,0.0,0.0,4.8,0.0,0.0,4.5,2.1,0.0,0.0,0.0,3.0999999999999996,0.0,0.0,0.0,3.75,4.6000000000000005,0.0,3.4,0.0,2.9,0.0,1.0,0.0,1.45,0.0,1.2,0.0,0.0,0.0,4.2,0.0
69247e0e44e4cccaa87c23dc,2.85,1.35,2.8,3.6,5.0,2.766666666666667,1.4000000000000001,3.933333333333333,2.8,4.4,0.0,3.4,3.375,3.75,3.45,5.0,3.9,0.0,0.0,3.5,0.0,3.75,0.0,3.6,1.0,2.1500000000000004,0.0,2.4000000000000004,3.3,0.0,3.35,5.0,0.0,2.7,0.0,4.25,0.0,3.3,0.0,2.3000000000000003,4.6,0.0,4.266666666666667,1.7,0.0,3.95,1.675,1.0,0.0,0.0,2.95,3.25,2.6,2.4,3.9,0.0,3.8,3.6,0.0,1.6,0.0,2.15,2.6,2.4,1.5,1.75,3.033333333333333,1.6666666666666667,1.5,4.0,2.4
69247e0e44e4cccaa87c23dd,4.0,1.35,1.4,4.3999999999999995,4.8,3.2,1.0,4.9,1.1,3.8,3.6,3.6,4.166666666666667,4.3,4.24,4.633333333333333,3.1500000000000004,3.2,4.7,3.125,2.5,3.7,2.5,0.0,1.4,1.2,2.2,2.9333333333333336,0.0,0.0,3.25,0.0,3.7,3.7,3.3,4.6000000000000005,1.325,3.3,0.0,1.5499999999999998,0.0,1.0,4.133333333333334,1.4,2.4,3.4,0.0,0.0,4.566666666666666,1.5,3.3,4.0,2.1999999999999997,3.55,0.0,4.9,4.45,2.9,1.3,3.0,0.0,1.0,0.0,1.7333333333333334,1.2,1.0,3.0,1.7,1.0,4.8,0.0
69247e0e44e4cccaa87c23de,3.325,0.0,0.0,4.3,3.9,2.3,0.0,0.0,1.9,0.0,2.7,0.0,3.7,4.7,3.6,0.0,2.9,0.0,0.0,0.0,2.8499999999999996,3.1333333333333333,3.8,3.7,0.0,2.1,1.1,0.0,4.0,4.35,3.1,4.050000000000001,0.0,3.3,0.0,0.0,0.0,0.0,3.45,2.1333333333333333,3.5,0.0,3.3,1.6,0.0,0.0,1.0,2.3499999999999996,0.0,1.35,2.2,3.9333333333333336,1.5,0.0,4.5,0.0,3.75,3.3,1.7,2.1,3.0999999999999996,1.0,0.0,0.0,1.9,1.0,3.8333333333333335,2.5,1.0,4.8,0.0
69247e0e44e4cccaa87c23df,3.1666666666666665,1.0,1.6666666666666667,3.9,0.0,1.3,1.5499999999999998,3.6,1.0,0.0,3.5,2.8,3.2,4.6,3.5666666666666664,0.0,0.0,0.0,4.25,3.3,0.0,2.25,3.0,0.0,1.7,0.0,1.5,2.6,0.0,0.0,3.3,4.666666666666667,4.35,0.0,3.5,5.0,1.7,0.0,0.0,2.4,3.15,0.0,4.65,1.0,0.0,0.0,1.3,0.0,4.9,1.7,2.5,0.0,0.0,2.8333333333333335,4.2,3.3,3.0,3.8,0.0,2.0,2.15,1.8499999999999999,2.8,0.0,0.0,2.0,0.0,1.35,1.5,3.7,0.0
69247e0e44e4cccaa87c23e0,2.6333333333333333,1.9000000000000001,0.0,3.2,5.0,0.0,2.1,4.633333333333333,0.0,0.0,3.05,0.0,3.1,3.8,3.15,0.0,2.4,0.0,4.8,2.7,0.0,2.6,0.0,3.7,1.0,0.0,1.55,2.8,3.9,4.566666666666666,3.0,0.0,0.0,3.233333333333333,0.0,0.0,1.98,0.0,3.5,2.183333333333333,2.8,1.2,3.2,2.3,2.4,3.45,0.0,1.3,4.3,1.3333333333333333,3.233333333333333,4.4,0.0,4.1,3.7,3.5,4.033333333333333,3.1,1.3666666666666665,2.9,3.5,0.0,0.0,1.0,2.2,2.4,4.3,1.7666666666666666,0.0,0.0,3.3000000000000003
69247e0e44e4cccaa87c23e1,2.55,1.45,2.05,4.425,4.66,2.25,2.05,4.857142857142857,0.0,4.25,2.5,2.7,4.0,4.15,3.8,4.199999999999999,3.8,2.8333333333333335,3.9,3.4,3.7,2.0,3.3,4.0,0.0,1.5,2.3,2.8,0.0,3.7,3.3333333333333335,5.0,3.0,2.425,2.8,0.0,1.05,4.35,3.75,1.7,3.0,1.05,4.2,0.0,3.1,0.0,0.0,1.0666666666666667,4.3,1.5,0.0,2.7,0.0,2.9,4.3,3.7,4.8,0.0,0.0,0.0,0.0,1.7,0.0,0.0,1.6,0.0,0.0,1.6500000000000001,1.55,0.0,3.9
69247e0e44e4cccaa87c23e2,2.3,1.8,1.9666666666666668,4.633333333333334,4.6,1.6,1.25,3.5,2.6,3.6333333333333333,3.3000000000000003,4.0,0.0,3.8,0.0,4.7,3.475,3.033333333333333,3.7,3.3000000000000003,0.0,2.2,3.3,0.0,1.2,1.0,1.15,2.3333333333333335,3.5,4.0,2.4,4.7,0.0,0.0,0.0,4.75,1.8333333333333333,3.3,4.4,2.8,0.0,0.0,4.1,2.6,2.5,0.0,1.4,2.1,0.0,0.0,3.9,0.0,1.7,0.0,3.05,4.2,4.7,0.0,0.0,0.0,3.0,1.6,0.0,0.0,0.0,1.0,0.0,0.0,1.0,0.0,0.0
69247e0e44e4cccaa87c23e3,3.025,1.75,2.4,3.925,5.0,1.7,2.0,4.800000000000001,0.0,4.2,2.9,3.55,4.4,4.025,3.5,0.0,3.3,0.0,4.65,0.0,0.0,3.05,3.266666666666667,3.733333333333333,1.7000000000000002,1.0,2.35,2.433333333333333,3.3,3.95,3.5,0.0,4.4,2.2,0.0,4.633333333333334,1.2333333333333334,2.6,0.0,2.45,3.9000000000000004,1.6666666666666667,3.4000000000000004,2.0333333333333337,2.5,4.3,1.2,0.0,5.0,0.0,2.5,3.25,1.8,2.8,3.9,3.6,0.0,0.0,1.8,2.3499999999999996,0.0,0.0,1.7,1.6333333333333335,1.0,1.8666666666666665,3.4333333333333336,0.0,0.0,3.5,3.7
69247e0e44e4cccaa87c23e4,2.8285714285714287,1.5999999999999999,1.8333333333333333,4.0,0.0,0.0,1.4,4.95,2.2,0.0,0.0,3.5,0.0,3.5,3.4,4.3999999999999995,0.0,3.0,5.0,3.1,0.0,3.3333333333333335,0.0,0.0,0.0,0.0,1.6666666666666667,2.5,3.65,3.6999999999999997,2.9,0.0,0.0,2.2,3.9,4.2,1.4,3.35,4.6,0.0,4.1,1.3,4.1,2.7,2.6,4.1,1.5499999999999998,1.5,4.4,0.0,3.55,0.0,0.0,2.7,0.0,4.8,3.5,2.7,0.0,1.9,2.9,1.75,3.0,0.0,2.15,0.0,3.233333333333333,0.0,1.3,0.0,2.95
69247e0e44e4cccaa87c23e5,3.0,0.0,1.9666666666666668,4.1000000000000005,4.5,2.7,1.0,4.550000000000001,0.0,4.7,2.7,4.3,3.25,4.6,3.4,5.0,2.75,0.0,4.6,0.0,2.8666666666666667,0.0,0.0,0.0,0.0,1.4,0.0,2.45,0.0,4.7,0.0,3.7,3.8333333333333335,0.0,0.0,4.9,1.64,3.1999999999999997,4.133333333333334,1.35,0.0,1.0,4.225,1.2,2.0,4.1,1.7,1.25,0.0,1.7,2.7,3.2,2.9,2.9000000000000004,2.6,4.2,3.4,2.95,0.0,2.85,4.0,0.0,1.9,0.0,1.3,1.0,3.5,0.0,0.0,0.0,3.2
69247e0e44e4cccaa87c23e6,2.92,1.8,1.3,4.3,4.333333333333333,2.48,2.0500000000000003,3.7,2.0,4.7,2.6500000000000004,3.0,0.0,4.8,3.6500000000000004,4.366666666666666,2.7,2.1,5.0,0.0,0.0,0.0,3.3333333333333335,3.5666666666666664,1.6,1.5666666666666667,0.0,1.9,0.0,4.066666666666666,3.3666666666666667,4.2,3.5,2.6,2.6,0.0,1.5666666666666667,2.9,3.2,2.2666666666666666,0.0,2.4,3.8666666666666667,2.05,2.7,0.0,0.0,1.2,3.7,1.5,3.25,2.9,0.0,4.0,0.0,0.0,3.1500000000000004,0.0,1.0,0.0,0.0,1.9,1.5,2.1,1.8,2.5,0.0,2.033333333333333,1.7,3.5,2.8499999999999996
69247e0e44e4cccaa87c23e7,2.9,1.5666666666666667,2.35,3.8,3.8,2.7,1.25,4.8999999999999995,1.475,4.0,0.0,2.5,0.0,4.9,3.4,4.7,0.0,0.0,4.6,3.65,0.0,3.2,3.6,4.25,1.7,1.45,0.0,2.6,3.3,4.800000000000001,3.3333333333333335,3.8,0.0,0.0,0.0,5.0,1.2666666666666666,3.7,0.0,2.0599999999999996,0.0,0.0,3.5,1.3,3.2,4.5,1.7,0.0,5.0,2.1,3.1,3.75,2.7,0.0,3.3,0.0,4.1,0.0,1.0,0.0,3.8,2.2,0.0,0.0,0.0,1.0,2.8,1.1,0.0,3.7,0.0
69247e0e44e4cccaa87c23e8,3.5,2.1,1.75,4.3,3.9,0.0,2.2,4.333333333333333,1.9666666666666668,3.1,4.1,4.2,0.0,4.15,4.7,5.0,0.0,2.6,0.0,3.3,2.05,2.6999999999999997,4.4,3.733333333333333,0.0,1.6800000000000002,0.0,0.0,3.5666666666666664,3.6,0.0,4.550000000000001,3.6666666666666665,3.0,0.0,0.0,1.7333333333333332,3.1500000000000004,3.7000000000000006,2.4,4.5,0.0,0.0,1.8333333333333333,3.5,3.9,0.0,1.6,4.633333333333333,0.0,2.85,0.0,1.9666666666666668,3.3,4.5,5.0,3.1,3.3,0.0,0.0,3.9,1.1,1.8666666666666665,2.0,1.0,1.6333333333333335,3.45,1.4,2.1,0.0,3.8
69247e0e44e4cccaa87c23e9,0.0,1.7,0.0,4.333333333333333,5.0,2.033333333333333,0.0,3.7,2.4,4.3,2.5,0.0,0.0,4.25,3.55,0.0,3.6,0.0,5.0,2.9333333333333336,3.5,2.925,4.0,3.6,1.525,1.6,2.35,0.0,0.0,5.0,0.0,5.0,4.166666666666667,0.0,0.0,4.75,1.3,3.1,0.0,0.0,3.4,1.0,3.5,0.0,2.1,3.5,1.2,0.0,5.0,1.2666666666666666,3.7,0.0,0.0,3.8,0.0,4.7,0.0,0.0,1.0,0.0,0.0,0.0,0.0,0.0,1.0,1.8,0.0,1.1,0.0,0.0,0.0
69247e0e44e4cccaa87c23ea,3.6,1.4333333333333333,0.0,4.533333333333334,3.9,2.4,1.65,4.25,0.0,0.0,0.0,0.0,4.6,4.3,3.95,4.633333333333334,2.5,0.0,4.5,2.8,3.35,3.75,0.0,0.0,0.0,1.7,2.1,0.0,0.0,3.3,3.766666666666667,4.7,0.0,0.0,2.8,0.0,1.0,0.0,3.85,0.0,0.0,2.2,4.7,2.1,0.0,0.0,1.8,2.3,0.0,1.6666666666666667,2.5,0.0,0.0,3.7,0.0,0.0,4.5,2.6500000000000004,0.0,0.0,3.3,2.25,2.2,0.0,0.0,1.5333333333333332,0.0,0.0,2.0,4.0,3.7
69247e0e44e4cccaa87c23eb,3.9,1.2,0.0,3.9,3.9,3.0,1.675,4.7,2.8,4.4,2.7,0.0,0.0,5.0,4.0,4.466666666666667,0.0,3.5,0.0,3.2,0.0,0.0,0.0,4.7,2.0,2.0,0.0,2.1,0.0,4.7,0.0,4.0,0.0,0.0,4.1,5.0,2.05,0.0,3.95,0.0,3.3,1.6666666666666667,0.0,1.65,2.8,0.0,0.0,0.0,0.0,0.0,3.35,4.25,1.8,4.1,3.2,4.35,3.1,3.1,1.6,1.6,2.8499999999999996,1.4,0.0,0.0,1.75,0.0,0.0,1.2,0.0,5.0,0.0
69247e0e44e4cccaa87c23ec,3.075,0.0,2.0749999999999997,4.7,5.0,1.5,0.0,3.8,2.6,4.15,2.7,0.0,3.0,4.15,0.0,4.3,0.0,3.6,4.1,0.0,2.9,2.45,4.4,4.2,0.0,0.0,1.5,0.0,3.3,4.85,3.4,0.0,0.0,3.9,0.0,4.8,1.35,3.85,4.0,1.95,0.0,1.4000000000000001,3.5,1.6,2.1,0.0,1.0,0.0,3.95,1.0,0.0,3.2,0.0,0.0,3.65,3.8,3.2,3.7,0.0,1.9,2.3,1.15,0.0,1.0,0.0,1.0,3.7,0.0,0.0,0.0,2.1
69247e0e44e4cccaa87c23ed,2.98,1.35,1.8499999999999999,3.6,4.5,2.4,1.45,3.4,1.6,2.9,3.0666666666666664,0.0,0.0,3.2,4.449999999999999,0.0,3.75,0.0,0.0,4.1,2.3,3.6,3.175,3.8000000000000003,0.0,1.25,0.0,2.0,3.45,3.8499999999999996,3.1,3.9,4.1,3.0,3.6333333333333333,0.0,1.2999999999999998,4.1,4.3,2.9,4.0,1.0,4.6,2.1,0.0,4.1,1.5,2.3,0.0,0.0,0.0,3.6,0.0,0.0,0.0,3.9,0.0,0.0,0.0,0.0,3.9,0.0,2.75,1.2,1.35,0.0,3.8,2.0,1.0,0.0,3.1
69247e0e44e4cccaa87c23ee,3.05,1.95,0.0,4.8,0.0,2.6,1.35,4.2,1.7,4.3,3.325,0.0,3.6999999999999997,0.0,3.5,4.2,0.0,0.0,3.5,3.4,0.0,0.0,2.95,3.85,0.0,1.35,0.0,2.65,2.8,3.9,2.9,0.0,3.8,0.0,0.0,0.0,0.0,0.0,0.0,1.5,0.0,1.0,3.6,1.2,0.0,0.0,1.3,1.9,0.0,0.0,3.7,0.0,1.3,0.0,3.8,0.0,3.1,0.0,1.9,3.5,0.0,2.7,2.3000000000000003,0.0,1.1,1.0,4.3,1.05,0.0,3.7,0.0
69247e0e44e4cccaa87c23ef,3.6,0.0,1.5,4.3,5.0,2.2333333333333334,1.5,3.5,1.9666666666666668,2.8,3.4,3.7,3.3,0.0,2.8,0.0,0.0,0.0,4.6,3.1,2.4,0.0,0.0,3.5,0.0,1.4500000000000002,1.7,0.0,3.5,3.8,3.5999999999999996,4.8,3.5,3.8,0.0,5.0,1.0,2.7,4.7,1.5,3.733333333333333,1.65,4.65,1.0,2.8,0.0,0.0,0.0,5.0,2.4,3.5,0.0,2.6,0.0,0.0,4.3,4.7,0.0,0.0,2.0,2.3,2.0,2.25,2.4,0.0,0.0,2.9000000000000004,2.5,0.0,3.5,2.8
69247e0e44e4cccaa87c23f0,3.3,0.0,1.6,4.6,4.1,0.0,1.0,0.0,2.2,3.5,3.1,3.6,0.0,3.2,3.8,4.4,0.0,0.0,0.0,0.0,0.0,3.4,3.0666666666666664,4.5,2.1,2.0,2.2,2.05,3.1999999999999997,5.0,3.6,4.333333333333333,3.3499999999999996,2.5,0.0,0.0,1.05,0.0,0.0,0.0,0.0,1.7999999999999998,0.0,2.15,2.4,0.0,1.0,0.0,4.35,2.3,0.0,0.0,1.6,0.0,0.0,0.0,0.0,0.0,1.0,0.0,0.0,1.9,0.0,0.0,1.6,1.0,3.5,2.1,0.0,4.4,2.6
69247e0e44e4cccaa87c23f1,3.3,2.0,2.2,4.05,4.7,0.0,1.3,4.0,2.5,3.9,0.0,0.0,4.7,3.65,3.0,4.75,0.0,2.0,5.0,4.2,2.1,3.35,3.25,2.9,2.2,0.0,1.2,2.7,3.3666666666666667,4.8,0.0,5.0,3.5999999999999996,2.4,0.0,5.0,1.6,0.0,3.8499999999999996,2.2,0.0,1.45,0.0,1.6000000000000003,0.0,4.7,1.7666666666666666,0.0,4.2,1.2666666666666666,2.5,0.0,2.2,3.4,0.0,4.7,0.0,3.4,0.0,0.0,0.0,2.1,2.1,1.7,1.3,2.1,3.4,1.8,0.0,5.0,2.8
69247e0e44e4cccaa87c23f2,3.425,1.5,2.1500000000000004,4.3,4.6000000000000005,2.4,0.0,4.3,0.0,4.033333333333333,3.7,0.0,3.0,0.0,3.9000000000000004,4.65,2.8,2.8333333333333335,4.8,0.0,0.0,2.8,3.7,4.0,0.0,2.2,0.0,2.45,4.2,4.6,0.0,5.0,3.9000000000000004,4.0,0.0,0.0,1.9166666666666667,2.6,3.35,2.4,3.3000000000000003,0.0,0.0,2.8,1.9,0.0,1.0,0.0,0.0,1.9,3.2,0.0,0.0,0.0,3.7,3.5,0.0,0.0,2.1,0.0,3.7,1.65,0.0,2.2,0.0,1.0,4.4,0.0,0.0,5.0,0.0
69247e0e44e4cccaa87c23f3,2.75,1.7,1.9,4.3,0.0,0.0,1.5250000000000001,4.3999999999999995,0.0,4.0,2.8,4.1,4.1,4.65,3.5,4.0,2.7,2.8,4.1,3.2,0.0,2.3,3.0,3.9,0.0,1.2,1.0,3.05,0.0,4.6,0.0,5.0,4.1,0.0,0.0,4.5,1.5,3.9,0.0,1.9500000000000002,0.0,2.0,4.2,1.75,0.0,4.233333333333333,0.0,1.0,5.0,0.0,3.8000000000000003,3.9,0.0,0.0,3.6,3.55,4.5,3.0,0.0,0.0,0.0,1.2,1.8,2.7,1.5999999999999999,1.4,2.6,1.6,1.6,4.8,0.0
69247e0e44e4cccaa87c23f4,3.4,1.3,1.2,3.75,4.65,2.9,1.0,0.0,0.0,3.45,4.0,3.1,3.8,3.3,0.0,5.0,3.8,0.0,4.8,2.8,3.1,2.85,2.95,0.0,0.0,1.6,0.0,2.9333333333333336,2.9,5.0,3.0999999999999996,0.0,4.1,3.1500000000000004,3.0,0.0,0.0,3.9,0.0,2.6666666666666665,3.3,2.0,0.0,2.6,1.9,3.2,0.0,0.0,5.0,1.1,3.2,3.5,1.9,0.0,3.4,3.3,4.85,3.033333333333333,1.35,0.0,3.2,0.0,2.0,1.3,1.0,0.0,3.25,1.5,0.0,4.1,3.6
69247e0e44e4cccaa87c23f5,3.1,1.4,1.8571428571428572,3.5666666666666664,4.5,3.3,1.7,5.0,0.0,4.15,3.1666666666666665,0.0,4.25,3.925,3.1,4.5,0.0,3.2,3.8666666666666667,3.6,3.0,2.8,2.7,0.0,1.6,1.0,0.0,2.75,4.3,3.6999999999999997,2.6,4.550000000000001,0.0,0.0,4.0,4.6,1.0,3.0,3.9,1.85,0.0,1.5,3.6,0.0,2.05,0.0,1.9,1.95,0.0,0.0,3.3,3.6,1.8,3.5,3.1999999999999997,0.0,4.1000000000000005,0.0,1.6,2.1,2.5,0.0,2.3,2.6500000000000004,1.0,0.0,2.8,1.65,1.0,3.6,0.0
69247e0e44e4cccaa87c23f6,2.95,1.8,1.7666666666666666,4.1,4.8,2.2,1.4,4.366666666666667,2.4,4.4,3.266666666666667,3.7,4.5,4.0,3.5,4.666666666666667,0.0,2.4,4.2,0.0,0.0,3.025,3.25,2.9,1.0,1.4,2.1,3.05,3.5999999999999996,3.65,2.4,4.633333333333334,3.3333333333333335,2.7,3.5,4.45,1.8,3.5,3.3,2.6999999999999997,3.4,1.0,4.3,1.9666666666666668,0.0,0.0,1.9,1.95,0.0,1.9,2.1,4.3,0.0,3.1500000000000004,4.0,3.6,3.4,3.1,0.0,2.4,2.6333333333333333,1.65,0.0,2.3,1.8,2.1,3.7,2.1666666666666665,1.7,0.0,2.9
69247e0e44e4cccaa87c23f7,3.3333333333333335,1.7666666666666666,1.9333333333333333,4.0,5.0,2.2,1.8,4.066666666666666,2.2,3.65,0.0,4.2,3.7,4.75,3.3,4.833333333333333,3.6,0.0,4.65,3.6,2.75,2.6,0.0,3.1,2.2,0.0,1.8,1.6,0.0,0.0,2.9333333333333336,4.75,3.4,2.9333333333333336,2.7,4.2,2.1,0.0,4.1,1.7999999999999998,0.0,1.45,0.0,2.1,0.0,0.0,2.0,1.2,0.0,1.0,0.0,0.0,2.0,3.5,0.0,4.0,0.0,0.0,1.0999999999999999,2.6,0.0,1.25,0.0,0.0,0.0,1.0,0.0,0.0,1.0,0.0,0.0
69247e0e44e4cccaa87c23f8,3.1500000000000004,2.4,2.6,4.15,5.0,0.0,1.8,4.7,2.05,3.8,2.3499999999999996,3.275,3.0,4.533333333333334,3.8,4.55,3.0,3.025,0.0,0.0,2.8,2.3,0.0,4.2,1.0,1.4000000000000001,0.0,0.0,3.6,4.35,3.1,4.35,0.0,3.4,3.466666666666667,4.733333333333333,2.1,3.8,4.35,2.15,3.3499999999999996,1.0,4.6,1.0,0.0,0.0,1.7,1.5,0.0,0.0,3.9,0.0,1.1,0.0,0.0,0.0,3.65,3.1333333333333333,0.0,2.3,0.0,1.35,1.5,1.0,1.0,0.0,2.9,0.0,0.0,4.9,0.0
69247e0e44e4cccaa87c23f9,0.0,1.2333333333333334,2.25,3.5999999999999996,4.4,2.15,1.0,4.233333333333333,1.72,3.6,0.0,0.0,3.5,4.6,0.0,4.55,0.0,2.8,5.0,3.15,0.0,0.0,0.0,0.0,1.0,2.1,2.5,0.0,3.6,3.9,0.0,5.0,0.0,0.0,3.75,0.0,1.4333333333333333,3.1500000000000004,4.7,2.1,4.6,1.9500000000000002,4.6,1.8,0.0,4.6,1.0,0.0,4.65,2.0,3.6,3.7,0.0,2.75,3.6,3.5,3.3,3.45,0.0,0.0,2.9,2.5,1.7,0.0,1.0,0.0,3.6,1.7,1.2666666666666666,4.55,2.0
69247e0e44e4cccaa87c23fa,3.4333333333333336,1.0,2.4,3.8666666666666667,4.6,1.55,1.52,4.0,1.3,3.266666666666667,3.45,3.1,3.5,0.0,3.4,4.15,3.2,2.9,0.0,3.4333333333333336,2.8,3.2,3.5666666666666664,3.9499999999999997,2.1,0.0,0.0,2.1,3.1,3.8499999999999996,2.5,4.199999999999999,3.05,2.4,3.4,4.2,1.3666666666666665,3.7,3.5666666666666664,2.2666666666666666,3.3,0.0,0.0,0.0,2.5,3.5,0.0,0.0,3.7,0.0,2.8,4.4,0.0,3.8,3.9,4.3,0.0,3.1,0.0,0.0,0.0,0.0,0.0,2.5,1.1,1.85,0.0,1.0,0.0,3.7,0.0
69247e0e44e4cccaa87c23fb,2.9,2.0,2.3000000000000003,3.95,4.4,0.0,1.0,4.333333333333333,2.25,3.7,2.6,4.1,3.4,3.2,4.25,4.8,3.35,3.45,4.3,3.4000000000000004,2.45,2.2,3.5999999999999996,3.3,1.0,1.8,1.9000000000000001,2.7,3.9499999999999997,4.45,3.25,4.95,3.4,2.5,2.6,3.9,1.6428571428571428,0.0,0.0,1.7,4.1,0.0,4.0,2.3,0.0,3.8,0.0,1.6,0.0,0.0,0.0,0.0,0.0,0.0,0.0,0.0,0.0,0.0,0.0,2.8,2.1,2.2,0.0,2.7,1.45,1.2,3.0,0.0,0.0,4.1,0.0
69247e0e44e4cccaa87c23fc,3.533333333333333,1.7333333333333334,2.6,3.3,4.45,2.3,1.0,0.0,2.3,0.0,2.5,2.6,4.4,0.0,0.0,0.0,3.6,0.0,4.3,0.0,3.0,0.0,3.9,0.0,1.7,1.9,0.0,0.0,4.7,4.6,2.9,4.65,4.0,3.0,0.0,4.966666666666667,1.45,4.4,3.85,2.4,3.9000000000000004,2.35,4.3999999999999995,1.9,2.7,4.35,0.0,1.0,4.9,1.0,4.0,3.4,1.4500000000000002,0.0,0.0,4.3,0.0,3.2,1.0,3.2,2.4,0.0,0.0,0.0,1.3,1.925,3.35,2.6,2.0,4.3,0.0
69247e0e44e4cccaa87c23fd,4.0,0.0,2.8,4.1,5.0,0.0,0.0,4.733333333333333,1.1,3.65,0.0,3.233333333333333,0.0,4.5,3.1,0.0,0.0,0.0,3.8,3.4,0.0,0.0,3.9,3.2,2.3,1.4,0.0,2.9,4.0,3.6,0.0,4.7,4.0,2.4,2.95,4.8,1.6,3.4499999999999997,3.4,2.6999999999999997,3.8,1.6,5.0,2.3,1.9,4.6,1.3,2.4,5.0,1.4000000000000001,2.9,4.2,2.3,3.45,0.0,0.0,0.0,3.75,0.0,0.0,2.6,2.4,2.2,1.3666666666666665,1.0,1.6,3.7,0.0,2.1,4.6,2.7
69247e0e44e4cccaa87c23fe,2.7,1.6,0.0,4.033333333333333,4.433333333333334,2.85,1.3,3.9333333333333336,0.0,3.9000000000000004,3.8,3.5999999999999996,3.025,4.25,3.7,4.5,0.0,3.8,0.0,3.15,3.2,0.0,3.3,4.45,0.0,1.45,0.0,2.5,0.0,4.3,4.3,3.8,0.0,2.9000000000000004,3.25,0.0,1.475,3.9,3.3,1.3,3.35,1.9333333333333333,3.75,1.525,1.8,0.0,0.0,1.75,5.0,1.3,0.0,4.0,0.0,2.5,2.9,4.3,0.0,2.875,1.0,0.0,0.0,0.0,2.0,2.4,1.35,1.4666666666666668,3.05,1.75,0.0,4.199999999999999,3.0
69247e0e44e4cccaa87c23ff,3.3499999999999996,1.5,1.5,3.9000000000000004,5.0,2.3666666666666667,0.0,4.433333333333334,2.65,3.25,3.3666666666666667,0.0,3.2,0.0,4.1,4.8999999999999995,0.0,2.2,0.0,3.6500000000000004,3.0,0.0,3.9,4.0,0.0,1.0,1.85,2.625,3.5,3.8,3.0,5.0,0.0,0.0,2.8,0.0,1.0,3.2,3.15,1.3,3.65,1.15,0.0,2.5,0.0,0.0,1.55,1.6,4.4,2.1,2.3,2.6,0.0,0.0,0.0,0.0,3.8,0.0,1.5,2.5,2.55,1.3,0.0,0.0,0.0,1.0,3.85,0.0,0.0,0.0,3.9
69247e0e44e4cccaa87c2400,2.9333333333333336,1.3,0.0,4.033333333333334,4.45,1.8499999999999999,0.0,4.0,0.0,3.7,3.2,2.6,3.733333333333333,3.5,3.9799999999999995,0.0,2.4,0.0,0.0,3.1,0.0,2.95,4.3,3.7,2.0999999999999996,0.0,1.775,3.2,0.0,3.6,3.4,4.5,3.8333333333333335,3.1999999999999997,0.0,4.85,1.0,4.2,4.3,2.733333333333333,3.6,1.9,3.875,2.1,0.0,4.3,1.9,1.24,4.3,2.1,3.8,4.2,0.0,3.35,0.0,4.4,0.0,0.0,1.0,0.0,0.0,2.2,0.0,0.0,0.0,1.1,2.8,0.0,0.0,3.9,0.0
69247e0e44e4cccaa87c2401,3.9,1.9666666666666668,0.0,3.8,0.0,0.0,0.0,4.6,1.6,0.0,0.0,0.0,4.4,0.0,3.25,0.0,3.1,3.0666666666666664,0.0,4.1,1.9,3.3,3.3666666666666667,2.9000000000000004,0.0,1.45,1.35,0.0,3.95,3.8,2.4,4.5,3.9,0.0,3.9,0.0,1.5,0.0,4.5,0.0,0.0,1.7,3.8,0.0,0.0,3.5999999999999996,1.0,0.0,3.9,0.0,0.0,2.733333333333333,2.5,3.7,0.0,3.8,3.1,2.975,1.0,2.766666666666667,0.0,2.0,2.5,1.6,0.0,1.9,3.4,0.0,0.0,3.4,0.0
69247e0e44e4cccaa87c2402,0.0,1.9,1.3,3.3,4.1,1.55,1.15,4.95,0.0,4.2,0.0,0.0,4.15,3.4,0.0,0.0,4.0,2.3,4.3,0.0,0.0,0.0,3.85,0.0,1.9,0.0,2.5,0.0,4.2,0.0,3.35,4.4,3.95,0.0,3.4,4.433333333333334,1.2000000000000002,3.0,0.0,2.6,0.0,1.5,3.7,1.5,0.0,0.0,1.0,2.0,4.6,1.4,0.0,3.3,2.8,0.0,2.8,0.0,0.0,3.75,0.0,0.0,0.0,1.9500000000000002,2.4,1.8,1.3,0.0,0.0,0.0,0.0,0.0,2.6
69247e0e44e4cccaa87c2403,3.12,0.0,1.55,3.8000000000000003,4.8,0.0,1.3,5.0,1.65,0.0,0.0,3.3,0.0,3.55,0.0,4.4,2.9,0.0,4.3,3.7,2.3,2.8,0.0,3.2,1.5,0.0,1.8,3.3,4.7,0.0,3.2,0.0,3.0,4.0,3.3499999999999996,0.0,1.3,3.3,2.8,1.75,3.6999999999999997,2.2,4.2,0.0,0.0,4.6,0.0,0.0,4.8,1.8,2.45,3.8,1.7999999999999998,3.3,4.0,0.0,3.7,3.3,0.0,3.3,2.0,2.0,0.0,2.266666666666667,0.0,0.0,0.0,1.3666666666666665,0.0,0.0,3.8
69247e0e44e4cccaa87c2404,3.2,1.0,0.0,3.55,4.95,2.65,1.4000000000000001,5.0,2.1,4.1,2.3499999999999996,0.0,3.5999999999999996,0.0,3.55,4.5,2.5,0.0,5.0,0.0,3.7,3.6,3.1,3.1,1.3,1.4,1.6000000000000003,1.6,0.0,4.1,3.2,4.5,3.4,2.2,3.15,4.9,1.7666666666666666,3.1,0.0,1.6,0.0,1.2,0.0,1.9,0.0,3.6,0.0,1.2,0.0,1.3,3.2,3.1,0.0,3.4,3.9,0.0,3.7,0.0,0.0,0.0,3.5,0.0,2.9,2.1999999999999997,0.0,0.0,2.95,1.1,2.1,4.6,3.8
69247e0e44e4cccaa87c2405,2.2,0.0,1.4,4.15,0.0,1.6,1.5,4.0,0.0,0.0,3.4,0.0,0.0,3.2,4.4,4.8,3.6,3.6,3.5,3.9,3.35,3.5,0.0,2.9,1.3,1.2,2.5,2.6,3.05,0.0,3.233333333333333,4.666666666666667,3.3,2.8,3.7,0.0,1.275,3.5666666666666664,2.9,0.0,3.9,1.75,4.1,2.1,0.0,4.15,1.7,0.0,4.0,1.0,0.0,3.3333333333333335,0.0,0.0,3.4,4.3,0.0,0.0,0.0,0.0,3.15,0.0,0.0,1.5,0.0,0.0,4.1,0.0,1.0,4.25,3.6
69247e0e44e4cccaa87c2406,0.0,1.5,0.0,3.4,5.0,0.0,1.42,3.6,2.8,0.0,0.0,3.4333333333333336,4.35,5.0,4.5,5.0,0.0,3.3499999999999996,4.8,0.0,0.0,3.5,0.0,4.066666666666666,1.7,0.0,0.0,2.8333333333333335,0.0,5.0,0.0,4.6,0.0,0.0,0.0,0.0,1.0,2.8,3.5,2.25,2.8,1.1,3.6,1.8,1.8,0.0,1.6,0.0,3.7,1.5,3.35,3.3666666666666667,2.6,0.0,3.4,4.75,3.5,0.0,0.0,3.0666666666666664,2.2,0.0,0.0,1.8,1.0,1.0,3.0,1.6,1.65,0.0,0.0
69247e0e44e4cccaa87c2407,2.466666666666667,1.7,2.0,0.0,5.0,0.0,1.6,4.65,1.95,4.15,2.7,2.8,3.45,3.2,3.9,0.0,3.15,3.1999999999999997,0.0,3.2,2.5,3.85,3.3499999999999996,3.4666666666666663,1.0,1.9,2.1,3.4,0.0,0.0,2.4,4.8,2.9,0.0,0.0,0.0,1.5,3.25,4.7,2.2333333333333334,0.0,0.0,0.0,1.6,2.8,3.9499999999999997,1.4,1.2,3.8,0.0,3.2,0.0,0.0,0.0,3.5,4.5,0.0,2.4,1.7,0.0,3.3,1.0,1.8499999999999999,0.0,1.0,0.0,0.0,0.0,0.0,0.0,3.6
69247e0e44e4cccaa87c2408,3.2,2.3,1.45,4.6,4.7,2.5999999999999996,1.0,4.4,1.0,0.0,3.3,3.4,0.0,4.65,0.0,0.0,3.0,3.0,4.25,0.0,0.0,0.0,0.0,0.0,1.65,2.2,0.0,3.0,0.0,0.0,3.6333333333333333,4.5,3.45,2.6,4.0,5.0,1.4,4.1,0.0,2.5666666666666664,4.5,1.4666666666666668,3.2,1.2,0.0,0.0,1.0,0.0,5.0,0.0,0.0,0.0,0.0,3.3,3.8,3.9,3.2,3.35,0.0,1.8,0.0,2.7,2.0,0.0,1.3,1.6,4.0,2.5,1.8,4.05,0.0
69247e0e44e4cccaa87c2409,2.966666666666667,0.0,0.0,4.7,4.433333333333334,2.6,0.0,4.025,1.3,0.0,3.8,0.0,4.6,3.9,3.6,4.3,3.6,2.3666666666666667,0.0,4.05,3.35,0.0,3.25,3.85,0.0,0.0,0.0,0.0,4.6,0.0,4.199999999999999,0.0,0.0,2.7,3.1500000000000004,4.9,1.4000000000000001,3.3,0.0,1.6,0.0,2.1,3.3,1.95,1.85,0.0,1.1,2.2666666666666666,4.2,0.0,2.4,0.0,2.0,0.0,3.1,3.6999999999999997,3.7,2.95,0.0,2.7,2.2,0.0,0.0,0.0,2.0,0.0,2.85,1.2333333333333334,0.0,0.0,3.5
69247e0e44e4cccaa87c240a,2.6666666666666665,1.9,1.86,3.566666666666667,0.0,0.0,1.275,4.55,1.7,3.5,3.05,2.733333333333333,3.3,0.0,3.3,4.35,0.0,3.15,4.1000000000000005,0.0,3.6,3.0,3.0,0.0,0.0,2.1,0.0,0.0,0.0,3.95,3.15,4.6000000000000005,3.4,2.5,3.85,4.7,1.75,2.9,3.95,0.0,3.1,1.8,0.0,2.8,0.0,4.5,0.0,1.5,5.0,1.3,3.2,4.0,1.9,0.0,4.3,0.0,4.275,2.3,2.1,0.0,0.0,2.3,2.2,2.1,0.0,1.6,2.6,1.75,2.3,0.0,0.0
69247e0e44e4cccaa87c240b,2.95,1.65,0.0,3.8333333333333335,4.2,2.8499999999999996,1.05,4.7,0.0,0.0,4.1,4.2,2.8,3.4,4.166666666666667,4.65,0.0,3.6666666666666665,4.3,3.1333333333333333,3.45,3.733333333333333,4.0,3.7,1.0,1.35,1.0,2.05,4.4,0.0,4.1,4.4799999999999995,3.9,0.0,4.3,4.5,1.6333333333333335,3.8,4.6,1.925,3.9,1.0,4.366666666666666,0.0,0.0,0.0,1.0,2.2,4.9,1.0,2.8,0.0,0.0,0.0,4.0,3.95,0.0,2.95,0.0,0.0,0.0,1.7,3.1,0.0,1.0,1.0,3.2,1.75,0.0,0.0,3.3
69247e0e44e4cccaa87c240c,3.733333333333333,1.15,0.0,4.6,4.6,1.5,2.2,3.9,0.0,4.1,2.9,2.6333333333333333,0.0,4.0,3.7,4.733333333333333,0.0,3.6,0.0,0.0,3.6500000000000004,2.5999999999999996,3.1999999999999997,3.95,2.2,1.5,0.0,0.0,3.7,5.0,0.0,4.625,0.0,2.7,0.0,0.0,1.0,4.4,3.9,2.9,3.5,1.5,4.15,2.0,0.0,0.0,2.3,2.3,5.0,1.55,2.7,2.9,1.2,3.1500000000000004,3.9,3.4,0.0,0.0,0.0,0.0,2.4,0.0,2.7,2.3,0.0,1.75,4.133333333333333,2.25,0.0,0.0,0.0
69247e0e44e4cccaa87c240d,3.266666666666667,1.35,0.0,4.525,4.8,1.7,1.3,4.4,0.0,3.0,3.8,3.5,0.0,0.0,4.2,5.0,2.3,2.766666666666667,0.0,0.0,3.1500000000000004,2.3,0.0,0.0,0.0,1.65,0.0,0.0,4.2,4.066666666666666,4.1,5.0,3.6500000000000004,3.4,3.6999999999999997,4.0,1.1666666666666667,4.1,3.5,1.2,0.0,0.0,3.925,2.1,1.95,3.65,1.65,0.0,0.0,0.0,2.6,3.25,0.0,4.0,0.0,4.2,0.0,3.2,1.2,2.3,0.0,0.0,0.0,2.3,0.0,1.85,0.0,0.0,1.6,3.8,3.8
69247e0e44e4cccaa87c240e,2.8,1.0,0.0,4.225,4.85,2.7,1.0,3.8333333333333335,1.1,3.0,0.0,3.1999999999999997,3.4,3.9,0.0,4.233333333333333,2.8,0.0,0.0,0.0,3.0,2.8,0.0,4.2,2.1,1.0,0.0,2.55,3.5,3.8,0.0,0.0,4.4,0.0,3.6,5.0,1.5,4.2,3.75,3.0,0.0,1.3,0.0,1.0666666666666667,2.4,0.0,1.8,1.0,4.5,1.0,2.95,4.1,0.0,2.8,0.0,0.0,3.95,2.9,1.0,0.0,0.0,1.325,0.0,1.7999999999999998,1.5,1.35,2.9,0.0,1.5,4.1,0.0
69247e0e44e4cccaa87c240f,3.1333333333333333,2.0333333333333337,0.0,3.8,0.0,2.3666666666666667,1.8666666666666665,4.1,1.0,4.2,0.0,2.5,0.0,4.15,3.5,0.0,0.0,0.0,0.0,3.1,0.0,0.0,4.2,3.65,1.0,0.0,1.7,2.1,3.1,4.733333333333333,0.0,5.0,4.1,2.5,3.3,4.4,1.35,3.3499999999999996,4.4,0.0,0.0,2.3499999999999996,4.15,0.0,0.0,3.5,1.7,0.0,4.0,1.4,0.0,3.7,1.1,0.0,0.0,0.0,3.1,0.0,1.0,3.2,2.45,0.0,0.0,0.0,0.0,1.0,2.8,2.1,0.0,3.75,2.85
69247e0e44e4cccaa87c2410,2.25,1.6666666666666667,1.75,3.6999999999999997,4.5,0.0,0.0,4.375,2.35,2.9,0.0,0.0,3.45,4.3,3.75,4.45,0.0,0.0,3.9,0.0,0.0,3.3,0.0,0.0,2.1,0.0,1.975,2.4,3.2,0.0,4.0,4.55,3.8,3.5,2.4,5.0,0.0,0.0,4.0,0.0,3.3,1.4,0.0,2.1999999999999997,1.9,4.25,1.3,2.4,0.0,1.6,0.0,3.2,2.7,3.65,0.0,3.8499999999999996,3.2,0.0,1.0,0.0,3.2,0.0,0.0,1.9666666666666668,2.2,1.0,3.8,1.4500000000000002,1.6,0.0,0.0
69247e0e44e4cccaa87c2411,3.5,2.0,0.0,4.4,4.8,1.8,1.3,4.8,1.1,0.0,3.8,3.9,4.3,4.1,3.8000000000000003,5.0,0.0,0.0,4.4,2.95,2.8,2.4,3.05,3.8,1.4333333333333333,1.8,1.0,2.0,0.0,3.3,3.4000000000000004,4.1,3.45,0.0,3.4333333333333336,3.7,1.4500000000000002,3.0,4.4,2.6,4.5,1.9,3.925,1.5,2.3,3.8,1.45,1.5,4.6,0.0,3.7,3.4,1.7,0.0,2.9,0.0,4.4,0.0,1.4,2.55,0.0,2.2,2.1,1.0,1.8,2.25,4.2,0.0,0.0,0.0,0.0
69247e0e44e4cccaa87c2412,2.8600000000000003,2.05,1.9,3.6500000000000004,0.0,2.4,0.0,3.6,0.0,2.9,0.0,3.7,3.1,0.0,3.55,4.8,0.0,2.0,0.0,2.9,0.0,2.3,3.0999999999999996,4.7,1.2666666666666666,0.0,1.95,2.3,2.8,3.75,0.0,4.875,3.0,0.0,3.85,5.0,0.0,2.8,3.3,2.1,0.0,1.0,3.25,2.7,3.0,0.0,1.0,1.4000000000000001,0.0,2.4,2.9,0.0,2.4,2.6,2.8,4.0,0.0,0.0,1.0,0.0,0.0,1.65,2.0,1.0,0.0,1.35,0.0,1.3,0.0,4.2,3.2
69247e0e44e4cccaa87c2413,3.1999999999999997,1.7999999999999998,2.8,3.95,5.0,2.3,1.0,0.0,0.0,0.0,2.5,4.05,0.0,0.0,4.05,4.5,3.3666666666666667,2.4,0.0,2.8,3.7,0.0,3.65,4.3999999999999995,1.0,1.55,0.0,2.3,4.3,3.3,0.0,4.0,0.0,2.675,3.0,3.95,1.6,3.6,3.5,0.0,0.0,1.0,3.825,1.6,0.0,0.0,1.7999999999999998,1.5333333333333332,4.9,2.3,0.0,3.2,2.4,4.1,0.0,4.033333333333333,4.1,0.0,0.0,0.0,3.6,0.0,0.0,0.0,1.45,0.0,3.4,1.45,1.0,4.266666666666667,3.5
69247e0e44e4cccaa87c2414,3.3,1.3,0.0,3.6,4.5,2.3,0.0,4.7,1.7,3.3,4.1,2.4,0.0,0.0,4.266666666666667,4.866666666666666,3.7,0.0,0.0,2.7,3.4,2.1,2.5,0.0,2.1,2.0,1.65,0.0,4.0,4.8,3.7,4.7,0.0,4.0,2.7,4.6,0.0,3.033333333333333,3.1,0.0,3.5,1.3,3.6,2.5,1.6,0.0,1.7,2.5,5.0,1.35,3.3666666666666667,2.6,0.0,0.0,0.0,4.4,0.0,0.0,0.0,0.0,0.0,2.7,0.0,1.4,1.0,0.0,4.0,1.3,1.0,4.4,2.0
69247e0e44e4cccaa87c2415,3.6,1.825,1.3,3.4,5.0,2.6,1.4333333333333333,3.9499999999999997,1.8,4.066666666666666,4.0,3.6333333333333333,3.675,4.466666666666667,4.1,4.325,0.0,2.65,3.4,3.5,2.8666666666666667,2.8,0.0,4.1,1.7333333333333334,1.0,1.9666666666666668,2.55,3.5,3.2,2.9,4.7,0.0,2.95,3.3,0.0,1.0,0.0,0.0,2.033333333333333,4.4,1.4,4.333333333333333,2.1999999999999997,0.0,4.5,1.6,2.35,4.3,1.8,3.3,3.9,0.0,0.0,3.4000000000000004,4.2,3.8,0.0,1.5,1.8,0.0,1.55,2.5999999999999996,0.0,1.05,2.1,3.0666666666666664,0.0,0.0,0.0,3.5
69247e0e44e4cccaa87c2416,3.1,2.033333333333333,2.3666666666666667,3.2,4.933333333333334,2.55,1.5,4.325,1.4,0.0,3.2,4.2,3.65,4.05,3.4,0.0,0.0,2.3,5.0,3.35,0.0,2.35,3.1,0.0,1.0,2.3,2.5,1.7,0.0,4.85,4.2,5.0,3.6999999999999997,0.0,4.2,4.2,1.9,4.1,3.4000000000000004,2.05,4.5,0.0,3.533333333333333,2.1,2.5,3.7,0.0,0.0,3.8,1.0,2.3,4.4,1.4500000000000002,2.9,0.0,4.35,0.0,0.0,1.3,0.0,3.0,1.9,0.0,2.1500000000000004,1.0,0.0,3.3499999999999996,1.95,1.0,0.0,0.0
69247e0e44e4cccaa87c2417,3.45,0.0,0.0,4.55,0.0,0.0,1.0,4.566666666666666,2.3,0.0,2.7,3.6,0.0,3.85,0.0,4.55,4.1,0.0,0.0,0.0,0.0,3.7,3.6999999999999997,0.0,1.2,0.0,1.3,0.0,3.3,4.6,3.35,3.8,4.0,2.7,3.55,4.8,1.35,2.7,3.9,2.4,3.65,0.0,4.1,1.25,0.0,0.0,1.4,0.0,0.0,1.0,2.9000000000000004,3.4499999999999997,0.0,0.0,0.0,0.0,0.0,0.0,1.0,1.9000000000000001,2.95,1.2,0.0,1.0,1.2,1.6,0.0,0.0,0.0,4.6,3.9
69247e0e44e4cccaa87c2418,2.95,0.0,2.75,4.333333333333333,4.25,1.5,1.4,4.433333333333334,2.2333333333333334,3.3000000000000003,3.1999999999999997,2.9,3.6999999999999997,3.7,3.8600000000000003,0.0,3.7,3.7,4.8,3.3,0.0,2.6333333333333333,3.1500000000000004,4.2,1.95,0.0,1.4,2.0,2.9,3.8,3.1999999999999997,5.0,3.7,3.0,3.75,4.233333333333333,1.4,3.2,4.199999999999999,2.0,2.8,1.0,0.0,0.0,2.3,0.0,0.0,1.7,4.3,1.9,0.0,2.8,0.0,4.2,0.0,4.3,3.0,2.75,1.0,2.45,0.0,1.7000000000000002,2.4,0.0,2.2,1.2,4.0,0.0,0.0,0.0,0.0
69247e0e44e4cccaa87c2419,3.8,1.8,0.0,4.025,0.0,3.0,1.0,0.0,0.0,0.0,0.0,4.15,0.0,3.9,3.9666666666666663,4.55,3.35,3.9,4.6000000000000005,2.6,3.8,2.6,3.3,0.0,1.4,1.15,2.4,0.0,3.2,5.0,4.0,4.0,3.1500000000000004,3.2,3.5666666666666664,4.7,2.2,0.0,2.95,0.0,4.6,2.1,4.05,1.15,0.0,0.0,2.2,1.2,4.3,2.0,4.0,4.4,0.0,3.05,3.0,0.0,3.4,2.7,1.15,2.05,3.95,0.0,2.1999999999999997,0.0,0.0,1.8,0.0,0.0,1.9666666666666668,3.9000000000000004,0.0
69247e0e44e4cccaa87c241a,3.7,1.4,0.0,3.8499999999999996,4.3,0.0,1.2,0.0,0.0,3.95,3.8,3.6,3.6,5.0,0.0,0.0,3.35,0.0,0.0,4.1,0.0,2.2,3.9,0.0,0.0,1.0999999999999999,0.0,0.0,3.9,5.0,3.3,4.35,0.0,0.0,4.1,0.0,0.0,3.85,3.8666666666666667,2.4,3.766666666666667,1.5,0.0,1.2666666666666666,3.4,3.85,1.2,1.6,3.7,0.0,3.1500000000000004,3.56,1.1,2.3,0.0,5.0,4.166666666666667,2.966666666666667,1.2666666666666666,2.0,0.0,0.0,0.0,1.5,2.2,0.0,0.0,1.5,0.0,0.0,0.0
69247e0e44e4cccaa87c241b,3.1,2.3,1.95,4.4,0.0,1.9666666666666668,1.0,0.0,2.05,3.6,0.0,3.4,3.233333333333333,0.0,3.1,4.65,3.5,2.4,5.0,0.0,2.4,3.4,3.5599999999999996,0.0,1.3,0.0,1.5999999999999999,0.0,3.9,0.0,3.0999999999999996,5.0,0.0,3.1500000000000004,3.0,4.75,1.4000000000000001,0.0,3.8,2.7,0.0,1.5,0.0,2.5,0.0,0.0,0.0,0.0,4.75,0.0,3.15,3.35,0.0,4.3,0.0,0.0,0.0,2.5,1.9,3.1,0.0,1.0,1.5,0.0,1.0,1.65,0.0,0.0,1.95,0.0,0.0
69247e0e44e4cccaa87c241c,3.6399999999999997,1.4666666666666668,2.9,3.8,0.0,2.65,1.7,4.5,0.0,3.7,2.3666666666666667,2.6500000000000004,4.0,4.2,4.8,4.15,3.8,2.75,4.233333333333333,0.0,2.733333333333333,2.3,3.6666666666666665,3.9000000000000004,1.6,1.3199999999999998,1.8199999999999998,0.0,3.6999999999999997,4.1,0.0,4.9,3.3333333333333335,0.0,3.4,4.95,1.0,3.1,3.4,2.6,0.0,1.0,0.0,0.0,0.0,3.7,1.0,1.5,5.0,1.0,2.95,3.25,0.0,3.3333333333333335,0.0,4.2,5.0,3.233333333333333,1.6,2.4,0.0,2.5,1.5,1.6500000000000001,1.0,1.35,4.05,0.0,0.0,4.15,0.0
69247e0e44e4cccaa87c241d,2.925,1.5,2.2,4.7,3.9,0.0,1.3800000000000001,4.633333333333334,2.45,4.5,0.0,3.5,3.2,0.0,4.2,4.82,2.8,3.1500000000000004,5.0,0.0,2.2,0.0,3.4,3.2,1.9,2.1,1.3,1.6,3.5666666666666664,4.3,3.3333333333333335,3.7,0.0,0.0,4.4,5.0,1.125,0.0,4.133333333333333,2.1666666666666665,3.3,1.0,4.0,0.0,0.0,3.6,0.0,1.1,0.0,1.6,3.5999999999999996,4.025,1.6,0.0,0.0,4.5,3.6,2.9,1.0,2.3,2.5,2.3,2.7,1.8,0.0,2.2,2.6999999999999997,1.2,1.9,4.1,0.0
69247e0e44e4cccaa87c241e,3.0666666666666664,0.0,1.3,3.925,0.0,2.55,1.25,4.25,0.0,2.9,3.85,3.4000000000000004,4.25,4.2,3.8,4.5,3.733333333333333,3.1,0.0,4.2,3.3,3.033333333333333,4.0,0.0,0.0,1.65,2.15,3.3,3.033333333333333,5.0,2.75,5.0,3.3,3.0999999999999996,0.0,0.0,1.3333333333333333,3.466666666666667,3.8,2.15,4.2,1.4,4.0,1.5333333333333332,2.7,3.95,0.0,1.0,4.85,1.1,3.7,4.066666666666666,0.0,4.3,0.0,0.0,0.0,3.1,1.0,0.0,0.0,2.066666666666667,0.0,0.0,1.5,1.0,3.425,1.1,0.0,0.0,3.2
69247e0e44e4cccaa87c241f,2.7,1.6,2.2,3.775,5.0,1.85,1.8,4.466666666666667,2.2,4.5,3.233333333333333,3.8,4.3,0.0,3.9,3.9,2.9,2.8499999999999996,3.9,0.0,2.8000000000000003,2.6,3.45,3.875,0.0,1.3,2.8,2.1,4.4,0.0,0.0,4.55,3.5,3.0,0.0,5.0,2.0,4.0,3.2,2.0,3.8333333333333335,0.0,0.0,0.0,3.4,0.0,1.95,1.25,5.0,0.0,3.6,0.0,2.1,0.0,3.65,0.0,0.0,3.7,2.0,0.0,3.2,2.1,1.9,0.0,1.7,0.0,3.2,1.2999999999999998,1.1,0.0,3.55
69247e0e44e4cccaa87c2420,3.2,1.75,1.2,4.1,5.0,2.15,1.6500000000000001,0.0,1.5,4.6,3.6,0.0,0.0,4.7,3.6799999999999997,5.0,4.15,2.6,4.55,3.9000000000000004,0.0,2.6666666666666665,3.15,4.1,2.4,1.05,1.2,0.0,3.2,3.925,2.95,4.7,0.0,0.0,0.0,0.0,1.525,2.7,3.6,2.2,3.0,2.4,0.0,0.0,0.0,0.0,0.0,1.0,5.0,0.0,2.95,3.9499999999999997,2.25,3.5,0.0,3.7,3.8333333333333335,3.6,0.0,0.0,0.0,0.0,0.0,0.0,0.0,2.1333333333333333,3.0,1.0,2.0,0.0,0.0
69247e0e44e4cccaa87c2421,3.733333333333333,1.1,2.45,0.0,4.5,0.0,1.9,4.2,1.9500000000000002,3.9,3.5,3.2,3.8,0.0,0.0,4.35,0.0,2.55,0.0,3.2,2.55,2.0,3.55,0.0,1.3,1.0,1.4,1.95,3.7999999999999994,3.6,3.0,4.6,4.0,3.325,0.0,0.0,1.65,2.75,0.0,2.3,3.5,0.0,4.7,2.0,0.0,4.0,0.0,1.9000000000000001,0.0,1.7,2.1,0.0,2.3,0.0,3.4,0.0,4.1,2.5,1.0,0.0,3.3,1.4,0.0,2.25,1.8,1.6,3.3499999999999996,0.0,1.5,3.3,2.8
69247e0e44e4cccaa87c2422,3.0,1.05,0.0,3.5,4.8,2.5166666666666666,1.2666666666666666,4.55,2.1333333333333333,3.6,3.05,2.95,3.8,3.6,3.85,0.0,3.425,2.3,5.0,0.0,2.6500000000000004,3.8,3.35,0.0,0.0,1.9,1.675,0.0,0.0,4.6,0.0,4.279999999999999,3.7,3.5999999999999996,0.0,5.0,1.15,0.0,3.5,2.8,4.1,1.0,0.0,2.1,0.0,0.0,0.0,1.65,0.0,1.75,0.0,3.3499999999999996,2.9,4.2,0.0,0.0,4.8,3.7,1.7,0.0,0.0,0.0,2.7,0.0,1.7,1.525,3.35,1.4,1.5,4.2,3.5
69247e0e44e4cccaa87c2423,3.125,1.4,0.0,3.6,4.55,0.0,1.0,4.8999999999999995,2.3499999999999996,3.0,0.0,3.45,3.9,4.6,3.9,4.0,0.0,3.05,4.0,3.3,3.1666666666666665,3.55,3.95,4.6,1.4,1.3,1.9,1.8,3.7000000000000006,4.0,0.0,4.766666666666667,4.1,2.65,4.3,0.0,1.3,4.0,4.1,0.0,0.0,1.175,4.05,1.7399999999999998,3.0,0.0,1.0,1.5,5.0,1.35,0.0,0.0,2.3,3.8,3.6,0.0,3.1,0.0,1.5,0.0,2.7,0.0,2.5,1.3,1.7,1.3666666666666665,3.0,1.9500000000000002,0.0,3.5666666666666664,3.8
69247e0e44e4cccaa87c2424,3.55,2.3,1.1,0.0,5.0,1.5,1.4,4.3,1.2,0.0,2.95,2.4,0.0,4.7,0.0,0.0,0.0,0.0,4.566666666666666,3.2,3.0,2.8,2.7,0.0,0.0,1.2,1.8,0.0,0.0,4.5,3.4,4.7,3.7,2.4,0.0,4.3,1.6833333333333333,3.5,3.7,2.225,0.0,1.0,3.875,1.0999999999999999,2.1,0.0,1.0,1.5,0.0,1.0,3.7,0.0,0.0,0.0,3.0,4.05,3.2,2.3,1.0,2.45,2.1,0.0,2.1,0.0,0.0,1.1,3.0,2.0,0.0,4.4,0.0
69247e0e44e4cccaa87c2425,2.6500000000000004,0.0,2.7,5.0,4.833333333333333,2.3,0.0,3.6,1.2,4.125,3.1500000000000004,2.5,3.5,4.366666666666667,0.0,5.0,0.0,2.6,3.95,4.3,0.0,2.1,3.466666666666667,3.3,1.45,1.5999999999999999,1.9,0.0,0.0,4.5,3.7,0.0,0.0,2.3,0.0,5.0,1.2,0.0,3.4,2.45,0.0,0.0,4.4,1.7333333333333334,0.0,0.0,1.9,1.7333333333333332,4.8,1.0,2.9,3.8,2.0,3.3,3.45,4.05,0.0,3.25,1.3,1.6,0.0,0.0,2.9,1.5,1.5,1.65,2.8,0.0,1.1,0.0,3.0666666666666664
69247e0e44e4cccaa87c2426,3.4200000000000004,0.0,1.2,4.1,4.766666666666667,2.45,0.0,4.225,1.3,2.9,0.0,3.9,3.766666666666667,4.4,3.5,3.9,2.5,0.0,4.85,3.7,2.3333333333333335,0.0,2.733333333333333,4.1,1.2666666666666666,0.0,0.0,1.7,3.45,4.8,0.0,5.0,0.0,0.0,0.0,0.0,1.6,3.55,4.0,2.2,4.3,2.4,4.6,1.9666666666666668,3.5,4.7,0.0,0.0,4.1,2.1,0.0,0.0,2.3,0.0,3.266666666666667,3.9,3.9,3.4,0.0,3.1,3.9,0.0,1.8666666666666665,2.6,0.0,1.4,3.4000000000000004,0.0,0.0,0.0,0.0
69247e0e44e4cccaa87c2427,3.233333333333333,2.15,1.6,4.566666666666666,5.0,2.2,1.45,4.35,1.6333333333333335,3.766666666666667,0.0,2.9,0.0,0.0,4.05,4.775,3.4333333333333336,0.0,4.2,3.8666666666666667,3.8,2.4,3.5250000000000004,3.625,1.6666666666666667,1.15,1.0,3.0,3.5,4.6,3.325,4.4,3.8666666666666667,3.033333333333333,3.1,4.1,2.0,0.0,4.1,2.5999999999999996,4.6,0.0,3.5,1.8,3.2,0.0,0.0,2.0,0.0,0.0,2.8,4.2,1.9,0.0,0.0,3.9,0.0,0.0,1.6,0.0,0.0,1.2,2.2,0.0,0.0,2.3,2.8,1.9,0.0,0.0,0.0
69247e0e44e4cccaa87c2428,3.275,1.6,1.6,3.5,4.7,0.0,1.0,4.35,0.0,0.0,3.4000000000000004,3.9,3.8,5.0,4.0,4.6,2.9000000000000004,0.0,5.0,3.5,3.3333333333333335,3.0,3.5,0.0,1.5,1.0,2.4,3.4,3.8,3.9,3.1,4.6000000000000005,3.1500000000000004,3.7,4.1,3.9499999999999997,0.0,0.0,4.4,0.0,3.7,1.0,4.5,2.6,2.1,3.5,1.3333333333333333,2.15,4.5,1.5333333333333332,0.0,0.0,0.0,3.4000000000000004,3.4,4.0,0.0,0.0,2.1,0.0,0.0,1.8,2.5,0.0,1.9500000000000002,0.0,3.45,1.2333333333333334,1.0,3.9,2.3
69247e0e44e4cccaa87c2429,2.7600000000000002,1.7,1.5,4.4,4.75,2.0,1.0,4.366666666666667,1.8,3.3,2.35,3.6,4.2,3.5,3.2,4.55,3.4,3.3,0.0,3.95,3.8499999999999996,2.733333333333333,2.7,3.7,1.6333333333333335,0.0,1.2000000000000002,3.2,0.0,4.9,3.2,4.3999999999999995,0.0,3.5,0.0,5.0,1.35,3.2,3.2,1.7666666666666666,0.0,2.1,3.2,1.55,2.533333333333333,0.0,1.08,0.0,0.0,0.0,2.7,2.9,0.0,2.5,3.8,4.95,3.7,2.4,0.0,2.3,2.966666666666667,2.7,0.0,0.0,0.0,2.1,4.15,1.5999999999999999,0.0,0.0,3.4666666666666663
69247e0e44e4cccaa87c242a,2.9166666666666665,1.5,2.1,4.4,4.5,1.4,0.0,0.0,1.3,4.5,3.0666666666666664,2.6999999999999997,0.0,3.8,0.0,4.35,3.8,2.5999999999999996,0.0,3.95,3.5,2.5,3.3,3.8000000000000003,2.3,1.35,1.7666666666666666,2.2666666666666666,3.5,3.5,2.7,0.0,3.9,0.0,2.9,4.35,0.0,4.2,3.9,2.05,0.0,1.75,4.3,1.5,2.9333333333333336,3.0,0.0,1.0,0.0,0.0,0.0,0.0,0.0,3.3,3.2,4.5,0.0,3.3,0.0,1.9,4.0,2.0,2.4,2.6,1.7,1.5,0.0,1.7,1.15,0.0,3.4
69247e0e44e4cccaa87c242b,2.966666666666667,1.4666666666666668,1.7999999999999998,3.9000000000000004,4.15,1.7,1.15,3.7,0.0,3.7,3.1999999999999997,3.233333333333333,3.1,4.366666666666666,4.166666666666667,5.0,3.2,2.45,4.8,0.0,2.6,0.0,2.7,4.1,1.2,1.5,1.55,2.3,3.1,4.9,3.8,4.6,3.2,0.0,3.8000000000000003,4.0,1.05,3.8499999999999996,4.0,2.4,3.2,1.55,3.7,2.2,2.4,0.0,0.0,1.8,0.0,1.3,0.0,2.9000000000000004,1.35,0.0,2.8,5.0,0.0,3.8,0.0,2.9,3.1500000000000004,0.0,1.4,1.0,1.775,0.0,3.1500000000000004,0.0,0.0,0.0,2.1500000000000004
69247e0e44e4cccaa87c242c,3.5,1.0,2.0,3.5999999999999996,0.0,2.9,1.0,3.4,1.7000000000000002,3.3,0.0,0.0,3.9,3.4,3.2,4.825,3.9,3.0999999999999996,0.0,0.0,2.65,3.1999999999999997,3.1,4.4,0.0,1.225,0.0,2.6,2.9,3.3,3.8499999999999996,0.0,4.3,0.0,3.5,0.0,1.325,4.0,3.2,2.75,2.9,2.2,4.4,2.8,0.0,0.0,1.4,0.0,0.0,1.4,0.0,4.15,2.0,0.0,0.0,3.75,3.0,3.2,1.55,2.9,0.0,1.15,0.0,2.5,1.7,1.0,0.0,1.6,1.0,3.6,3.6
69247e0e44e4cccaa87c242d,2.5,1.4000000000000001,1.9,4.3,4.4,3.2,0.0,5.0,1.3,3.8,3.75,2.7,4.7,0.0,0.0,5.0,2.7,2.0,0.0,4.2,2.7,2.8666666666666667,3.0,3.2,2.2,1.4,0.0,2.55,4.0,4.6,0.0,4.6000000000000005,0.0,3.5,3.0,0.0,1.9,4.0,0.0,2.1,0.0,1.1333333333333333,3.9,0.0,2.6,3.45,1.6,1.7999999999999998,0.0,1.8,3.375,4.1,0.0,0.0,3.6,4.0,4.9,0.0,1.4,0.0,0.0,2.4,0.0,1.1,0.0,1.0,3.3,0.0,0.0,3.8,0.0
69247e0e44e4cccaa87c242e,3.0666666666666664,0.0,1.7,3.975,0.0,1.4,1.4666666666666668,0.0,1.7,0.0,0.0,3.15,0.0,3.766666666666667,4.1,4.4,2.7,3.1,4.8999999999999995,3.65,0.0,0.0,0.0,0.0,1.7,1.5,1.7,2.4,4.1,4.15,4.3,4.15,0.0,4.0,0.0,4.133333333333334,1.2,3.0999999999999996,0.0,2.1,4.033333333333333,0.0,3.45,0.0,2.1,0.0,0.0,0.0,0.0,0.0,2.2,0.0,0.0,2.5,0.0,0.0,3.2,0.0,0.0,0.0,0.0,1.0,1.6,0.0,0.0,0.0,2.9,1.6,1.4333333333333333,0.0,0.0
69247e0e44e4cccaa87c242f,3.625,1.4,2.1,4.633333333333334,0.0,2.6,2.0,4.7,2.0,2.8499999999999996,2.85,3.45,4.0,3.4,4.6,0.0,3.5,2.9333333333333336,0.0,3.6666666666666665,2.6,3.2,3.0,3.0,1.7333333333333334,0.0,1.6,2.65,3.6,0.0,2.5,5.0,0.0,2.6,0.0,0.0,1.1,3.4,4.5,1.7666666666666666,3.9,0.0,0.0,1.1,2.3000000000000003,3.0,1.35,1.0,4.0,1.5,3.1,3.2,0.0,3.2,0.0,4.5,3.825,0.0,1.0,1.6,0.0,2.45,2.2,0.0,0.0,1.4,3.2,1.5,1.2,3.65,0.0
69247e0e44e4cccaa87c2430,3.525,2.075,1.9666666666666668,3.78,0.0,2.3000000000000003,1.6333333333333335,4.125,0.0,4.6,3.1,4.2,4.5,4.2,0.0,4.85,2.6500000000000004,3.7,4.7,3.425,2.8,3.25,3.25,3.6500000000000004,1.0,1.5,1.5,2.55,3.5,3.4,3.3,4.45,3.5,3.0,3.025,5.0,1.8666666666666665,3.4,4.2,2.0,0.0,2.0,3.55,1.0,2.2,0.0,0.0,0.0,0.0,2.4,3.9,2.6,0.0,0.0,3.3666666666666667,3.4,0.0,3.2,1.1,0.0,0.0,1.85,1.4,0.0,1.0,0.0,2.7,0.0,0.0,4.35,2.45
69247e0e44e4cccaa87c2431,2.84,1.45,1.2,4.0,0.0,1.9,0.0,3.6666666666666665,2.125,2.85,4.0,2.6,0.0,4.1,0.0,4.866666666666666,0.0,2.2,4.4,3.175,3.5999999999999996,2.533333333333333,2.8,2.9,1.5,0.0,0.0,3.0,4.0,4.6,3.2,3.7,0.0,2.3,2.6,0.0,1.1,2.8,3.3666666666666667,2.5,0.0,1.0,4.0,1.35,2.9000000000000004,3.1,1.4,1.3,4.4,2.2,2.5,2.8,1.2,3.3499999999999996,3.9,0.0,3.2,2.8,0.0,0.0,0.0,0.0,0.0,1.35,2.3,0.0,3.1,1.8,1.0,4.1,0.0
69247e0e44e4cccaa87c2432,3.1333333333333333,1.2666666666666666,2.6,4.25,0.0,1.85,1.4,4.733333333333333,2.25,0.0,3.3,3.05,3.9,4.233333333333333,0.0,5.0,3.2,3.8,4.8,3.7,2.85,3.65,3.8,3.0,1.0,1.05,1.5,2.6,3.6,4.45,2.8000000000000003,4.0,4.0,0.0,4.4,0.0,1.0,4.2,3.2,0.0,4.0,1.5,4.125,0.0,0.0,0.0,0.0,2.1666666666666665,5.0,2.4,3.4000000000000004,0.0,0.0,3.8499999999999996,4.5,4.25,0.0,2.6,1.3,2.3,2.8,1.2,2.15,2.7,1.1,1.9,0.0,0.0,1.5,3.9,3.3
69247e0e44e4cccaa87c2433,2.4,1.0,0.0,3.1,5.0,1.6,0.0,3.9,0.0,0.0,3.0,3.0666666666666664,0.0,3.6,0.0,0.0,0.0,3.7,0.0,0.0,0.0,2.2,2.6,0.0,0.0,1.7666666666666666,1.5999999999999999,0.0,4.2,4.4,2.75,4.3,4.449999999999999,2.5,0.0,4.9,1.225,3.05,3.1,2.45,3.3,0.0,4.375,1.7,3.4,0.0,1.6,1.6,3.8,1.4500000000000002,0.0,0.0,0.0,0.0,0.0,0.0,4.8,3.3,1.35,2.95,3.8,2.5,3.1,2.1,1.1,0.0,0.0,0.0,1.5,0.0,0.0
69247e0e44e4cccaa87c2434,3.6,1.65,0.0,4.15,5.0,0.0,1.0,0.0,1.2,3.35,3.6666666666666665,3.1666666666666665,3.575,0.0,4.35,0.0,3.6,2.5,3.75,2.9,0.0,2.7,3.1,4.2,1.0,0.0,0.0,2.6500000000000004,0.0,0.0,3.8,0.0,2.8,0.0,4.3,4.833333333333333,1.52,3.4,3.5,2.12,0.0,2.5,3.7,1.9,3.0999999999999996,4.2,1.0,2.1999999999999997,4.4,2.0,0.0,3.7,0.0,0.0,0.0,0.0,0.0,2.9,1.0,3.4,0.0,1.05,2.7,2.15,1.3,1.8,3.5,1.5,0.0,4.25,2.2
69247e0e44e4cccaa87c2435,2.825,1.7,0.0,4.0,4.0,2.8499999999999996,1.4,5.0,1.7999999999999998,4.0,4.1,0.0,4.033333333333333,0.0,3.7,5.0,3.5,0.0,4.3,3.7,3.3,3.0,3.9,3.1999999999999997,0.0,0.0,1.7,2.6,4.0,4.15,0.0,0.0,0.0,3.0,3.5999999999999996,4.6,1.7,3.4,3.966666666666667,2.2,0.0,1.5,3.9000000000000004,0.0,0.0,4.3,1.0,0.0,5.0,1.8,4.0,3.4,2.4,0.0,0.0,0.0,4.3,2.3,0.0,0.0,0.0,2.4,1.7,0.0,0.0,0.0,0.0,1.5333333333333332,0.0,0.0,0.0
69247e0e44e4cccaa87c2436,2.9000000000000004,2.2,1.3,4.05,0.0,1.9500000000000002,1.35,5.0,0.0,3.5,3.1,3.25,3.45,3.45,4.2,4.8999999999999995,3.45,0.0,4.2,4.15,2.5,0.0,0.0,3.8,0.0,1.0,0.0,2.65,4.4,4.0,4.2,4.2,0.0,0.0,2.8,0.0,1.4833333333333334,2.6666666666666665,0.0,2.3499999999999996,0.0,0.0,3.6,1.4,0.0,3.85,2.2,1.0,4.233333333333333,1.7,3.3,3.3,0.0,3.125,0.0,4.2,4.8,2.8,1.2333333333333334,1.9,0.0,1.1,2.2,0.0,1.8,1.5,2.8,1.3,1.0,0.0,0.0
69247e0e44e4cccaa87c2437,2.4,1.75,2.066666666666667,3.3,4.6,2.4,1.5,4.55,2.3,0.0,2.5,0.0,0.0,0.0,3.8,0.0,0.0,3.6,0.0,2.95,3.8,2.8,3.0,3.6,1.2,1.0,1.2,0.0,4.65,3.8499999999999996,3.05,0.0,0.0,2.5,0.0,5.0,0.0,0.0,0.0,1.75,4.15,1.0,0.0,1.9,3.1,3.1,1.15,1.7,4.45,1.9666666666666668,3.0200000000000005,3.5250000000000004,1.8,0.0,3.05,4.166666666666667,4.0,3.0,0.0,2.9000000000000004,2.8,0.0,2.4,2.55,0.0,1.0,3.5,1.6,0.0,3.5,3.0
69247e0e44e4cccaa87c2438,2.675,1.375,1.2,3.95,5.0,2.3333333333333335,1.0,4.4,1.1,0.0,2.8,3.3,3.4,3.7,0.0,0.0,2.9,3.4,4.25,2.9,2.8,2.6,3.15,0.0,0.0,0.0,0.0,0.0,3.9,4.6,0.0,3.9,0.0,0.0,0.0,4.4,1.0,3.45,0.0,2.075,2.9,1.0,4.4,2.125,2.85,4.6,1.7000000000000002,0.0,0.0,1.5666666666666664,2.85,0.0,2.4,4.0,3.45,3.3,3.8,2.4,1.3,1.7,3.7,0.0,2.7,1.6,1.15,1.85,3.55,2.0,2.1,4.1,3.4000000000000004
69247e0e44e4cccaa87c2439,3.4,0.0,1.475,4.025,5.0,2.4000000000000004,1.0,5.0,1.1,0.0,3.0,0.0,3.2,4.65,4.3,4.7,0.0,0.0,4.25,0.0,0.0,2.2666666666666666,4.0,3.8,1.6,1.4,1.4,2.5,0.0,3.35,0.0,4.25,4.5,3.4,3.2,0.0,1.4,0.0,4.3,0.0,0.0,0.0,3.7,0.0,2.3,0.0,0.0,0.0,5.0,1.5,0.0,4.2,1.3,3.15,0.0,0.0,0.0,3.6,1.0,2.9,0.0,0.0,2.6,2.7,1.9,1.1,2.9,2.5,1.9,0.0,0.0
69247e0e44e4cccaa87c243a,2.9,1.2,0.0,3.3,4.8,1.9,0.0,4.2,1.9666666666666668,0.0,2.95,2.8333333333333335,3.3,4.0,0.0,0.0,0.0,3.233333333333333,4.1,0.0,2.0,0.0,3.5,3.0,0.0,1.0,1.1,0.0,2.8,4.35,3.1,5.0,3.2000000000000006,3.0,2.5,0.0,1.3,3.6666666666666665,4.15,2.1,4.5,1.0,4.7,1.2,3.2,0.0,0.0,0.0,4.7,1.8,3.3000000000000003,3.2750000000000004,2.2,3.3,4.2,4.25,0.0,3.6,1.2,2.3,0.0,1.0,2.6,1.4500000000000002,0.0,2.0999999999999996,3.0,2.3,2.3,3.6,0.0
69247e0e44e4cccaa87c243b,3.0875,1.05,1.75,4.34,4.3,2.2399999999999998,1.0,3.8,1.4,3.6,0.0,2.4,3.4,4.35,4.3,4.733333333333333,0.0,3.3,4.45,0.0,3.233333333333333,0.0,3.2,4.2,1.0,1.7,2.5,2.5,3.733333333333333,3.4,2.55,4.566666666666666,0.0,2.4,4.300000000000001,5.0,1.5666666666666667,2.6,0.0,2.2,4.4,1.0,3.1,1.6,2.4,3.5,0.0,1.3,0.0,0.0,3.15,2.7,2.7,0.0,0.0,4.133333333333334,4.0,2.8333333333333335,1.5,2.6666666666666665,0.0,0.0,0.0,1.7000000000000002,1.0,0.0,3.6333333333333333,1.3,1.7,4.2,2.2
69247e0e44e4cccaa87c243c,3.0,1.95,0.0,0.0,0.0,0.0,1.9666666666666668,3.7,0.0,4.133333333333334,0.0,0.0,0.0,3.35,3.6999999999999997,0.0,2.8,2.4,4.3,0.0,2.5,0.0,3.4,3.75,1.3,1.75,2.3666666666666667,0.0,3.0,4.3,3.5,4.45,3.9,2.2,0.0,4.55,1.0,3.45,3.4,1.3,0.0,1.4,0.0,1.0,2.8,4.35,2.3,0.0,0.0,0.0,3.7,0.0,0.0,2.9,2.6,0.0,0.0,2.4,1.4,3.2,0.0,0.0,0.0,0.0,1.5666666666666664,0.0,0.0,1.8333333333333333,0.0,4.7,0.0
69247e0e44e4cccaa87c243d,3.6,1.3,2.8,3.55,4.8,0.0,1.4333333333333333,4.116666666666666,0.0,0.0,2.65,2.6,0.0,4.066666666666666,4.233333333333333,3.7,0.0,3.9,4.65,0.0,3.1,3.4,3.55,0.0,1.65,0.0,0.0,1.9500000000000002,0.0,3.6999999999999997,3.5,5.0,4.1,0.0,3.8,4.35,2.1,0.0,4.5,0.0,0.0,1.0,0.0,0.0,0.0,0.0,0.0,2.4,0.0,0.0,0.0,0.0,0.0,4.0,0.0,0.0,4.7,0.0,1.0,2.4,0.0,0.0,2.5,2.6,0.0,0.0,0.0,1.7000000000000002,0.0,4.6,3.2
69247e0e44e4cccaa87c243e,3.8,1.05,1.6,4.142857142857143,5.0,0.0,0.0,4.8,0.0,3.2,2.5,3.4333333333333336,0.0,4.5,3.1,4.55,0.0,0.0,5.0,2.95,2.4,3.25,4.0,0.0,2.2,0.0,1.8666666666666665,0.0,4.7,4.633333333333334,2.9,5.0,3.9,0.0,3.225,4.3,1.0,3.8000000000000003,3.266666666666667,2.2,3.266666666666667,0.0,0.0,1.5,3.3,3.75,1.0,1.0,0.0,0.0,3.0,3.3,0.0,3.75,3.15,0.0,3.9,3.3,2.0,0.0,0.0,2.4,1.7,0.0,0.0,1.4,0.0,1.9333333333333333,2.3,4.8,3.3
69247e0e44e4cccaa87c243f,3.3333333333333335,1.6500000000000001,2.0,0.0,4.45,2.2,1.25,3.8,2.2,3.3,0.0,4.1,4.3,0.0,4.6,4.3,3.6,3.3,4.6,3.1,0.0,3.1,4.5,4.4,1.0,1.1333333333333333,2.25,0.0,4.05,3.6,0.0,0.0,3.2,3.5,0.0,4.65,1.0,0.0,3.4,1.6,2.8,0.0,4.3,1.2,0.0,0.0,0.0,1.4,0.0,1.75,3.8,0.0,0.0,0.0,0.0,4.5,4.0,0.0,2.0,0.0,2.1,1.3,1.9,0.0,1.0,2.4,3.7,0.0,0.0,0.0,2.5
69247e0e44e4cccaa87c2440,2.96,2.1,2.025,3.775,4.566666666666666,0.0,1.4,4.75,2.3,3.3499999999999996,3.3,3.6,3.766666666666667,4.7,3.1500000000000004,4.65,3.05,2.1,0.0,2.5,3.0999999999999996,0.0,3.1,3.9,1.8,1.35,1.8,0.0,4.199999999999999,0.0,0.0,0.0,3.65,3.2,0.0,4.5,1.0,3.45,0.0,2.033333333333333,3.0,1.3,3.2,1.625,3.0,0.0,0.0,1.0,3.7,1.2,2.3,3.9,2.3,3.55,0.0,0.0,0.0,0.0,0.0,2.4,3.9,1.7,1.55,0.0,1.3,1.1,3.5999999999999996,1.9000000000000001,1.0,4.1,0.0
69247e0e44e4cccaa87c2441,3.15,1.5,2.0999999999999996,4.2,4.533333333333333,2.566666666666667,1.0,4.7,1.4,4.3,0.0,4.2,2.9,4.633333333333334,0.0,4.85,2.75,2.9,0.0,3.0,3.0666666666666664,2.1666666666666665,3.4,4.7,1.0,1.9000000000000001,1.1,2.65,0.0,0.0,0.0,5.0,3.4,2.8,0.0,4.833333333333333,1.0,0.0,3.4,1.7999999999999998,0.0,1.9500000000000002,0.0,1.4,3.5,3.15,1.4,0.0,3.6,0.0,0.0,2.6,1.4500000000000002,0.0,0.0,0.0,3.8,2.9,2.0,0.0,0.0,0.0,0.0,0.0,0.0,1.5333333333333332,4.15,2.6,1.3,0.0,3.5
69247e0e44e4cccaa87c2442,3.0,2.45,1.8,3.525,4.65,1.9749999999999999,1.6,4.65,0.0,4.7,4.1,3.3,3.0,4.2,4.199999999999999,5.0,3.0,3.3000000000000003,4.166666666666667,3.0,0.0,3.7,3.05,0.0,2.3,2.0,1.5799999999999998,2.5,2.95,3.4,4.1,5.0,3.9333333333333336,2.975,3.466666666666667,5.0,1.05,3.9,2.9,0.0,3.2,0.0,3.55,1.9,0.0,0.0,1.0,0.0,4.5,0.0,2.8499999999999996,0.0,2.5,0.0,2.6,4.2,0.0,3.1,1.0,0.0,0.0,1.6,0.0,2.1,0.0,0.0,0.0,1.8,0.0,0.0,3.7
69247e0e44e4cccaa87c2443,3.4,1.4,2.1,3.5,4.9,2.8,1.25,0.0,1.8999999999999997,0.0,3.6,0.0,3.9,0.0,0.0,0.0,0.0,0.0,5.0,0.0,0.0,0.0,3.125,4.1,2.0,2.1,2.1,3.1,2.95,3.3,2.9,4.9,3.9,0.0,3.4,4.1,1.3,3.733333333333333,4.0,2.766666666666667,0.0,1.0,3.3,0.0,0.0,0.0,0.0,0.0,4.0,1.7999999999999998,3.2,2.7,2.9,0.0,3.8,3.9,3.7,2.9,0.0,0.0,2.7,0.0,0.0,1.8,1.2,0.0,4.3,0.0,0.0,3.95,2.9333333333333336
69247e0e44e4cccaa87c2444,2.7,2.5,2.3333333333333335,4.15,0.0,2.7,1.4,5.0,1.1,4.35,0.0,3.4,4.1,4.6,4.05,3.8,0.0,0.0,4.8,3.3,0.0,3.3666666666666667,3.45,3.5,2.0,0.0,1.3,2.4000000000000004,0.0,3.8,0.0,0.0,2.7,3.7,0.0,0.0,1.65,4.3,0.0,1.4,0.0,2.0,4.266666666666667,2.4,2.3,0.0,1.6,0.0,0.0,1.3,2.8333333333333335,3.05,2.3666666666666667,2.8,4.4,0.0,4.0,3.7,1.0,0.0,0.0,2.5,3.3,1.1,1.7,1.0,2.6,1.35,0.0,0.0,2.25
69247e0e44e4cccaa87c2445,3.0666666666666664,1.0,1.2,3.8333333333333335,3.9499999999999997,2.7,1.0,4.1,2.7,3.45,3.6,3.8,4.4,0.0,3.425,4.76,3.35,3.6500000000000004,5.0,3.466666666666667,2.0,2.94,0.0,3.35,0.0,1.0,2.3000000000000003,1.8,4.2,4.0,3.35,4.85,0.0,2.7,3.4,4.266666666666667,1.0,2.6,3.875,0.0,4.1,2.0,0.0,0.0,2.2,2.9,0.0,0.0,0.0,2.0,2.6500000000000004,3.2,0.0,0.0,3.9,3.5,0.0,0.0,2.0,0.0,3.2,1.5999999999999999,0.0,0.0,0.0,0.0,0.0,2.4,1.4,3.8,0.0
69247e0e44e4cccaa87c2446,2.6,1.7666666666666666,1.85,3.4,4.3,2.3333333333333335,1.3333333333333333,4.35,1.5999999999999999,3.875,3.9,3.9,4.133333333333334,4.7,3.8666666666666667,0.0,2.8,2.4,4.0,3.9,2.6,0.0,3.1999999999999997,3.1,1.7,1.5666666666666667,1.85,0.0,4.1000000000000005,3.8499999999999996,3.7,4.3,3.0,3.0,2.5,0.0,1.0,0.0,4.05,0.0,3.5749999999999997,1.75,4.166666666666667,1.5,0.0,4.025,2.4,1.7,4.0,1.7,0.0,3.2,0.0,3.6666666666666665,4.25,0.0,4.15,3.075,0.0,0.0,3.5,1.7,2.5,2.0999999999999996,1.9,1.48,2.8,1.0,1.0,4.2,3.55
69247e0e44e4cccaa87c2447,2.8,1.0,2.6999999999999997,3.4000000000000004,4.933333333333334,1.8,1.1400000000000001,4.36,0.0,3.8499999999999996,2.3666666666666667,3.533333333333333,0.0,0.0,3.8499999999999996,4.25,2.8,0.0,3.7,0.0,3.9,2.2,0.0,4.1,0.0,0.0,0.0,2.05,3.5,0.0,3.8,0.0,0.0,0.0,2.6,4.866666666666666,1.36,4.0,4.7,0.0,3.6666666666666665,1.2333333333333334,3.5666666666666664,1.4500000000000002,3.5,4.15,0.0,1.0,4.433333333333334,2.3499999999999996,0.0,3.3499999999999996,2.4,0.0,3.266666666666667,0.0,4.3,3.2,0.0,2.2,0.0,2.15,2.3,2.033333333333333,0.0,1.3,3.3,2.2,1.0,4.333333333333333,3.5
69247e0e44e4cccaa87c2448,3.4,2.2,1.3,4.800000000000001,4.0,0.0,0.0,4.3,2.2,4.6,3.7,3.3,3.4,0.0,3.85,4.35,4.1,3.5,4.8,0.0,0.0,0.0,0.0,0.0,2.2,1.2,1.5,2.325,3.5,4.3,0.0,4.7,3.5,0.0,3.4333333333333336,0.0,1.0,3.4000000000000004,0.0,2.3,0.0,1.7,0.0,1.6333333333333335,2.4000000000000004,3.15,0.0,2.4,4.4,1.55,0.0,4.4,0.0,3.0,0.0,0.0,4.8,3.6,1.2,2.65,3.9,1.3,0.0,0.0,0.0,1.4,4.1,1.7,1.0,0.0,0.0
69247e0e44e4cccaa87c2449,2.6666666666666665,1.25,2.325,4.5,4.3,0.0,2.1,4.633333333333334,0.0,3.7,0.0,3.2,3.95,4.7,3.05,0.0,3.7,3.6,3.9,3.4,3.7,3.9,3.9,4.7,0.0,1.3,0.0,1.5,3.8333333333333335,0.0,3.6500000000000004,0.0,0.0,3.9,4.1,4.8,2.3,3.766666666666667,3.8600000000000003,1.8,3.1666666666666665,1.6,0.0,1.7000000000000002,2.8,3.4,1.4,1.05,0.0,1.0,0.0,3.433333333333333,0.0,3.6,0.0,4.1,4.15,0.0,1.15,2.5,0.0,0.0,2.4,1.9333333333333333,1.05,1.3,3.3,0.0,0.0,3.8,3.9
69247e0e44e4cccaa87c244a,3.466666666666667,1.0,0.0,3.4000000000000004,4.766666666666667,0.0,1.0,4.35,0.0,3.4333333333333336,0.0,0.0,2.8,3.7,4.4,5.0,3.7,0.0,0.0,3.8,2.45,2.8000000000000003,2.9,3.0,0.0,1.6,1.9,1.9,3.8,5.0,3.1,4.2,4.4,2.433333333333333,3.2,4.75,1.3166666666666667,2.966666666666667,3.85,2.15,3.6333333333333333,0.0,0.0,1.9000000000000001,2.7,3.8333333333333335,1.9,1.0,4.6,0.0,2.4,0.0,2.0,3.1,3.3,4.3,3.2,3.45,1.75,2.25,3.5,1.0,1.4,1.8,0.0,1.5,3.5,1.3,0.0,3.5,0.0
69247e0e44e4cccaa87c244b,3.2,0.0,1.1,4.8,5.0,3.2,0.0,3.9000000000000004,0.0,0.0,3.1500000000000004,3.466666666666667,3.0,4.1,0.0,4.5,3.9,2.6,0.0,3.4,3.5,2.3,2.7,3.4,1.0,0.0,1.9,0.0,3.4000000000000004,5.0,3.4499999999999997,4.0,2.7,0.0,0.0,0.0,1.0,3.0,3.65,1.9500000000000002,0.0,0.0,0.0,1.25,0.0,4.3,1.4,1.9,4.7,0.0,3.4,2.9,2.7,2.4,0.0,0.0,3.6500000000000004,0.0,1.1,2.75,2.7,2.5,0.0,0.0,0.0,1.0,3.8,2.7,0.0,0.0,2.2
69247e0e44e4cccaa87c244c,2.925,0.0,2.5,3.85,0.0,2.15,1.3333333333333333,4.133333333333333,0.0,0.0,3.65,3.1,0.0,4.0,3.8,5.0,2.9,0.0,0.0,2.766666666666667,2.8666666666666667,3.0,3.2,3.7,1.35,0.0,2.3,2.55,3.8,3.6,3.25,4.566666666666666,3.6,0.0,0.0,5.0,0.0,4.1,0.0,2.7,4.1,0.0,0.0,1.65,3.1,4.05,2.3,1.0,4.45,0.0,0.0,3.3,1.7000000000000002,3.9,3.6,0.0,0.0,0.0,1.45,2.566666666666667,2.8,1.3333333333333333,2.2,1.3,0.0,1.9,4.050000000000001,1.35,0.0,5.0,0.0
69247e0e44e4cccaa87c244d,3.95,1.45,2.9,4.8,5.0,1.4,1.6,4.1,1.0,4.5,0.0,3.5666666666666664,4.3,4.5,3.4,5.0,0.0,3.0250000000000004,4.4,3.4,0.0,3.0,0.0,4.2,0.0,1.0,0.0,3.2,2.9,3.8,3.75,0.0,3.0,3.6,2.9,0.0,1.0,0.0,4.8,2.05,0.0,2.3,3.9,0.0,2.55,4.2,1.8,1.6,5.0,1.8,3.6,3.1999999999999997,1.6,0.0,0.0,0.0,0.0,4.0,1.0,0.0,0.0,2.0,0.0,2.45,0.0,1.0,3.4000000000000004,2.7,1.3,0.0,3.7
69247e0e44e4cccaa87c244e,3.125,2.033333333333333,3.0,0.0,0.0,0.0,1.5666666666666667,4.05,0.0,3.8,3.05,3.35,4.05,4.3,0.0,3.7,2.4,3.7,0.0,3.3,3.7,2.9,4.033333333333333,3.0,0.0,1.5999999999999999,2.15,0.0,0.0,0.0,2.4,0.0,3.25,3.9,0.0,4.7,1.8333333333333333,3.95,4.8,2.25,0.0,1.65,0.0,0.0,0.0,0.0,0.0,1.4,5.0,1.1,2.7,3.6,2.7,0.0,0.0,4.550000000000001,3.5,0.0,1.7,2.7,0.0,0.0,3.0,0.0,1.0,2.5,4.35,1.7,2.2,0.0,0.0
69247e0e44e4cccaa87c244f,3.1500000000000004,0.0,2.1999999999999997,3.9333333333333336,0.0,2.3,1.3,4.7,2.3666666666666667,2.7,3.1,0.0,4.3,0.0,4.15,4.1000000000000005,0.0,2.0,0.0,3.45,3.3,2.8,4.0,3.85,1.275,0.0,0.0,2.1,3.6,3.45,2.6,0.0,0.0,0.0,3.925,4.55,1.2333333333333334,3.4000000000000004,4.0,1.7,3.4,0.0,4.7,1.0,2.1,4.0,1.0,1.15,4.2,1.0,2.6666666666666665,2.9,1.5,3.1,0.0,0.0,0.0,2.3,1.0,2.5,0.0,1.9,0.0,0.0,0.0,1.75,2.5,2.0,2.0,4.9,0.0
69247e0e44e4cccaa87c2450,3.25,1.3,1.9500000000000002,3.7,0.0,2.075,1.3,4.3,1.75,4.5,0.0,4.2,3.0,3.5,2.8,0.0,0.0,2.6333333333333333,4.1,3.5,0.0,0.0,3.8,4.2,0.0,2.0,1.4333333333333333,2.6,0.0,3.933333333333333,2.6,3.7,4.2,0.0,0.0,3.8,1.025,3.0,4.1,0.0,0.0,1.6,3.4,1.3333333333333333,2.9000000000000004,4.5,2.1,1.3,0.0,1.4,2.75,3.75,0.0,3.7,0.0,3.85,0.0,0.0,1.0,2.95,2.8,0.0,1.9666666666666668,0.0,1.3,1.4,3.35,0.0,0.0,4.325,2.5
69247e0e44e4cccaa87c2451,2.7,1.6,2.0,4.550000000000001,4.366666666666667,0.0,1.0666666666666667,3.4,0.0,4.0,0.0,3.8,3.533333333333333,4.300000000000001,4.3,4.3,2.85,3.5,0.0,0.0,0.0,2.8,3.3,0.0,1.0,1.0,1.0,2.533333333333333,4.3,5.0,0.0,4.9,3.8,3.3,2.725,3.9,1.4666666666666668,3.5,0.0,2.1,3.5666666666666664,1.0,0.0,1.9666666666666668,0.0,3.3,2.0,0.0,3.8,1.5,3.533333333333333,0.0,2.9,0.0,0.0,0.0,4.4,3.3,2.1,0.0,3.2,1.6666666666666667,2.1,1.6,1.5,1.8333333333333333,3.85,0.0,1.55,0.0,0.0
69247e0e44e4cccaa87c2452,4.05,0.0,1.9000000000000001,3.9,5.0,1.8,1.15,4.5,0.0,4.3,3.3499999999999996,3.2,0.0,0.0,0.0,4.8999999999999995,3.5,3.0666666666666664,4.25,0.0,0.0,0.0,3.233333333333333,3.6666666666666665,1.65,0.0,1.5333333333333332,1.7,0.0,4.6,3.5,4.6000000000000005,0.0,0.0,3.4,0.0,2.2,3.15,0.0,2.325,0.0,0.0,0.0,1.5,0.0,3.4,1.0,0.0,4.9,1.9,4.0,0.0,0.0,0.0,3.3,0.0,3.1,3.2,1.0,2.1,0.0,0.0,0.0,1.55,1.0,0.0,0.0,0.0,0.0,4.3,0.0
69247e0e44e4cccaa87c2453,3.0285714285714285,1.7,1.9,4.575,0.0,2.275,1.0,4.300000000000001,2.2,3.0,3.1333333333333333,2.9,3.95,0.0,3.3,4.2,4.2,3.0,3.9,0.0,3.0,0.0,0.0,3.8,1.0333333333333334,1.5,1.7999999999999998,0.0,3.3499999999999996,3.6333333333333333,3.0,5.0,4.2,3.1,3.3,5.0,1.75,2.8,0.0,2.95,0.0,1.8999999999999997,4.0,2.4,1.9,4.1,0.0,0.0,3.6,0.0,0.0,3.8,1.8,3.6,3.7,0.0,4.3,0.0,1.0,3.1,0.0,0.0,1.7,2.6,0.0,1.0,4.0,1.75,2.3,0.0,0.0
69247e0e44e4cccaa87c2454,3.3333333333333335,1.65,0.0,4.125,4.9,2.2,1.0,4.1,0.0,3.95,0.0,2.6,0.0,4.15,4.6,4.8,0.0,0.0,3.6,3.4,0.0,3.55,4.1,3.55,1.9000000000000001,1.0,1.6,2.8333333333333335,2.9,4.3,3.5,4.5,0.0,3.3,3.8499999999999996,5.0,1.5333333333333332,3.95,0.0,2.05,2.8,1.6,4.05,0.0,0.0,4.3,1.0,1.0,4.6,1.95,2.9,0.0,0.0,0.0,0.0,3.6,4.8,3.9,1.0,0.0,3.6,0.0,2.2,0.0,0.0,1.8333333333333333,3.4,2.4,1.2,0.0,0.0
69247e0e44e4cccaa87c2455,2.6999999999999997,1.5333333333333332,2.05,4.166666666666667,4.45,2.85,1.1333333333333333,4.5,1.1,4.0,3.2,3.0,4.1,4.1000000000000005,3.8,4.35,3.1,0.0,3.6,3.8,0.0,0.0,0.0,4.6,2.25,0.0,1.9,3.4,0.0,0.0,2.75,4.85,0.0,0.0,0.0,0.0,1.2,0.0,3.8,1.8,3.35,1.55,3.4,1.7,3.25,0.0,1.0,0.0,4.2,0.0,3.375,0.0,0.0,0.0,0.0,4.5,0.0,0.0,1.25,2.2,0.0,0.0,0.0,0.0,0.0,0.0,4.3,2.0,0.0,0.0,2.9333333333333336
69247e0e44e4cccaa87c2456,3.266666666666667,1.55,0.0,4.433333333333334,4.6,2.7,0.0,4.475,1.6,4.15,2.8,0.0,3.4,4.5,3.4,5.0,2.766666666666667,3.4,4.0,2.6,0.0,3.1,0.0,3.7,1.7,1.7333333333333334,2.1,3.3499999999999996,3.5,4.1,2.8,4.8,4.6,2.75,3.7,0.0,1.0,3.7,3.6,0.0,4.0,1.1,3.8499999999999996,2.2,0.0,4.2,0.0,1.4333333333333336,4.6,1.0,2.75,3.1,2.1,0.0,2.6,5.0,3.933333333333333,0.0,1.0,0.0,0.0,0.0,2.5,1.4,1.9,1.0,0.0,1.2,2.0,0.0,3.3
69247e0e44e4cccaa87c2457,0.0,0.0,2.9,3.7,0.0,2.15,1.8,4.449999999999999,2.4,4.0,0.0,0.0,3.7,4.0,4.4,0.0,0.0,3.3333333333333335,4.65,3.45,2.95,3.133333333333333,3.6,2.9,2.0,1.0,1.5499999999999998,0.0,0.0,3.733333333333333,2.8,4.7,0.0,3.1,4.4,0.0,1.9,0.0,3.8,1.5,0.0,1.7,0.0,0.0,0.0,4.0,0.0,1.4666666666666668,5.0,1.55,0.0,0.0,0.0,4.2,4.4,0.0,3.1,0.0,1.0,0.0,3.3,1.9,1.5,2.4,2.2,1.2,2.4,2.1,1.4,0.0,2.4
69247e0e44e4cccaa87c2458,3.05,2.2333333333333334,1.8,4.0,0.0,2.7,0.0,0.0,0.0,0.0,0.0,2.8,3.8,0.0,4.4,4.3,4.1,3.1,0.0,0.0,0.0,3.4,0.0,4.05,1.3,1.5,1.3,2.1,0.0,0.0,3.0,0.0,0.0,0.0,3.2,5.0,2.2,3.7,3.9333333333333336,0.0,0.0,1.85,4.2,1.3666666666666665,0.0,3.6,1.5,0.0,0.0,1.3,0.0,0.0,2.8,3.6999999999999997,3.2,4.0,0.0,3.1,1.9500000000000002,2.2333333333333334,0.0,2.4,0.0,1.0,0.0,1.7,0.0,1.55,2.25,3.7,0.0
69247e0e44e4cccaa87c2459,3.45,2.6,2.433333333333333,4.1,4.7,2.0,0.0,4.45,1.9,3.5,4.2,3.0,0.0,3.9,3.8333333333333335,4.566666666666666,2.5,2.1,0.0,2.9000000000000004,3.65,0.0,0.0,4.6,1.0,0.0,2.05,2.1,3.4,4.1,3.2,4.3999999999999995,0.0,3.233333333333333,0.0,0.0,1.275,4.4,4.1,0.0,3.8,0.0,3.9,1.6333333333333335,3.1333333333333333,4.2,0.0,1.75,0.0,1.4,3.3333333333333335,0.0,1.1,4.0,0.0,3.7,3.9,0.0,1.85,2.4333333333333336,3.7,2.2,2.1500000000000004,1.1,1.6,0.0,3.35,0.0,2.3,3.6,3.0999999999999996
69247e0e44e4cccaa87c245a,4.0,1.3666666666666665,1.6,3.8600000000000003,5.0,2.433333333333333,2.05,4.4750000000000005,2.3,3.3,3.1666666666666665,3.55,3.3,0.0,3.6,5.0,3.25,0.0,4.0,3.2,2.8333333333333335,3.3,3.6,3.25,1.9,1.9,1.9500000000000002,1.9500000000000002,3.7,4.9,0.0,0.0,4.6,2.9,4.4,0.0,1.1666666666666667,4.15,3.1,1.7,3.4,1.25,4.4,1.35,2.8,3.1,1.4,1.0,4.533333333333334,0.0,3.125,3.4,0.0,0.0,3.6,3.85,0.0,2.2,0.0,0.0,0.0,2.4,2.9,2.7,1.0,1.0,3.1999999999999997,0.0,1.0,4.2,0.0
69247e0e44e4cccaa87c245b,3.625,2.4,2.0,4.5,0.0,0.0,1.3,4.62,2.1,4.1,0.0,3.65,3.9,0.0,3.5,5.0,3.0,3.65,4.4,3.0666666666666664,0.0,3.8,3.5,3.766666666666667,0.0,1.0,0.0,2.6500000000000004,3.05,0.0,3.6666666666666665,4.116666666666666,3.2,2.4,3.2,4.8,0.0,3.5,4.0,0.0,3.9,0.0,3.8,1.7,0.0,0.0,1.0,1.6666666666666667,3.7,1.0,0.0,0.0,0.0,0.0,0.0,3.9499999999999997,0.0,3.8,0.0,0.0,3.7,0.0,1.8,0.0,1.7,0.0,0.0,0.0,2.2,0.0,3.2
69247e0e44e4cccaa87c245c,2.7,0.0,1.9000000000000001,4.383333333333334,5.0,2.1666666666666665,1.0,0.0,1.4,4.2,2.9,2.8499999999999996,3.35,4.0,3.5,4.45,2.9,0.0,4.5,2.5,3.2,2.0,2.9,0.0,0.0,0.0,1.7,2.5,4.35,0.0,0.0,4.2,2.8,3.0,2.8333333333333335,0.0,1.6,3.25,3.0,2.5,0.0,1.1,4.9,2.05,0.0,0.0,1.6,2.2,0.0,2.1,0.0,0.0,1.0,3.266666666666667,4.4,0.0,3.8,2.3,1.0,0.0,0.0,0.0,2.2,2.1,1.0,1.05,0.0,0.0,1.5,0.0,3.1
69247e0e44e4cccaa87c245d,3.45,1.5,0.0,3.7,4.966666666666667,2.75,1.25,3.766666666666667,1.6,3.775,3.9,0.0,0.0,4.1,3.6,4.800000000000001,2.8,3.8,0.0,3.266666666666667,2.55,0.0,3.8,0.0,0.0,0.0,2.0,0.0,0.0,4.125,3.4333333333333336,0.0,0.0,2.5,0.0,0.0,1.6,3.9,0.0,1.75,3.3,1.55,3.45,1.8,3.033333333333333,4.6,1.0,2.4,4.0,2.3,3.6666666666666665,0.0,0.0,3.8,0.0,4.8,3.9,0.0,1.5,3.5,3.6,0.0,1.7,2.5,1.2,0.0,3.7,2.05,1.0,0.0,0.0
69247e0e44e4cccaa87c245e,3.1666666666666665,1.7,3.0,4.166666666666667,4.7,1.5,1.45,4.7,0.0,0.0,2.9,0.0,4.375,3.9,3.3,0.0,0.0,2.8,4.0,0.0,0.0,2.9,0.0,0.0,1.0,0.0,1.65,2.35,3.6,0.0,4.3,5.0,2.9,0.0,0.0,0.0,0.0,0.0,3.6999999999999997,2.3,4.3,1.0,3.733333333333333,2.05,0.0,0.0,0.0,0.0,0.0,1.6,0.0,0.0,1.8,3.25,3.0,4.2,0.0,3.6999999999999997,1.8,0.0,0.0,0.0,2.1,1.9,1.6333333333333335,0.0,3.55,1.1,1.2,4.7,0.0
69247e0e44e4cccaa87c245f,3.35,0.0,0.0,3.5999999999999996,4.833333333333333,2.4,1.65,3.8,2.1666666666666665,0.0,0.0,3.4,4.1,4.7,3.9333333333333336,5.0,3.2,0.0,5.0,0.0,2.75,0.0,0.0,0.0,1.0,1.35,0.0,2.85,3.733333333333333,4.0,0.0,0.0,0.0,0.0,0.0,4.3,1.05,3.466666666666667,3.8499999999999996,2.0,0.0,1.2,3.9,1.7,0.0,4.5,1.3,1.6,5.0,1.95,2.2,3.8,2.9,2.8,3.9,3.3,0.0,2.6,0.0,2.2,3.0,1.9,0.0,1.6,0.0,1.1,3.0,0.0,1.7,4.4,2.8000000000000003
69247e0e44e4cccaa87c2460,3.1999999999999997,1.4,2.1,0.0,0.0,2.2,1.3666666666666665,3.6,2.6,3.8,2.5,0.0,4.6,3.2,4.1,0.0,0.0,2.4,0.0,0.0,2.85,0.0,3.45,4.3,2.3,0.0,1.0,2.733333333333333,4.449999999999999,4.9,0.0,4.449999999999999,3.1666666666666665,3.3666666666666667,0.0,4.95,1.5666666666666667,0.0,0.0,1.6,0.0,1.9,3.466666666666667,0.0,1.8,4.6,1.85,2.05,0.0,0.0,2.7,3.266666666666667,1.0,3.8,0.0,0.0,0.0,0.0,0.0,3.6,2.3,1.4,0.0,0.0,1.6,1.0,2.7,1.15,1.0,4.15,3.2249999999999996
69247e0e44e4cccaa87c2461,3.3,1.9000000000000001,1.7,3.72,4.3,0.0,1.0,3.933333333333333,1.6666666666666667,0.0,3.2,0.0,0.0,0.0,4.0,4.7,3.45,0.0,4.675,3.55,3.4,3.0,3.34,0.0,1.2333333333333334,1.6,0.0,1.9,0.0,4.3,3.0999999999999996,0.0,0.0,3.4000000000000004,0.0,4.3,1.3333333333333333,0.0,3.6,2.3000000000000003,0.0,1.1666666666666667,4.05,1.7000000000000002,2.5,0.0,0.0,0.0,0.0,1.1,0.0,4.3,1.4,3.6,0.0,4.466666666666667,3.45,3.8,2.1,1.9,0.0,0.0,0.0,1.9,0.0,1.9,0.0,0.0,1.2,0.0,2.0
69247e0e44e4cccaa87c2462,2.8,1.7000000000000002,1.3,3.8000000000000003,3.9,2.3,1.55,4.6,1.8,0.0,0.0,4.2,3.4,3.8,0.0,4.75,3.55,2.1,0.0,0.0,2.7,2.95,3.25,3.2,1.3,2.2,2.2,1.7999999999999998,3.6333333333333333,3.6,0.0,5.0,0.0,3.25,0.0,0.0,1.0,2.95,0.0,2.2,0.0,1.0,3.7,1.2,0.0,2.8,1.5,0.0,4.8,1.0,2.5,0.0,0.0,3.9,3.3,0.0,0.0,3.0999999999999996,0.0,0.0,2.8,0.0,2.7,0.0,0.0,1.35,0.0,0.0,1.1,0.0,0.0
69247e0e44e4cccaa87c2463,3.54,0.0,0.0,4.05,5.0,2.0,0.0,4.0,0.0,3.5,2.8,3.05,3.1,3.7,3.8,4.65,2.8,3.5,4.1,2.7,3.7,0.0,3.4,3.5,1.9000000000000001,0.0,0.0,2.0,4.4,4.066666666666666,0.0,4.2,4.3,3.7,3.4,4.5,1.0,3.7,3.75,2.533333333333333,0.0,0.0,3.95,1.2,0.0,4.5,1.2,0.0,4.1000000000000005,2.2,3.05,4.5,0.0,0.0,3.75,0.0,0.0,3.9,1.0,0.0,2.8666666666666667,2.0,0.0,0.0,1.5,2.1,2.875,1.6,0.0,0.0,2.4
69247e0e44e4cccaa87c2464,2.65,1.0,1.5,3.966666666666667,5.0,0.0,1.0,0.0,0.0,3.4,4.1,2.7,3.5,4.4,4.1,4.566666666666666,0.0,0.0,4.7,3.65,3.7,0.0,4.3,4.1,1.7666666666666666,1.55,0.0,0.0,4.6,4.0,0.0,3.9,3.4499999999999997,0.0,0.0,4.5,2.1500000000000004,3.5,3.233333333333333,0.0,0.0,2.1,3.7,1.65,3.15,0.0,2.3,2.1,0.0,0.0,3.25,0.0,1.6,0.0,4.2,0.0,3.2,2.4,1.0,3.6,2.3,2.5,1.7,0.0,1.5,2.3,2.95,0.0,1.5,0.0,0.0
69247e0e44e4cccaa87c2465,3.5,1.2666666666666666,2.1,3.9,4.199999999999999,1.5666666666666667,1.3,4.466666666666667,0.0,3.5,3.533333333333333,2.4,0.0,5.0,3.3333333333333335,4.0,3.7,3.7,4.4,3.8,3.2,3.3,3.6,3.75,2.2,0.0,1.95,2.8,3.0,0.0,3.7,0.0,2.7,2.1,0.0,5.0,1.35,0.0,0.0,2.4333333333333336,3.35,1.1,4.2,1.0,0.0,0.0,1.2,0.0,4.2,2.0,3.3666666666666667,4.3,1.65,0.0,3.8,0.0,3.5,3.8,1.0,3.4,0.0,2.6,2.2,1.65,1.8,2.2,0.0,1.95,0.0,4.1,0.0
69247e0e44e4cccaa87c2466,3.225,0.0,2.4,3.8,0.0,0.0,1.5499999999999998,4.3,0.0,3.9,3.1,2.55,0.0,0.0,0.0,3.9,2.7,2.766666666666667,0.0,3.3499999999999996,2.9,3.5,0.0,3.65,1.5,0.0,2.3,0.0,4.4,3.9333333333333336,4.0,5.0,2.7,2.9,3.25,4.4,1.2999999999999998,0.0,4.35,2.0,4.0,0.0,3.8333333333333335,2.1,0.0,0.0,1.0,2.1,0.0,1.9666666666666666,2.4,3.0,0.0,3.9,0.0,4.3,4.25,0.0,0.0,2.3,0.0,0.0,3.2,1.0,0.0,1.0,2.5999999999999996,2.4000000000000004,0.0,0.0,3.9
69247e0e44e4cccaa87c2467,2.6,1.5,2.3,4.2,0.0,1.8,0.0,4.25,0.0,3.8666666666666667,3.8,3.7,3.9333333333333336,5.0,3.533333333333333,5.0,2.5,2.95,4.65,0.0,0.0,0.0,3.2,0.0,2.0,1.3,2.5,0.0,3.25,4.0,4.2,5.0,4.55,2.3666666666666667,3.4000000000000004,4.733333333333333,1.0,4.4,0.0,2.85,4.2,1.0,3.6,1.7000000000000002,2.9333333333333336,3.2,1.5,0.0,4.0,2.4,3.6,3.3,0.0,3.4,3.8,0.0,0.0,0.0,1.05,2.5,0.0,2.4,0.0,0.0,2.05,2.1,3.2,0.0,1.8,4.4,0.0
69247e0e44e4cccaa87c2468,3.0,1.0,3.0,4.2,3.8,2.5,1.0,4.15,1.9,0.0,0.0,0.0,3.8,4.25,3.5,4.566666666666666,0.0,3.5,4.1,3.05,3.1500000000000004,2.7,3.7399999999999998,4.4,1.75,1.5,0.0,0.0,3.4,0.0,3.3,4.9,2.8,2.6,4.3,4.8,1.0,3.1,4.066666666666666,2.6,3.0,2.4,4.5,1.7,0.0,0.0,0.0,0.0,0.0,1.65,0.0,0.0,0.0,4.0,3.3,4.35,0.0,3.2,1.0,3.5,3.4,2.2,1.5,0.0,1.5,2.0,2.7,1.3,0.0,3.9,2.7
69247e0e44e4cccaa87c2469,2.6666666666666665,1.0,1.7000000000000002,3.766666666666667,4.866666666666666,0.0,1.4000000000000001,0.0,2.6,0.0,3.2,2.6,0.0,3.85,4.5,5.0,0.0,2.9000000000000004,4.2,3.8,2.2,2.4000000000000004,3.5666666666666664,3.7999999999999994,0.0,1.7,0.0,1.65,4.050000000000001,4.3,3.025,5.0,3.7,3.9,3.4000000000000004,4.3,1.5,3.9,0.0,0.0,2.9,1.0,4.7,2.45,0.0,0.0,0.0,2.4,4.0,1.65,3.2,3.825,0.0,3.7,3.7,0.0,3.75,2.7000000000000006,0.0,0.0,0.0,1.0,2.2,2.0,1.6,1.6666666666666667,4.2,1.85,0.0,0.0,0.0
69247e0e44e4cccaa87c246a,3.4,1.25,1.8999999999999997,4.6000000000000005,4.5,1.7,1.3666666666666665,4.25,2.04,2.9,2.94,3.766666666666667,3.1,4.9,4.0,4.6000000000000005,2.8,2.0,4.6,0.0,3.1666666666666665,0.0,3.2,3.7,1.0,1.7,0.0,2.9,4.0,4.1,0.0,4.25,0.0,2.05,3.0,5.0,1.1333333333333335,0.0,3.6,2.3,4.4,1.42,4.05,1.35,0.0,3.0,1.8,2.4,0.0,0.0,2.9,3.2,1.8333333333333333,3.7,3.9499999999999997,0.0,0.0,3.1500000000000004,1.0666666666666667,2.6,3.1666666666666665,0.0,2.5,2.7,1.75,2.2,3.7,0.0,1.475,4.9,3.2
69247e0e44e4cccaa87c246b,3.9,0.0,2.4,4.220000000000001,4.6,3.2,0.0,4.18,2.2,3.475,2.7,3.225,3.5,4.5,3.6,4.3,0.0,2.45,4.4,2.8,2.75,0.0,3.6,4.6,1.2,0.0,1.1333333333333333,0.0,3.9,0.0,2.875,4.45,4.1,0.0,0.0,4.4,1.6,2.9,4.133333333333334,1.2,4.6,1.0,4.75,0.0,0.0,3.8,1.8,1.9,3.9,1.3666666666666665,0.0,4.1,1.6,3.8,0.0,4.566666666666666,0.0,0.0,0.0,0.0,2.9,0.0,3.0,2.3,0.0,1.0,4.4,1.3,0.0,4.15,2.9
69247e0e44e4cccaa87c246c,2.7,1.4,2.4,4.16,4.6000000000000005,2.566666666666667,1.0,4.1,2.7,3.8000000000000003,3.0,2.766666666666667,4.5,3.1,3.5500000000000003,5.0,2.9,2.2,0.0,2.9000000000000004,0.0,3.3666666666666667,3.9,3.0,2.15,0.0,2.3,0.0,4.3,0.0,3.0666666666666664,4.1,0.0,3.4,3.6,4.7,0.0,4.1,0.0,0.0,4.1,0.0,0.0,2.2,0.0,3.4,0.0,0.0,4.4,2.4,0.0,2.7,0.0,0.0,0.0,3.3,3.3,0.0,0.0,1.9500000000000002,0.0,2.3000000000000003,0.0,1.0,1.6,0.0,2.5,0.0,0.0,0.0,2.3
69247e0e44e4cccaa87c246d,2.98,1.8,2.55,3.766666666666667,4.8999999999999995,1.4,2.0,4.8,2.8,0.0,2.6,3.9,4.6,0.0,4.6,4.5,3.0,0.0,4.2,3.6666666666666665,3.5,0.0,3.75,2.8,1.9,0.0,0.0,0.0,3.5,0.0,3.3,0.0,0.0,2.0,3.3499999999999996,4.4,0.0,4.1,0.0,2.6,0.0,1.6,4.9,1.6,2.466666666666667,0.0,0.0,1.2,0.0,0.0,3.475,0.0,0.0,0.0,2.6,3.4,4.5,0.0,0.0,2.9,0.0,0.0,0.0,1.0,1.1,1.4,3.5,1.7,1.0,4.7,0.0
69247e0e44e4cccaa87c246e,3.8,1.2,2.0,4.7,4.3,2.3,2.2,4.7,1.6666666666666667,0.0,2.8,0.0,2.7,4.2,4.2,0.0,4.1,2.7,4.2,4.1,0.0,3.8,3.0,3.0,0.0,1.1,1.3,0.0,4.0,4.8,3.2,4.866666666666666,4.233333333333333,2.1,3.8,4.2,2.0,3.466666666666667,3.6,2.2,0.0,1.9,4.550000000000001,1.1,0.0,3.1,1.7999999999999998,1.0,3.8,1.0,3.3499999999999996,2.7,1.875,0.0,0.0,0.0,0.0,2.8,1.8,0.0,2.9,0.0,2.3,1.6,1.65,1.1,0.0,2.2,0.0,3.5999999999999996,0.0
69247e0e44e4cccaa87c246f,2.65,1.45,2.3,4.15,4.8,1.4,1.7000000000000002,4.0,2.1,3.5999999999999996,2.3,3.4,3.975,5.0,3.1,5.0,4.1,2.9,4.9,3.3,3.9,2.9,3.7,3.75,2.2,1.0,2.1,2.1,3.033333333333333,0.0,3.4,4.25,0.0,3.7,0.0,3.8,1.625,3.5666666666666664,3.8,2.05,4.3,1.4,3.55,0.0,0.0,2.9,1.1,1.3,0.0,1.1,2.2,3.3499999999999996,0.0,0.0,3.1,0.0,3.3,2.625,0.0,1.7,3.4,1.8,2.9,1.5333333333333332,1.75,1.0,2.55,1.7666666666666666,2.3,0.0,3.2
69247e0e44e4cccaa87c2470,3.3666666666666667,2.0,2.7,4.35,5.0,1.5,0.0,0.0,0.0,0.0,3.6,3.3,3.8499999999999996,0.0,4.0,4.6,3.2,0.0,4.4,0.0,0.0,3.6,3.633333333333333,3.6666666666666665,0.0,1.9000000000000001,0.0,3.0,4.5,4.8,2.8,0.0,0.0,0.0,4.1,4.8,0.0,0.0,0.0,0.0,3.5,0.0,4.75,2.3,2.2,4.5,0.0,1.1,0.0,1.8,0.0,0.0,2.4,0.0,3.2,3.7,3.0,2.5,1.4,0.0,0.0,2.0,2.3,2.25,0.0,1.75,3.1,1.7,0.0,0.0,3.9
69247e0e44e4cccaa87c2471,2.9285714285714284,0.0,2.4200000000000004,4.0,0.0,1.6,1.1,0.0,1.8,4.4,3.0,2.875,3.8,3.3,0.0,5.0,0.0,2.6,4.6,3.7,3.1,0.0,3.375,0.0,2.3,0.0,2.5,1.6,3.55,5.0,3.3333333333333335,4.766666666666667,3.95,2.3,3.25,4.4,1.35,0.0,0.0,2.5,4.5,1.0,3.2,1.2,3.45,4.3,1.0,2.35,0.0,1.5,0.0,3.8000000000000003,2.2,4.05,0.0,0.0,0.0,0.0,1.0,3.3,0.0,0.0,2.4,1.4,0.0,1.5250000000000001,3.1,1.0,1.5,4.3,3.15
69247e0e44e4cccaa87c2472,3.1,0.0,1.9,0.0,4.433333333333334,3.2,0.0,4.9,0.0,3.0,3.7,2.8,3.5,4.85,0.0,4.55,4.2,1.9,0.0,3.7,3.1666666666666665,0.0,3.6999999999999997,0.0,0.0,2.2,2.1,0.0,3.6500000000000004,5.0,3.0,4.3,3.4,3.0,3.5,3.8,1.2,0.0,3.0666666666666664,1.9,2.9,1.0,4.033333333333333,2.1999999999999997,0.0,4.15,0.0,1.3666666666666665,5.0,1.4,2.3,0.0,2.6,4.0,4.0,4.15,0.0,3.2,1.5999999999999999,3.3,2.5,1.55,2.6,0.0,0.0,1.9,0.0,1.4,1.9,4.7,0.0
69247e0e44e4cccaa87c2473,3.3,1.0,1.3,4.066666666666666,4.1,1.4,1.0,4.1000000000000005,2.3,0.0,3.266666666666667,2.9333333333333336,3.466666666666667,4.3,0.0,5.0,0.0,0.0,3.6,3.1,2.1,2.55,3.8333333333333335,0.0,1.275,0.0,2.6,2.033333333333333,3.25,4.133333333333334,0.0,0.0,3.0,2.5,3.0999999999999996,4.6,1.6,3.2,3.9,2.4,4.1000000000000005,2.2,4.2,1.55,0.0,0.0,1.1,1.5,4.35,1.0,3.9,3.4,1.1,3.3,0.0,5.0,3.5,0.0,1.5,2.8,3.5,2.4,0.0,1.5,0.0,0.0,3.2,1.85,1.0,0.0,3.1
69247e0e44e4cccaa87c2474,3.1,1.55,2.3333333333333335,4.4,0.0,2.0,1.3,4.5,1.5,4.1,0.0,3.5,3.55,4.3,4.066666666666666,5.0,2.7,0.0,4.4,0.0,3.4,2.9,3.9,3.966666666666667,0.0,2.2,1.45,2.6,3.4,4.8,2.5,4.633333333333334,0.0,3.7,3.425,0.0,1.5,0.0,3.633333333333333,1.8499999999999999,3.3,1.2,4.3,1.7,0.0,3.2,1.0,0.0,0.0,1.7,0.0,0.0,0.0,3.033333333333333,0.0,4.5,0.0,3.4333333333333336,1.6,1.7,0.0,0.0,2.5,2.1500000000000004,1.55,1.7,3.5,0.0,0.0,4.15,0.0
69247e0e44e4cccaa87c2475,0.0,1.7,2.2,4.233333333333333,4.54,2.0666666666666664,1.95,4.9,0.0,0.0,2.6,3.1,3.0,3.95,4.050000000000001,4.433333333333334,0.0,0.0,4.4,2.8,3.1,0.0,0.0,0.0,1.5333333333333332,1.5,2.8,3.2,3.575,0.0,3.075,4.0,0.0,3.0666666666666664,3.3,4.666666666666667,2.05,0.0,3.1,1.7,3.7,1.0,0.0,2.15,0.0,4.1000000000000005,0.0,0.0,0.0,1.4500000000000002,3.1,3.0,2.0,0.0,3.3,4.1,3.6,4.0,1.0,1.7999999999999998,0.0,2.4,0.0,0.0,1.5,0.0,2.5,0.0,1.4,0.0,3.7
69247e0e44e4cccaa87c2476,2.45,2.3,2.6,3.9333333333333336,5.0,2.6,0.0,4.55,0.0,0.0,3.6333333333333333,0.0,3.3,4.1,0.0,4.25,0.0,2.4,5.0,0.0,2.5,2.5666666666666664,2.6,0.0,1.3,2.0,1.6,2.6666666666666665,0.0,0.0,0.0,4.25,4.2,3.25,2.8,0.0,1.3333333333333333,4.175,4.3,1.4,2.9,1.9333333333333336,4.0,0.0,0.0,0.0,1.0,0.0,3.8,1.8,0.0,3.266666666666667,1.5333333333333332,0.0,0.0,4.1,4.225,3.5,1.9,3.0,3.6,1.4,0.0,2.0,2.2,1.45,0.0,2.066666666666667,1.8333333333333333,4.3,2.1
69247e0e44e4cccaa87c2477,3.9,2.0,1.7,3.65,4.55,2.4000000000000004,1.0,4.449999999999999,1.3,3.3,3.6,0.0,0.0,3.7,3.84,4.8,3.8,2.966666666666667,3.9,2.8,3.1,3.1,3.2,3.25,0.0,1.5,1.0,2.0,0.0,0.0,0.0,3.8,4.1,2.8,0.0,4.5,2.2,0.0,4.6,2.8,0.0,2.2,0.0,0.0,0.0,4.7,0.0,1.55,4.1,0.0,2.8,0.0,0.0,0.0,0.0,4.9,4.9,0.0,1.5,0.0,3.5,1.7,0.0,0.0,0.0,1.6,0.0,1.5999999999999999,1.4,0.0,3.4
69247e0e44e4cccaa87c2478,2.4,1.7,1.9500000000000002,3.925,4.6,2.4,1.65,0.0,1.7,3.4,0.0,4.1,3.9,4.5,3.6,4.066666666666666,3.2,0.0,4.199999999999999,4.0,2.3,0.0,0.0,0.0,0.0,1.0,2.4,1.6,3.2,3.4,3.3,0.0,3.1,0.0,2.5,0.0,1.5399999999999998,0.0,3.3499999999999996,0.0,0.0,2.0,4.0,2.2,0.0,4.0,1.3,2.4,0.0,1.2000000000000002,3.7,0.0,0.0,0.0,4.1,4.199999999999999,0.0,3.9,0.0,2.9,0.0,1.0,0.0,2.1,2.2,1.8,0.0,1.85,2.0,0.0,0.0
69247e0e44e4cccaa87c2479,3.1,2.1333333333333333,1.8666666666666665,4.625,5.0,1.5,1.0,5.0,2.25,3.1,3.4,3.3,4.1,4.9,0.0,0.0,2.4,0.0,4.7,4.0,2.3,2.1,2.9000000000000004,4.2,1.5,1.0,0.0,3.0,4.0,4.033333333333333,4.1,0.0,3.4000000000000004,3.65,0.0,5.0,1.4,3.6999999999999997,4.2,2.75,0.0,2.5,3.4,2.25,2.15,0.0,1.4,2.1500000000000004,4.9,0.0,3.9,3.8,2.8,0.0,0.0,4.6,3.8,0.0,2.1,2.3,0.0,1.2,1.5,1.0,0.0,1.45,0.0,1.75,1.5,4.5,2.1
69247e0e44e4cccaa87c247a,3.3200000000000003,1.9333333333333336,0.0,3.95,0.0,0.0,1.475,3.9499999999999997,0.0,0.0,3.2,3.5,3.8333333333333335,4.449999999999999,4.6,4.233333333333333,0.0,0.0,0.0,3.0,2.4,2.55,4.050000000000001,2.9,1.4000000000000001,0.0,2.7,1.7,3.8,4.4,2.7,4.4,3.9,3.6,0.0,4.45,1.0,0.0,3.45,1.9,4.3,0.0,3.3,1.2,0.0,0.0,0.0,1.75,4.2,0.0,2.6,4.0,0.0,3.3,3.7,0.0,0.0,2.45,1.4,0.0,3.2,1.9,3.0,1.6,0.0,2.0,3.45,1.7,1.7000000000000002,4.5,0.0
69247e0e44e4cccaa87c247b,2.95,1.5333333333333332,2.566666666666667,3.5,4.8,1.65,1.225,0.0,0.0,3.35,3.0,3.6,0.0,4.9,4.3,0.0,3.4,2.9,0.0,0.0,3.1,2.733333333333333,3.55,3.75,0.0,1.7999999999999998,1.7666666666666666,0.0,3.2,3.4,4.2,4.2,0.0,4.0,3.25,4.8,1.5999999999999999,0.0,0.0,2.25,0.0,1.9,3.2,1.65,0.0,3.65,1.8,1.0,0.0,1.05,3.3,0.0,0.0,3.1500000000000004,3.6,4.1,0.0,2.6,0.0,0.0,0.0,0.0,2.55,0.0,0.0,1.35,3.2,0.0,0.0,0.0,0.0
69247e0e44e4cccaa87c247c,3.3666666666666667,1.5,0.0,0.0,4.55,2.125,0.0,0.0,2.9,0.0,0.0,3.45,3.0,0.0,4.7,4.5,0.0,0.0,3.7,3.8,1.9,2.6666666666666665,3.7,3.65,1.8,0.0,1.2,0.0,0.0,4.2,0.0,4.5,3.65,4.0,3.9000000000000004,4.8,0.0,3.1,3.8,2.6,3.6,1.8666666666666665,0.0,0.0,0.0,2.9,1.0,1.0,3.6,1.3,0.0,3.9,1.2,4.1,2.7,4.8,3.9,0.0,1.6,0.0,3.0,0.0,0.0,0.0,1.2,1.3,3.3,1.1,0.0,3.9,0.0
69247e0e44e4cccaa87c247d,2.875,0.0,1.4,4.1,4.4,1.8,1.3,5.0,2.15,3.8,3.8,2.5,3.5,0.0,0.0,5.0,0.0,2.8,4.3,2.6,3.5999999999999996,2.6,3.1,0.0,1.3,1.95,1.1,2.65,0.0,5.0,0.0,0.0,3.7,0.0,0.0,4.85,1.6333333333333335,0.0,3.8000000000000003,2.0,3.6,1.0,4.800000000000001,0.0,2.5,4.2,1.1,2.3,5.0,1.3333333333333333,3.3,0.0,0.0,3.4000000000000004,0.0,4.05,3.8,2.2,1.0,2.0,0.0,2.4,0.0,2.1666666666666665,0.0,0.0,0.0,1.55,1.7,4.5,0.0
69247e0e44e4cccaa87c247e,3.766666666666667,1.7,2.1,4.1000000000000005,4.75,2.7,1.0,3.85,2.5,3.5,2.6500000000000004,3.4,3.0,0.0,4.3,5.0,3.1,3.3,3.75,3.55,0.0,3.7,3.3,3.9,0.0,0.0,1.6333333333333335,1.85,0.0,0.0,3.7,4.65,3.8499999999999996,0.0,3.233333333333333,4.3,1.9,3.7,4.3,2.033333333333333,3.9,1.6,5.0,0.0,0.0,2.9,1.35,1.6,4.7,1.8,3.5,3.7,0.0,3.4,3.25,3.9,5.0,4.0,0.0,2.9,0.0,0.0,0.0,2.5,1.6,0.0,3.1,2.3,1.6,4.1,3.5
69247e0e44e4cccaa87c247f,3.8,1.6666666666666667,1.9333333333333336,4.566666666666666,0.0,1.95,1.25,5.0,0.0,3.5,2.8333333333333335,2.4,2.9,4.8,3.9333333333333336,0.0,3.0999999999999996,3.225,3.6,4.0,3.3,2.8,3.3,3.9,1.3666666666666665,1.3333333333333333,0.0,0.0,3.1,3.65,3.05,3.9,3.4,3.3,0.0,0.0,1.3666666666666665,3.8,2.8,1.4,4.4,2.2,4.449999999999999,1.2,0.0,3.8,1.7,2.0,0.0,0.0,3.9,3.4799999999999995,2.7,3.75,0.0,0.0,0.0,0.0,1.1,3.25,0.0,2.1,2.2,1.2,2.2,2.0,2.7,2.0,0.0,0.0,2.2
69247e0e44e4cccaa87c2480,2.6,1.4,2.0,4.2,4.3,1.9,0.0,4.0,2.4,4.6,2.3,2.4,3.0,4.9,0.0,4.75,3.4000000000000004,3.6,3.5,3.1,2.0,0.0,0.0,3.5,1.9,1.7,0.0,0.0,3.1,3.8,3.766666666666667,0.0,3.1,2.5,0.0,0.0,1.0,4.5,3.5,1.9000000000000001,3.1,1.7,0.0,1.0,2.9,0.0,1.0,2.1,3.8666666666666667,0.0,3.5,3.9499999999999997,0.0,0.0,2.8,0.0,4.3,0.0,1.0,2.8,3.233333333333333,1.5,0.0,0.0,0.0,0.0,3.2,0.0,0.0,0.0,0.0
69247e0e44e4cccaa87c2481,2.766666666666667,1.75,1.975,4.5,0.0,1.8,0.0,4.533333333333334,2.4,0.0,0.0,4.05,4.4,4.4,3.9,5.0,3.3499999999999996,0.0,4.566666666666666,2.6,0.0,0.0,3.45,3.8333333333333335,1.4666666666666668,2.0,1.7333333333333334,1.8,4.7,4.9,3.7,0.0,3.733333333333333,3.4,2.9,3.8,1.3800000000000001,2.9,3.6,2.8,0.0,0.0,0.0,0.0,0.0,0.0,0.0,0.0,4.7,0.0,0.0,0.0,0.0,3.1,4.1,0.0,0.0,3.2,0.0,3.1,0.0,0.0,2.3,0.0,0.0,0.0,0.0,0.0,0.0,0.0,0.0
69247e0e44e4cccaa87c2482,3.08,2.066666666666667,2.1,4.866666666666667,4.5,2.0,0.0,4.65,0.0,3.55,3.275,0.0,3.0,4.633333333333334,4.199999999999999,5.0,3.7,3.1500000000000004,3.5,0.0,2.3,0.0,3.75,4.5,1.7000000000000002,1.15,2.6,2.55,4.1,4.0,3.35,0.0,2.8,2.1,3.4000000000000004,4.1,1.3333333333333333,2.8,3.6,1.3,0.0,2.0,4.8,0.0,2.55,0.0,0.0,0.0,5.0,1.5,0.0,3.95,0.0,0.0,0.0,3.7,0.0,0.0,1.55,0.0,3.25,0.0,3.2,0.0,1.5,1.0,3.1,0.0,2.3,0.0,2.6
69247e0e44e4cccaa87c2483,3.8,0.0,1.9,4.6,5.0,2.1333333333333333,2.1,4.6,0.0,4.15,3.25,3.1,3.8000000000000003,4.1,0.0,4.866666666666666,0.0,3.8,4.2,0.0,0.0,2.533333333333333,0.0,4.05,0.0,1.9,2.1666666666666665,0.0,3.5,4.1,0.0,3.9,3.9,0.0,3.6,4.3,1.4,3.85,0.0,3.1,4.6,1.9,3.6500000000000004,1.0,2.4,0.0,1.65,1.75,4.5,0.0,2.35,3.1,2.9,0.0,0.0,0.0,0.0,0.0,1.0,0.0,0.0,2.6,1.6,0.0,1.2,0.0,0.0,0.0,0.0,3.4,0.0
69247e0e44e4cccaa87c2484,2.825,2.4,1.8,3.9499999999999997,4.75,2.233333333333333,1.3,4.3,1.7,4.5,0.0,3.55,3.5833333333333335,5.0,0.0,0.0,3.6,0.0,3.8,3.25,2.7,2.533333333333333,3.1333333333333333,3.7,1.1,1.35,2.1,0.0,3.3,3.9333333333333336,3.25,3.8,3.3,3.0666666666666664,2.4,5.0,1.7,2.8,3.65,1.8,3.4,1.4,0.0,2.3,1.9,4.4,0.0,1.5,4.433333333333334,2.4,0.0,4.0,0.0,2.4,0.0,4.15,3.55,0.0,0.0,2.2666666666666666,2.9,0.0,0.0,0.0,0.0,1.0,0.0,2.6,1.75,4.9,2.2
69247e0e44e4cccaa87c2485,3.1,1.64,0.0,4.266666666666667,4.7,0.0,1.0,0.0,2.0,0.0,2.9,2.85,4.3,0.0,4.433333333333334,5.0,2.9000000000000004,0.0,3.7,3.95,0.0,0.0,0.0,4.25,2.3,1.65,0.0,3.25,4.5,0.0,3.4749999999999996,0.0,3.1,3.5999999999999996,3.75,4.5,1.3,3.1,3.1,0.0,4.2,2.2,4.666666666666667,1.1,2.75,4.199999999999999,1.5,1.6,0.0,1.9,0.0,2.7,0.0,3.7,0.0,3.3,3.6,0.0,0.0,2.9000000000000004,0.0,0.0,0.0,0.0,0.0,0.0,3.5,1.0,1.45,0.0,3.5
69247e0e44e4cccaa87c2486,2.875,1.3,2.3000000000000003,4.1,0.0,1.7,1.0,4.6000000000000005,2.8,3.4,2.9,0.0,3.0,0.0,3.8,4.5,3.8,2.95,4.8,2.7,0.0,2.9,0.0,4.333333333333333,1.5,1.3666666666666665,2.1,0.0,3.5,4.5,2.4,4.5,0.0,3.125,3.6333333333333333,4.6,1.3,4.1,3.1,1.7,3.5,1.5,0.0,0.0,0.0,3.6,1.0,2.3,0.0,0.0,2.75,2.8,2.6500000000000004,0.0,0.0,0.0,4.033333333333333,0.0,0.0,2.5,3.05,2.45,3.0,0.0,0.0,1.7,3.25,0.0,1.8,0.0,2.4
69247e0e44e4cccaa87c2487,0.0,1.8,2.1999999999999997,4.65,0.0,1.4,1.0,4.9,2.1,4.5,3.9,3.8,3.775,4.3,3.533333333333333,4.2,2.5,0.0,5.0,3.4,2.65,3.1500000000000004,0.0,3.85,2.1,1.0,2.2,2.7,4.1,3.9,0.0,5.0,2.7,0.0,0.0,4.2,1.05,3.1,0.0,0.0,0.0,1.7666666666666666,3.5,2.4,0.0,0.0,1.0,0.0,5.0,1.7,2.2,0.0,0.0,2.8,0.0,0.0,0.0,2.8,0.0,0.0,2.4,1.6,2.9,0.0,2.2,0.0,3.25,2.6,1.6,0.0,0.0
69247e0e44e4cccaa87c2488,3.0,1.4666666666666668,0.0,4.1,0.0,2.6500000000000004,1.1,4.0,0.0,4.5,0.0,4.1,3.8,4.2,3.0,3.9,3.0666666666666664,3.5,4.25,3.0,2.55,3.5,3.7,4.233333333333333,0.0,1.5333333333333332,1.2,2.4,0.0,4.15,3.1,4.75,4.45,2.6,2.7,0.0,1.35,0.0,4.5,1.85,3.4,1.0999999999999999,4.3,0.0,0.0,3.35,0.0,1.0,4.45,1.6,0.0,3.0,2.0,3.3,4.4,0.0,4.4,3.75,1.0,0.0,3.3,0.0,2.7,1.1,1.5,0.0,0.0,1.55,0.0,3.7,0.0
69247e0e44e4cccaa87c2489,3.9,2.6,1.8,0.0,4.5,1.9,1.6,4.5,1.7,3.95,3.2,0.0,4.5,4.3,3.8,5.0,0.0,2.4,3.7,0.0,0.0,2.7,3.2,4.0,1.875,0.0,1.75,2.2,0.0,4.05,3.4,4.8,3.85,0.0,3.4,4.6,1.0,0.0,3.6,2.6500000000000004,0.0,0.0,3.6,1.8999999999999997,0.0,0.0,0.0,2.2,4.5,1.6,2.2,4.3,0.0,2.55,0.0,3.8499999999999996,0.0,4.0,1.0,0.0,3.4,1.4,2.7,2.7,0.0,1.6,3.766666666666667,1.0,1.0,4.15,3.0
69247e0e44e4cccaa87c248a,2.8,1.6600000000000001,1.35,4.333333333333333,4.1000000000000005,2.5,1.0,3.4,0.0,3.75,2.65,3.4,0.0,4.6,0.0,0.0,3.0,2.3499999999999996,4.25,0.0,0.0,0.0,3.4333333333333336,4.066666666666666,2.2,1.55,0.0,2.85,3.4,4.05,2.5999999999999996,4.366666666666667,2.9,0.0,0.0,5.0,1.05,3.4,3.4,1.65,0.0,0.0,4.45,0.0,0.0,0.0,1.0,0.0,5.0,1.35,0.0,0.0,1.6,0.0,3.5999999999999996,3.3,3.2,3.1666666666666665,0.0,2.8,3.1,0.0,0.0,0.0,0.0,1.6,3.65,1.0,0.0,0.0,0.0
69247e0e44e4cccaa87c248b,3.0,0.0,2.3,3.825,4.475,2.033333333333333,0.0,4.8,0.0,3.65,0.0,3.2,3.2,4.5,4.0,0.0,4.2,2.4,4.35,3.175,3.8499999999999996,2.4,3.8499999999999996,3.5,1.4,1.0,2.2,2.2,0.0,4.55,3.05,5.0,3.1,3.45,3.3,5.0,1.6,3.7,0.0,2.6,0.0,0.0,0.0,0.0,0.0,4.325,0.0,2.4,4.4,1.2,0.0,4.0,0.0,3.6,3.3,4.05,3.6500000000000004,3.8499999999999996,1.7,0.0,0.0,1.65,2.4,0.0,1.0,1.0,3.033333333333333,0.0,2.3,4.7,3.1
69247e0e44e4cccaa87c248c,2.95,1.45,2.25,4.15,5.0,2.7,0.0,3.9,2.9,4.050000000000001,0.0,3.25,0.0,3.7,0.0,4.85,3.0999999999999996,3.05,4.4,2.9,2.9333333333333336,2.45,2.8,3.733333333333333,1.3,1.35,1.9333333333333336,2.6999999999999997,0.0,4.9,2.6,5.0,4.033333333333333,3.3333333333333335,2.5,0.0,0.0,0.0,4.0,0.0,4.4,0.0,4.166666666666667,2.1,0.0,0.0,0.0,0.0,0.0,1.05,0.0,0.0,0.0,4.15,0.0,4.2,3.4,0.0,1.2,2.2,0.0,0.0,1.6,1.0,1.7,0.0,0.0,2.2,0.0,4.45,2.4
69247e0e44e4cccaa87c248d,3.5,1.7,0.0,4.55,4.6,2.0,1.9000000000000001,4.5,1.9,4.05,2.9,3.5,0.0,3.95,4.333333333333333,4.616666666666666,0.0,2.0,3.9,3.1,2.3666666666666667,3.5,0.0,3.8,1.9500000000000002,0.0,1.9,0.0,2.9,3.65,3.05,4.6,2.7,0.0,2.6,0.0,1.7333333333333334,3.4,3.3666666666666667,2.033333333333333,2.9,0.0,4.300000000000001,2.6,1.95,3.3,0.0,0.0,0.0,0.0,2.95,0.0,0.0,0.0,0.0,5.0,0.0,3.1,1.0333333333333334,3.3,0.0,0.0,0.0,1.9666666666666668,0.0,1.3,4.1,2.1,0.0,4.5,2.6
69247e0e44e4cccaa87c248e,2.575,0.0,2.65,3.3,4.9,2.3,1.7,4.4,0.0,2.95,3.0,3.3,4.2,3.9000000000000004,3.7,0.0,0.0,0.0,4.5,3.6999999999999997,0.0,3.2,4.300000000000001,0.0,0.0,1.4,0.0,2.0,3.725,3.75,3.9,4.566666666666666,3.9499999999999997,2.2,0.0,4.55,2.3,2.8,0.0,0.0,3.9,0.0,0.0,1.0,0.0,0.0,0.0,2.0,0.0,1.3,2.75,3.2,2.2,2.8,0.0,3.9,4.6,0.0,0.0,2.4,0.0,0.0,3.0,1.1,2.2,0.0,0.0,0.0,2.3,4.699999999999999,2.3
69247e0e44e4cccaa87c248f,3.4,1.725,1.5,3.4,4.9,2.5,1.8,4.4,2.25,4.5,3.033333333333333,3.2,3.0,4.8,3.3666666666666667,4.733333333333333,0.0,2.68,4.95,3.4,2.8,2.4,3.0,3.5666666666666664,0.0,1.4,1.8,2.6,4.5,4.4,0.0,5.0,0.0,2.45,3.1,4.3999999999999995,1.35,3.5666666666666664,3.8,0.0,3.425,1.375,4.25,1.7,3.6,4.6,0.0,2.0,0.0,0.0,2.85,4.3,0.0,2.7,2.5,0.0,4.6,3.4,0.0,3.2,0.0,2.6,0.0,0.0,0.0,0.0,2.8,1.6,0.0,3.8,0.0
69247e0e44e4cccaa87c2490,2.9,0.0,1.8,3.4000000000000004,5.0,0.0,1.3,0.0,1.9,0.0,0.0,0.0,4.0,4.35,3.9,4.375,3.8,0.0,4.95,3.7,0.0,3.0,4.0,0.0,2.2,2.1,2.05,1.8,3.3,3.633333333333333,3.6,4.4,4.1,2.7,0.0,4.266666666666667,1.2,0.0,3.8000000000000003,2.25,0.0,0.0,0.0,1.1,3.1,0.0,0.0,2.3,5.0,1.6,3.1,0.0,0.0,0.0,4.3,0.0,0.0,0.0,1.0,2.6500000000000004,0.0,1.6,2.3,0.0,1.8,2.2,0.0,2.2,1.5,0.0,2.75
69247e0e44e4cccaa87c2491,3.55,1.0,0.0,4.2,4.625,0.0,1.0,4.2,0.0,3.0,0.0,0.0,2.75,3.8,0.0,5.0,2.5,3.1666666666666665,0.0,0.0,3.1666666666666665,3.3,2.6,3.4333333333333336,0.0,0.0,1.6000000000000003,0.0,0.0,0.0,3.6,3.9,3.0,3.9,2.9,4.9,1.0,0.0,2.8,0.0,3.5,0.0,4.5,2.1500000000000004,3.3,3.8499999999999996,1.6,1.0,0.0,0.0,2.3,3.8000000000000003,1.1,0.0,0.0,3.5,3.1,2.2,1.9,0.0,2.8,0.0,1.5,2.0,1.1333333333333333,1.0,0.0,2.0,0.0,4.9,3.9
69247e0e44e4cccaa87c2492,2.1,0.0,1.4,4.233333333333333,4.8,2.5999999999999996,1.2,4.9,2.3,4.6,0.0,0.0,3.3,4.6,4.233333333333333,4.35,2.6,3.7,0.0,3.1,2.3,0.0,4.15,3.1,1.5,2.2,1.3666666666666665,1.9333333333333333,3.5,3.6,0.0,5.0,0.0,0.0,4.0,0.0,1.9,2.6,3.0,2.2,0.0,0.0,3.6,1.1,0.0,0.0,1.05,0.0,0.0,1.85,3.9,4.5,0.0,0.0,0.0,3.5,0.0,0.0,1.3333333333333333,0.0,3.7,1.0,0.0,0.0,0.0,1.0,3.65,1.85,0.0,0.0,0.0
69247e0e44e4cccaa87c2493,3.6,2.2,2.4,3.2,0.0,0.0,1.3,0.0,0.0,4.4,0.0,0.0,4.0,3.6,0.0,4.95,2.3,0.0,4.65,3.8,2.5,3.05,0.0,3.8333333333333335,1.0,0.0,0.0,0.0,0.0,0.0,3.15,0.0,3.7,3.4,2.5,0.0,1.0,0.0,3.7,1.85,4.1,0.0,0.0,1.75,0.0,3.0,1.0,0.0,0.0,1.9666666666666668,0.0,0.0,2.7,3.5,3.15,0.0,4.5,3.3,1.1,2.0,3.3499999999999996,1.0,0.0,0.0,1.2,1.3,2.6,1.85,1.4,4.7,2.4
69247e0e44e4cccaa87c2494,2.8,0.0,2.0,4.3,4.833333333333333,3.2,0.0,4.35,0.0,4.066666666666666,2.9,3.3,2.8,4.75,4.533333333333333,4.1,3.0,3.5,4.8,0.0,0.0,0.0,0.0,3.3,0.0,0.0,2.0,2.5,3.4,4.1,3.1,4.65,4.2,0.0,0.0,0.0,1.0,3.6666666666666665,4.7,2.1,4.5,0.0,3.3,1.4,3.2,0.0,1.6,1.2,4.5,1.0,3.4,4.066666666666666,1.8,2.9,3.6,4.199999999999999,0.0,2.75,0.0,2.3,2.8,2.2,2.3,1.5499999999999998,0.0,1.3,3.25,1.94,1.85,4.5,2.4
69247e0e44e4cccaa87c2495,2.8333333333333335,1.0,1.7,3.9,4.7,2.55,1.0,3.866666666666667,2.8,0.0,3.5,0.0,3.15,4.6,3.4,5.0,2.5,2.8,3.9,2.9,3.1,0.0,4.4,3.0,0.0,1.325,1.8,2.6,4.3,4.0,3.25,4.2,3.9000000000000004,0.0,3.375,0.0,0.0,0.0,4.0,1.85,0.0,1.75,4.3,2.4,1.9,3.466666666666667,0.0,0.0,4.9,1.375,0.0,3.3000000000000003,0.0,0.0,0.0,3.4,3.1,3.7,0.0,2.6,2.7,0.0,1.4,1.1,0.0,1.8,2.8499999999999996,0.0,1.1,4.9,0.0
69247e0e44e4cccaa87c2496,3.1333333333333333,1.4333333333333333,2.3,3.2,4.833333333333333,1.75,1.0,4.366666666666666,1.3,3.9,3.3,0.0,0.0,0.0,3.966666666666667,0.0,2.3,0.0,0.0,2.6999999999999997,0.0,2.8,2.7,0.0,1.0,1.35,1.6,1.5,3.4,0.0,3.1,4.3,0.0,0.0,0.0,4.5,2.1,2.9,4.699999999999999,0.0,3.35,2.1333333333333333,5.0,1.5666666666666667,0.0,3.4499999999999997,1.0,1.0,0.0,0.0,3.5,4.0,2.0,0.0,3.0,0.0,4.0,0.0,1.8,0.0,2.8,1.75,0.0,1.55,1.1,0.0,3.9,1.0,0.0,4.8,3.7
69247e0e44e4cccaa87c2497,2.8666666666666667,2.1999999999999997,0.0,3.4666666666666663,4.0,2.75,1.0,3.9,2.9,3.5999999999999996,3.3499999999999996,3.4333333333333336,4.1,0.0,0.0,3.8,3.7,2.5,4.4,0.0,2.0,0.0,3.8,0.0,1.6000000000000003,1.3333333333333333,1.5,2.15,3.5,4.1,0.0,5.0,3.7,2.2,0.0,4.5,1.9,3.8,0.0,2.2333333333333334,0.0,1.85,3.4000000000000004,1.8,2.033333333333333,4.1,0.0,1.5666666666666667,0.0,2.2,2.6,0.0,0.0,2.5,2.8,3.2,0.0,0.0,1.0,2.4000000000000004,3.9,0.0,2.8,1.0,1.5666666666666667,0.0,0.0,2.1,1.9,0.0,0.0
69247e0e44e4cccaa87c2498,3.0,1.5,2.3666666666666667,3.9,5.0,1.7,2.1,3.5,2.225,0.0,2.2,3.6333333333333333,3.2,5.0,4.025,0.0,0.0,2.1,4.3,3.4000000000000004,2.975,2.9,0.0,4.6,1.0666666666666667,1.1,2.4,2.9000000000000004,4.1,0.0,3.4,4.9,2.9,2.55,4.1,4.9,1.5333333333333332,3.5,3.45,0.0,3.7,1.2666666666666666,3.6666666666666665,2.8,2.7,4.7,0.0,2.5,0.0,2.3,2.5,2.85,0.0,2.6,0.0,3.7,3.8000000000000003,0.0,0.0,2.65,0.0,0.0,2.3,0.0,2.1,1.7,3.6,1.5,1.0,4.0,3.6
69247e0e44e4cccaa87c2499,3.04,1.6,0.0,4.033333333333333,4.3,2.8,1.0,4.8500000000000005,0.0,4.1,4.0,2.5,2.9,3.95,3.1500000000000004,5.0,3.1666666666666665,3.3,4.6,3.8,3.0,3.5,0.0,2.7,0.0,1.4000000000000001,2.1333333333333333,1.85,3.85,4.5,3.3,4.8,3.0,0.0,3.2,4.5,1.4,0.0,0.0,1.7,0.0,1.0,4.25,2.4,2.4,0.0,1.9,1.75,4.6000000000000005,0.0,0.0,0.0,0.0,3.1,3.2,5.0,4.0,0.0,0.0,2.6,2.2,1.5,2.9,1.1,1.0,0.0,3.5999999999999996,2.6,1.8,4.7,2.9
69247e0e44e4cccaa87c249a,3.266666666666667,1.8,2.0,4.3,4.9,2.9,1.0,0.0,2.5,0.0,2.3499999999999996,0.0,2.7,4.1,3.9,0.0,3.6,2.55,0.0,2.5,2.5,2.9,3.7,3.6999999999999997,0.0,1.1,2.05,2.2,3.3,4.0,3.5,0.0,3.7,3.533333333333333,3.8333333333333335,0.0,0.0,3.7,3.466666666666667,1.975,4.4,0.0,0.0,1.8499999999999999,2.45,4.1,1.6749999999999998,1.75,0.0,1.7,3.5,3.65,1.6,0.0,3.8333333333333335,3.9,0.0,3.9,1.0,3.2,2.4,2.2,0.0,1.9000000000000001,1.8,0.0,2.6,2.05,2.2,3.95,3.9
69247e0e44e4cccaa87c249b,3.266666666666667,1.4666666666666668,1.65,4.6,4.3,2.75,1.8,4.15,2.7,0.0,2.5,3.8,0.0,3.3,4.3,4.0,0.0,3.0999999999999996,0.0,4.3,2.1666666666666665,0.0,0.0,3.3666666666666667,0.0,1.7333333333333334,2.6,0.0,3.8,3.6,2.7,4.5,2.8,2.8,0.0,0.0,0.0,0.0,3.9499999999999997,0.0,3.7,0.0,0.0,1.4,0.0,0.0,1.5,0.0,4.1,0.0,2.6,3.5666666666666664,2.2,0.0,0.0,4.1,0.0,0.0,1.0,0.0,0.0,2.6,2.6,0.0,0.0,1.1,3.9499999999999997,1.7,1.0,0.0,2.3
69247e0e44e4cccaa87c249c,2.1500000000000004,1.35,1.0,3.95,4.4,2.62,1.8,4.55,2.75,3.6,3.266666666666667,0.0,3.5,4.2,4.0,0.0,0.0,0.0,3.6,2.8,0.0,0.0,2.95,3.55,1.0,2.2,0.0,3.2,4.6,4.1,3.5999999999999996,4.9,0.0,2.533333333333333,3.5,4.4,1.0,0.0,0.0,0.0,3.7,1.3,0.0,0.0,0.0,0.0,0.0,0.0,0.0,1.8,3.466666666666667,4.2,0.0,0.0,0.0,4.55,0.0,3.1,1.9500000000000002,0.0,2.9,0.0,1.8,0.0,1.0,1.9,3.1500000000000004,2.4,0.0,4.2,4.0
69247e0e44e4cccaa87c249d,3.45,1.0,1.5666666666666664,4.32,5.0,2.533333333333333,1.15,4.4,2.5,0.0,0.0,3.7,3.9000000000000004,3.94,3.466666666666667,0.0,4.0,3.6,0.0,3.6,3.5,3.45,3.3000000000000003,4.0200000000000005,1.4,1.7,1.95,2.6333333333333333,3.7,4.1,0.0,4.199999999999999,3.3,2.9,4.3,4.0,1.34,4.4,3.1,2.1,4.0,1.2,0.0,0.0,3.5,0.0,0.0,0.0,0.0,1.1,2.3,0.0,0.0,2.7,3.0,4.4,0.0,0.0,1.0,3.1,3.4,1.0,2.45,0.0,1.4,0.0,0.0,1.0,2.0,4.25,0.0
69247e0e44e4cccaa87c249e,3.225,1.5,2.3666666666666667,3.9,0.0,0.0,1.5499999999999998,4.525,1.5333333333333332,4.5,3.0,2.4,0.0,4.3,0.0,4.3,2.8,3.9,4.6,2.5,3.8,2.6999999999999997,3.5666666666666664,3.5,0.0,1.5333333333333332,1.7666666666666666,0.0,0.0,4.1,3.6333333333333333,0.0,4.15,3.3,2.4,4.525,1.3,4.3,0.0,1.6500000000000001,0.0,0.0,3.9000000000000004,1.4,0.0,0.0,1.2,1.5666666666666667,0.0,1.8,2.95,0.0,0.0,3.4,2.8,0.0,4.0,3.466666666666667,0.0,2.0,3.5,2.7,2.4,1.2,2.1,1.3,3.8,1.75,1.1,0.0,0.0
69247e0e44e4cccaa87c249f,3.55,1.3,1.2,4.0,4.65,2.1,1.0,4.633333333333333,1.8,3.45,2.7,4.0,4.1,0.0,3.8,4.7,4.2,0.0,4.6,0.0,2.7,2.5,0.0,3.8666666666666667,1.8,0.0,0.0,3.3,4.133333333333333,3.2,2.9,5.0,4.3,0.0,4.0,4.5,1.0,0.0,4.0,1.6,0.0,1.5,4.5,0.0,2.65,3.4,1.75,2.0,5.0,1.0,0.0,3.2,1.6,0.0,3.4,4.05,0.0,0.0,0.0,0.0,3.3,0.0,0.0,0.0,0.0,0.0,3.6666666666666665,1.45,0.0,4.4,2.9
69247e0e44e4cccaa87c24a0,2.7,1.0,2.2666666666666666,4.2,0.0,0.0,1.0,4.9,1.9,4.7,3.1500000000000004,3.1,4.1,3.95,4.5,4.6,0.0,0.0,4.9,0.0,0.0,3.1333333333333333,3.5,3.4,1.65,1.25,2.45,0.0,3.466666666666667,5.0,3.5666666666666664,4.375,3.3,3.3,3.3000000000000003,4.2,1.45,4.3,0.0,1.9333333333333333,0.0,0.0,3.3,0.0,1.9,3.2,0.0,2.2,5.0,1.0,0.0,0.0,2.7,3.5,0.0,3.7,4.0,3.6,1.2,0.0,0.0,0.0,2.3,1.0,2.2,0.0,3.4333333333333336,1.65,0.0,4.8,3.7
69247e0e44e4cccaa87c24a1,3.325,1.15,2.9,4.7,4.4,1.5666666666666667,1.4,4.2,2.2,3.8,3.4,2.7,0.0,3.4,4.3,4.5,0.0,3.8,3.55,3.5,3.1,3.7,3.3,0.0,1.0,1.8,1.9,2.4,0.0,0.0,3.0,0.0,2.8,3.4,3.5999999999999996,4.2,1.5,2.9,0.0,2.7,3.1,0.0,3.88,2.3,3.5,4.2,1.0,1.3,0.0,1.55,2.95,0.0,2.1,0.0,3.8,4.15,4.1,2.95,1.15,0.0,2.2,1.3,3.0,2.3,1.0,2.2,2.7,0.0,1.5,4.8,0.0
69247e0e44e4cccaa87c24a2,3.425,0.0,1.4,3.9000000000000004,4.35,2.3000000000000003,1.2,4.366666666666666,2.3,3.4333333333333336,3.6,3.5,3.6,3.233333333333333,3.3,0.0,2.3,2.0,0.0,0.0,3.1,2.5999999999999996,3.6,2.8,1.5,1.85,2.8,0.0,4.25,4.15,3.233333333333333,4.1,3.0,3.9,4.1,4.466666666666666,1.8200000000000003,4.3,4.3,2.0,0.0,2.05,0.0,1.8333333333333333,2.1,0.0,1.0,1.3,3.7,1.5333333333333332,2.566666666666667,3.95,2.05,0.0,0.0,5.0,4.3,0.0,1.9,1.85,3.6,1.0,2.7,1.1,1.4,1.0,2.4,1.8,2.3,3.9,3.5
69247e0e44e4cccaa87c24a3,2.9000000000000004,2.0,0.0,3.85,0.0,2.1,2.0,4.4,0.0,3.7,3.9,3.1999999999999997,3.2,4.0,3.2,0.0,3.8,0.0,3.4,3.7,0.0,3.525,0.0,3.85,1.4,1.75,2.1,1.9,4.1000000000000005,3.3,2.4,4.35,3.4,2.9333333333333336,3.033333333333333,5.0,1.0999999999999999,0.0,3.5999999999999996,2.2,0.0,2.0,3.3,0.0,0.0,3.2,1.0,1.15,0.0,0.0,2.55,0.0,1.8333333333333333,0.0,3.9,4.3,5.0,3.9,1.45,0.0,0.0,0.0,0.0,2.1,0.0,0.0,3.45,0.0,0.0,0.0,3.9
69247e0e44e4cccaa87c24a4,2.4,0.0,1.9,0.0,5.0,2.6,1.2,0.0,2.1,3.4,2.4,3.6,3.75,4.1,0.0,4.3,3.6,2.95,4.1,4.3,3.2,3.8,0.0,2.9,1.9000000000000001,1.4000000000000001,2.05,0.0,4.133333333333334,4.1,0.0,0.0,3.9,0.0,3.733333333333333,5.0,1.65,3.9,0.0,2.9,0.0,1.6800000000000002,4.5,1.625,3.25,3.9,1.2,0.0,4.633333333333334,1.9249999999999998,0.0,3.5,1.8,0.0,3.28,3.9,3.8,2.9,0.0,2.9,3.0,1.8666666666666665,2.1,1.9,0.0,1.6666666666666667,3.5,1.4,1.3,4.9,3.8
69247e0e44e4cccaa87c24a5,2.7,1.75,0.0,4.166666666666667,4.9,2.25,1.0,0.0,1.8333333333333333,3.1500000000000004,0.0,3.55,3.85,3.95,3.3,3.8,0.0,3.3,0.0,3.5,0.0,2.5,3.5,0.0,1.2,1.1,0.0,0.0,0.0,0.0,3.1999999999999997,4.74,3.3666666666666667,3.1333333333333333,3.5999999999999996,3.8,1.5,3.3333333333333335,3.4,2.1,3.9,0.0,4.5,2.0,2.8,3.8499999999999996,1.4,1.2,0.0,1.0,2.3,0.0,0.0,0.0,4.4,4.9,4.2,0.0,1.9,0.0,2.9000000000000004,0.0,2.3,0.0,0.0,1.0,3.5,1.2,0.0,0.0,0.0
69247e0e44e4cccaa87c24a6,2.75,1.75,1.7,3.9,4.7,3.2,0.0,3.6,1.925,3.5,3.6999999999999997,4.0,3.45,4.7,3.2,4.4,3.3499999999999996,2.45,0.0,2.9,3.0,3.3,3.05,2.8,1.3,0.0,2.5,1.5,3.6,4.9,0.0,5.0,4.1,3.1,4.35,4.35,1.7,2.8,0.0,0.0,0.0,1.3,0.0,0.0,2.6333333333333333,3.55,1.9,1.8999999999999997,0.0,0.0,2.5999999999999996,3.4,2.3,3.5,0.0,0.0,3.2,0.0,2.0,0.0,2.9,1.8,0.0,1.0,1.6,1.7,3.1,0.0,1.7,4.1,0.0
69247e0e44e4cccaa87c24a7,3.2,1.9666666666666668,2.0,3.5999999999999996,0.0,0.0,0.0,4.15,0.0,4.25,3.4666666666666663,3.1666666666666665,3.766666666666667,4.4,3.45,5.0,3.1,2.55,4.25,4.3,0.0,0.0,3.2,3.6,1.45,1.45,0.0,0.0,0.0,3.7,2.4,4.925,0.0,2.3,3.933333333333333,4.1,1.6500000000000001,3.8499999999999996,3.5999999999999996,1.9666666666666668,0.0,1.0,4.3,1.8,3.3,0.0,1.1666666666666667,0.0,4.4,1.55,3.8,0.0,0.0,2.9,2.6,4.6,4.6,0.0,1.0,3.0,2.6,0.0,0.0,1.5333333333333332,0.0,0.0,3.55,1.0,1.0,4.5,3.2
69247e0e44e4cccaa87c24a8,3.45,1.65,2.8,4.8,4.7,1.825,1.4,4.42,2.1666666666666665,0.0,3.2,3.9,4.6,3.2,3.9,4.2,3.4666666666666663,3.3,4.6,2.9333333333333336,3.3,2.8,0.0,0.0,1.4500000000000002,1.325,0.0,2.25,3.0,5.0,0.0,0.0,3.75,2.5999999999999996,4.3,3.95,1.0,2.6,3.9,2.375,0.0,1.6666666666666667,3.8499999999999996,2.1666666666666665,2.7,0.0,0.0,0.0,5.0,2.4,3.7,3.5,0.0,3.8499999999999996,0.0,4.2,4.3,2.8,1.0,0.0,3.1,0.0,0.0,0.0,0.0,1.45,3.5,2.55,0.0,4.9,0.0
69247e0e44e4cccaa87c24a9,3.08,1.2666666666666666,2.1,3.75,4.866666666666666,0.0,1.05,4.3,0.0,0.0,0.0,2.6,3.9000000000000004,4.314285714285714,4.333333333333333,4.8,2.55,0.0,4.366666666666666,2.7,0.0,2.9666666666666663,3.0999999999999996,4.1,0.0,0.0,1.8,0.0,0.0,4.233333333333333,0.0,3.8,2.75,0.0,4.25,3.7,1.6000000000000003,3.7,3.75,2.05,0.0,0.0,4.0,2.1,1.7,4.4,0.0,0.0,3.7,0.0,2.6,0.0,2.3,0.0,0.0,0.0,4.8,0.0,0.0,3.2,2.2,1.8,0.0,1.5,1.1,1.5,3.6,1.35,1.0,3.3,0.0
69247e0e44e4cccaa87c24aa,3.575,0.0,2.7,3.6500000000000004,0.0,0.0,1.0,4.466666666666667,1.6666666666666667,0.0,3.6,2.85,0.0,4.95,4.6,3.7,2.85,3.7,5.0,0.0,0.0,0.0,3.6,2.8,0.0,0.0,1.3666666666666665,0.0,3.9,3.766666666666667,3.7,3.9,0.0,0.0,0.0,4.15,1.0,4.0,2.9,2.5,4.366666666666666,0.0,4.0,2.5,2.4,3.466666666666667,0.0,1.4666666666666668,3.8,1.0,2.2,3.7,1.7,3.3,4.4,3.6,0.0,3.6,1.6,0.0,0.0,0.0,0.0,2.05,0.0,0.0,0.0,2.6,0.0,4.4,0.0
69247e0e44e4cccaa87c24ab,3.4333333333333336,2.15,2.7,4.6000000000000005,4.2,0.0,1.1,4.4,1.9500000000000002,3.3,0.0,3.8,0.0,4.5,3.0,4.550000000000001,4.1,3.7,4.375,3.3,0.0,3.1,3.3,3.8,1.9,1.575,2.0,2.6666666666666665,3.0,4.4,3.3,4.35,0.0,0.0,3.0,0.0,1.15,0.0,0.0,1.725,4.6,2.5,3.8,0.0,0.0,4.0,1.1,1.7000000000000002,5.0,1.2,3.4,3.0666666666666664,2.7,0.0,4.1,4.1,0.0,0.0,0.0,1.6,3.5,1.85,0.0,0.0,1.0,0.0,3.2,1.7,0.0,4.800000000000001,2.8
69247e0e44e4cccaa87c24ac,3.0,1.05,1.5,3.8499999999999996,4.8,0.0,1.2,4.35,1.2999999999999998,3.2,0.0,3.466666666666667,3.6333333333333333,4.0,3.55,5.0,0.0,2.766666666666667,0.0,2.6,2.1,3.9,3.466666666666667,3.95,0.0,1.5999999999999999,2.15,3.4,3.9,4.3,3.25,4.15,3.65,0.0,0.0,4.5,1.0,0.0,3.466666666666667,1.8666666666666665,0.0,1.2,0.0,2.7,0.0,0.0,1.65,2.3000000000000003,0.0,1.6,3.05,0.0,2.5,2.7,0.0,4.5,3.9,3.3,2.0,0.0,0.0,0.0,0.0,1.2,1.5,2.1,2.8,1.775,1.5,4.15,2.6
69247e0e44e4cccaa87c24ad,3.025,1.525,2.3000000000000003,4.65,5.0,1.7,0.0,4.166666666666667,0.0,2.9,2.3,3.2,3.9499999999999997,4.4,4.1,0.0,3.0,2.0,3.7,4.4,2.3,3.0,3.4,3.2,2.05,2.0,0.0,3.2,3.966666666666667,3.5,0.0,0.0,0.0,2.8333333333333335,2.6,0.0,1.9500000000000002,2.6,4.2,0.0,3.55,1.25,4.45,2.6,0.0,0.0,1.0,0.0,4.9,1.7,2.5,4.0,0.0,0.0,3.9,4.3,3.4,0.0,1.4,2.0,3.7,0.0,2.45,0.0,0.0,1.5,0.0,2.7,1.3,4.65,0.0
69247e0e44e4cccaa87c24ae,2.3,1.0,1.1,3.4000000000000004,4.8,2.3,1.3666666666666665,3.5,2.9,3.5,2.8,3.1999999999999997,4.45,3.5,4.35,4.8,0.0,0.0,4.6,2.95,2.4,3.0,3.05,3.0,1.7,1.35,2.3,0.0,4.2,3.4,3.8,4.8,0.0,3.0,0.0,4.449999999999999,1.0333333333333334,3.55,3.1,1.75,4.0,0.0,3.25,0.0,0.0,0.0,1.0,0.0,0.0,0.0,0.0,0.0,2.9,3.2,0.0,0.0,4.8,3.05,1.0,2.6,0.0,1.1,3.2,1.0,0.0,2.5,0.0,2.2,0.0,0.0,2.2
69247e0e44e4cccaa87c24af,3.3666666666666667,1.0,1.9,4.05,5.0,1.75,1.0,4.9,0.0,0.0,3.325,3.35,3.8666666666666667,0.0,4.2,4.566666666666666,4.2,2.4,0.0,0.0,2.1,2.425,0.0,3.9,0.0,1.5,1.6,0.0,4.4,0.0,3.3,4.8,0.0,2.6,3.7,4.8,1.5,3.6,3.9,1.6,0.0,0.0,0.0,1.8,2.9,3.5,0.0,1.8,4.4,1.75,3.3,2.85,1.5,0.0,4.2,5.0,0.0,0.0,1.8,2.4,3.1,1.75,1.7,0.0,1.0,0.0,3.325,1.3,1.35,5.0,2.5
69247e0e44e4cccaa87c24b0,3.1,2.2,2.1666666666666665,3.72,4.55,2.8000000000000003,1.4333333333333333,4.65,0.0,0.0,3.5,4.1,3.45,5.0,0.0,4.375,3.9,3.7,0.0,4.4,2.0,2.8,3.4000000000000004,3.4,1.925,1.0,1.8399999999999999,2.9,0.0,0.0,0.0,4.85,2.8,0.0,2.9,4.6000000000000005,1.6,3.3,4.1,2.466666666666667,3.45,0.0,3.2,0.0,0.0,3.0,1.0,1.95,0.0,1.5,0.0,2.8,0.0,0.0,0.0,3.6,3.3,3.1,0.0,2.1,2.9,1.0,1.4,1.95,0.0,1.1,0.0,2.066666666666667,1.4,3.7,0.0
69247e0e44e4cccaa87c24b1,2.5999999999999996,2.4,0.0,4.025,4.833333333333333,1.7,1.6,4.5,1.0,3.75,0.0,3.3,0.0,0.0,3.6,3.9,3.8,3.15,3.75,2.85,0.0,0.0,4.1,4.5,1.1,1.1,1.4666666666666668,0.0,3.3,0.0,3.05,0.0,0.0,2.3,3.5999999999999996,4.2,1.3666666666666665,3.7,3.0,0.0,3.8499999999999996,1.0,5.0,1.7999999999999998,3.2,3.3666666666666667,1.6333333333333335,0.0,0.0,1.5666666666666667,2.5,0.0,2.0999999999999996,3.5,0.0,0.0,3.9333333333333336,3.0,0.0,2.5,3.1,1.2,2.9,1.8,0.0,1.5,2.6,0.0,0.0,3.6,3.5
69247e0e44e4cccaa87c24b2,3.2,2.5,2.025,4.800000000000001,0.0,2.4,1.0,5.0,1.5,0.0,2.4,0.0,0.0,4.366666666666667,0.0,4.4,2.5,2.8,0.0,3.0666666666666664,3.3,2.9,3.3333333333333335,3.6333333333333333,0.0,1.0,2.35,2.65,4.1,4.0,0.0,5.0,3.0,2.7,3.9,4.0,1.5,0.0,2.9,1.4,3.8,0.0,3.6,1.0,3.0,0.0,0.0,1.05,4.9,1.45,0.0,3.733333333333333,0.0,3.0999999999999996,4.4,3.55,4.3,0.0,0.0,3.3,2.9,1.6,2.15,1.5,0.0,1.7,0.0,1.3,0.0,4.2,3.3
69247e0e44e4cccaa87c24b3,3.55,1.0,2.8,3.55,0.0,0.0,1.45,4.433333333333334,1.725,3.1,3.3333333333333335,3.3333333333333335,0.0,4.5,4.4,4.4,2.3,0.0,0.0,3.6333333333333333,3.55,3.0666666666666664,3.9,3.7,1.0,1.0,1.0,2.45,0.0,4.08,3.05,5.0,4.05,0.0,2.9,4.1,1.1,3.5666666666666664,3.8,0.0,3.9,1.25,4.25,1.9000000000000001,3.0,0.0,1.6,1.6,0.0,0.0,3.0,0.0,1.9,3.4,4.1,3.6,0.0,0.0,0.0,3.1,0.0,2.5,0.0,0.0,0.0,0.0,3.65,1.5,0.0,4.2,0.0
69247e0e44e4cccaa87c24b4,2.7,2.1,0.0,4.0,4.3,2.45,1.0,4.1,1.3,0.0,2.8,0.0,0.0,4.6,3.5,4.0,0.0,2.9333333333333336,0.0,3.2,2.75,2.7,4.1,3.533333333333333,2.4,1.6,0.0,0.0,0.0,0.0,3.2,5.0,3.6,3.25,3.0666666666666664,4.2,1.25,4.0,3.3,1.9333333333333333,0.0,2.2,3.1,1.7,2.75,3.7,1.9,2.0,5.0,1.8666666666666665,3.2,0.0,1.1,3.25,0.0,5.0,0.0,3.25,1.0,0.0,2.2,2.1,0.0,0.0,1.45,0.0,3.7,2.0,1.4,0.0,2.4
69247e0e44e4cccaa87c24b5,3.1166666666666667,1.6666666666666667,1.3,3.1,4.25,3.0,1.0,4.14,2.6,3.4,3.6,3.6,4.033333333333333,3.933333333333333,3.65,0.0,0.0,2.0,4.4,3.2,3.0,0.0,3.45,2.85,2.0,1.5,1.1,3.2,3.35,3.8,3.3,0.0,0.0,0.0,0.0,0.0,1.5333333333333332,3.4,0.0,1.2,0.0,2.1,4.9,0.0,3.0,4.4,1.7,1.8,4.699999999999999,0.0,0.0,3.9,1.0,0.0,3.2,4.5,0.0,0.0,0.0,2.95,3.5999999999999996,0.0,0.0,1.3666666666666665,2.3,1.5,3.45,0.0,0.0,4.7,3.5
69247e0e44e4cccaa87c24b6,3.06,2.6,2.425,4.34,5.0,2.7,1.5,0.0,0.0,0.0,2.9,3.6999999999999997,0.0,4.65,3.5,4.633333333333334,2.7,0.0,4.4,3.2,0.0,2.3,0.0,3.1,1.8,1.7,1.4,2.3,3.15,4.0,0.0,4.2,4.3,0.0,3.75,4.9,1.0,2.85,4.1,2.2,3.55,1.95,0.0,2.0333333333333337,2.3,4.6,2.2,0.0,4.4,2.1666666666666665,3.8,3.6,0.0,3.0,3.5999999999999996,0.0,0.0,3.0,1.9,0.0,0.0,1.6,2.3,0.0,2.3,0.0,0.0,1.6666666666666667,2.1,0.0,3.3000000000000003
69247e0e44e4cccaa87c24b7,3.0999999999999996,0.0,1.2,3.6999999999999997,3.9,0.0,1.2,4.4,2.9,0.0,3.425,2.9,2.8,3.95,3.55,4.45,3.8,0.0,4.35,4.15,0.0,2.6666666666666665,3.25,3.5,2.1,1.55,1.45,1.8,3.8,3.8,0.0,5.0,3.8,3.1500000000000004,2.9,4.475,0.0,3.9,3.4,2.566666666666667,0.0,1.0,4.0,1.5,0.0,3.3,0.0,1.7999999999999998,4.55,1.1333333333333335,3.1,4.2,2.5,3.5,0.0,4.3,0.0,3.6,1.35,2.25,3.125,0.0,3.1,2.6500000000000004,0.0,1.65,3.4,0.0,1.5,0.0,3.15
69247e0e44e4cccaa87c24b8,2.7750000000000004,0.0,1.0,3.7,4.75,2.233333333333333,1.0,4.475,2.5,4.3,2.2,0.0,3.6333333333333333,4.4,3.766666666666667,4.0,0.0,0.0,4.3,0.0,3.6,0.0,3.2,0.0,1.1,1.475,0.0,2.9000000000000004,3.9666666666666663,0.0,0.0,3.8,4.6,2.6666666666666665,3.1,0.0,1.0,3.9,3.2,1.9666666666666668,0.0,0.0,4.199999999999999,0.0,2.6,3.8249999999999997,0.0,2.1,4.0,1.3,3.2,4.05,0.0,2.4,0.0,0.0,0.0,3.0,1.05,2.55,2.5,1.4,2.3,0.0,0.0,0.0,0.0,1.8,2.25,4.7,2.75
69247e0e44e4cccaa87c24b9,2.966666666666667,0.0,2.0,4.0,4.833333333333333,2.95,1.0,4.533333333333334,2.45,4.333333333333333,3.6,4.2,3.8000000000000003,3.9333333333333336,4.25,5.0,3.9333333333333336,3.5,4.0,3.7,3.1500000000000004,3.533333333333333,3.9749999999999996,4.4,1.0,1.7,2.0,1.8,4.6,4.6,4.0,0.0,4.6,2.8499999999999996,0.0,4.366666666666666,1.5,3.6,2.9,3.0,3.475,1.0,3.2,1.2666666666666666,0.0,3.7,1.6,0.0,4.633333333333334,2.2,3.0,3.6,0.0,0.0,4.4,0.0,4.4,0.0,2.1,2.25,3.4000000000000004,0.0,0.0,1.5499999999999998,0.0,1.0,0.0,1.9333333333333333,1.8,5.0,2.8000000000000003
69247e0e44e4cccaa87c24ba,0.0,1.2,1.6,4.333333333333333,5.0,1.7,1.7,3.95,1.3,3.7,2.8499999999999996,2.8,3.3,4.2,3.9,4.7,0.0,3.4,5.0,3.5,0.0,0.0,3.1,3.55,1.6,1.0,1.8,3.4,0.0,4.2,3.4,4.466666666666666,3.2,3.2,3.7,5.0,1.85,3.3833333333333333,0.0,2.3,3.9,1.35,0.0,1.35,0.0,4.8,1.0,1.3,4.95,1.0,0.0,3.5,0.0,0.0,0.0,0.0,0.0,3.5,0.0,2.6333333333333333,0.0,0.0,2.1,0.0,1.4,0.0,0.0,0.0,0.0,0.0,3.0
69247e0e44e4cccaa87c24bb,2.9,2.033333333333333,3.0,0.0,5.0,2.4,1.5,3.8,0.0,0.0,3.85,4.1,4.3,0.0,4.8,3.7,3.9,0.0,5.0,3.1,3.4,2.3,3.2,0.0,0.0,0.0,2.5,1.8,3.3,0.0,3.75,4.1,3.0,0.0,0.0,4.233333333333333,2.3,3.5,3.733333333333333,1.2,3.72,2.2,0.0,0.0,1.9,0.0,1.0,1.3,4.7,0.0,0.0,3.1,0.0,0.0,3.1,4.066666666666667,3.6,2.8499999999999996,0.0,2.1,0.0,0.0,2.3,1.35,1.35,0.0,0.0,0.0,1.65,0.0,0.0
69247e0e44e4cccaa87c24bc,2.6999999999999997,1.6,1.85,3.25,0.0,2.2,1.0,3.9,1.8,3.9,0.0,3.9,3.0,4.8,3.95,4.466666666666667,3.4,0.0,4.9,2.7,0.0,3.5,0.0,3.5,2.2,0.0,0.0,2.1,0.0,4.25,3.4,5.0,3.5666666666666664,3.2,2.9,5.0,1.4,3.5,3.3,2.3,2.8,2.0,0.0,0.0,3.0,0.0,0.0,0.0,3.9,1.6333333333333335,0.0,3.45,1.6500000000000001,3.4,3.1,3.8,3.1,3.05,1.0,0.0,2.825,1.3,0.0,0.0,1.6,1.1,3.4,1.7000000000000002,1.1,4.333333333333333,3.9
69247e0e44e4cccaa87c24bd,3.35,1.4000000000000001,1.2,4.0,4.2,1.65,1.0,0.0,1.6,4.4,3.0,0.0,0.0,4.2,4.050000000000001,5.0,0.0,0.0,0.0,3.6,3.3,2.8,2.95,0.0,2.3,1.6,1.3,3.4,3.1,3.5999999999999996,0.0,5.0,0.0,0.0,0.0,0.0,1.7999999999999998,4.4,3.2,1.5499999999999998,4.166666666666667,1.5999999999999999,0.0,1.7000000000000002,3.2,3.2,1.0,1.1,0.0,1.8,2.9,3.6500000000000004,0.0,0.0,4.05,0.0,0.0,0.0,1.4,2.1,0.0,2.3,0.0,0.0,0.0,1.9000000000000001,3.9,2.5,1.2,0.0,0.0
69247e0e44e4cccaa87c24be,3.15,2.05,2.8,3.45,4.8,2.3,1.9500000000000002,4.1,2.9,0.0,0.0,0.0,4.15,0.0,4.35,0.0,0.0,2.7,4.1,0.0,0.0,2.8,3.3666666666666667,3.7,1.3666666666666665,1.0,0.0,1.9333333333333333,0.0,4.0,4.0,5.0,3.25,2.8,3.3,4.45,2.2,2.8499999999999996,3.35,0.0,4.0,1.5,0.0,1.3666666666666665,0.0,3.7,0.0,2.3,4.8,1.4,4.0,0.0,0.0,0.0,4.1,3.6,3.8,0.0,1.9500000000000002,2.1,0.0,0.0,2.7,0.0,1.4,1.4333333333333333,2.4,0.0,1.6,4.3,0.0
69247e0e44e4cccaa87c24bf,3.2249999999999996,1.9500000000000002,1.9600000000000002,3.3666666666666667,4.866666666666666,0.0,1.0,3.65,1.7,4.25,2.3499999999999996,3.4,0.0,3.733333333333333,0.0,4.55,3.5,2.9,4.0,3.6,0.0,3.3666666666666667,2.6666666666666665,3.1,0.0,1.1,0.0,0.0,0.0,3.2,3.0,5.0,4.6,3.3499999999999996,0.0,4.15,1.6,3.75,4.3,2.4,3.3,1.0,0.0,1.85,0.0,0.0,1.5666666666666667,1.0,0.0,1.6,3.033333333333333,3.45,1.1,0.0,0.0,4.65,0.0,2.7,1.0,2.7,0.0,1.0,1.4,1.6,1.45,1.9,4.3,1.1,1.2000000000000002,4.0,0.0
69247e0e44e4cccaa87c24c0,3.35,1.65,2.05,0.0,4.2,0.0,1.0,3.766666666666667,2.0,3.766666666666667,3.7,3.6999999999999997,4.6,0.0,4.6,4.65,4.0,0.0,3.7,3.5999999999999996,1.9,0.0,3.6,4.1,0.0,1.0,1.9,3.3,3.6500000000000004,0.0,3.2,0.0,3.0,3.2,0.0,0.0,1.15,4.4,4.1,2.3,4.2,1.4666666666666668,4.2,1.8,2.1666666666666665,3.2,0.0,1.45,4.5,0.0,2.7,4.2,0.0,3.1,3.7,0.0,4.525,3.4,1.9500000000000002,0.0,2.9,1.1,2.35,2.6,1.25,1.0,3.5666666666666664,1.0,0.0,4.6,0.0
69247e0e44e4cccaa87c24c1,3.475,1.55,0.0,4.15,4.366666666666666,0.0,2.1,4.7,2.3666666666666667,4.6,3.2,3.3,0.0,4.1,3.2,4.5,0.0,2.35,4.7,3.65,3.9,3.4,3.5,3.6999999999999997,2.2,1.1,1.2,0.0,0.0,4.9,3.1333333333333333,5.0,0.0,0.0,0.0,0.0,1.0,4.25,2.9,1.7,3.9,1.5,3.8,1.0,2.2,3.4,0.0,0.0,4.9,2.2,3.7,0.0,2.6,3.1999999999999997,0.0,4.0,0.0,0.0,0.0,0.0,0.0,0.0,0.0,0.0,0.0,0.0,3.2,2.3,1.75,5.0,0.0
69247e0e44e4cccaa87c24c2,3.3000000000000003,1.3,1.9,3.8666666666666667,4.566666666666666,0.0,1.7,0.0,2.1,3.233333333333333,0.0,2.8,0.0,0.0,3.45,4.6,3.5,0.0,4.4,0.0,3.1,2.3,3.5999999999999996,3.8,1.75,1.0,1.9,2.2,3.9666666666666663,4.0,4.15,3.8,4.45,3.9,3.3,4.675,1.7,3.9,4.8,2.1,3.45,2.0,3.35,0.0,2.4,3.8249999999999997,0.0,0.0,5.0,1.4,3.55,3.55,0.0,3.1,0.0,4.566666666666666,4.0,3.3,0.0,2.95,2.7,2.6,2.5,0.0,1.7,1.0,3.25,1.4,1.7,4.5,0.0
69247e0e44e4cccaa87c24c3,3.18,2.6,1.8,4.4,0.0,2.1,0.0,3.75,1.4,3.3,3.15,3.45,3.3,3.55,3.05,0.0,0.0,3.0,4.2,0.0,0.0,2.5,0.0,3.75,1.1,0.0,1.5666666666666667,2.3,3.85,3.625,3.95,3.75,3.7,0.0,3.3,4.45,2.2,3.25,3.05,1.7666666666666666,4.1,1.1,3.8,0.0,1.8,4.6,1.0,1.8666666666666665,4.5,0.0,3.2,0.0,2.35,0.0,4.2,4.1,4.7,2.6,0.0,3.3,3.05,0.0,0.0,0.0,0.0,2.1,2.8,1.8,2.1,4.2,0.0
69247e0e44e4cccaa87c24c4,2.9333333333333336,2.4,2.066666666666667,3.4,4.8500000000000005,2.4,0.0,0.0,2.1,0.0,0.0,0.0,4.0,3.3,0.0,5.0,2.8,3.6,5.0,3.6,2.4,3.8,0.0,2.8,0.0,1.2,2.5,2.75,0.0,3.8,3.2,4.55,0.0,3.8,3.2,4.7,1.3199999999999998,3.3499999999999996,3.6500000000000004,1.9500000000000002,3.6,2.0,0.0,1.8199999999999998,2.6,0.0,2.1,0.0,0.0,0.0,2.8,4.3,2.5,0.0,3.466666666666667,4.25,3.5999999999999996,3.1500000000000004,0.0,0.0,3.3,2.1,0.0,2.3,1.05,1.35,3.6999999999999997,1.3666666666666665,1.0,4.4,3.275
69247e0e44e4cccaa87c24c5,3.5666666666666664,1.2666666666666666,0.0,4.3,4.4,1.7,1.4,3.65,1.1,0.0,2.8,4.1,3.75,0.0,3.9333333333333336,5.0,4.2,0.0,4.15,3.25,3.1,2.5,3.5,2.9,1.6,1.3,0.0,3.4,4.1,3.5,3.2,0.0,0.0,3.3333333333333335,0.0,0.0,1.05,0.0,3.75,2.5,0.0,0.0,3.966666666666667,1.6,0.0,4.2,0.0,0.0,0.0,1.0,0.0,2.6,0.0,0.0,0.0,0.0,3.6,3.1,1.0,1.6,0.0,0.0,0.0,0.0,0.0,1.05,0.0,0.0,0.0,4.6,2.9
69247e0e44e4cccaa87c24c6,2.95,0.0,0.0,3.8,4.0,2.55,1.1,4.25,0.0,3.8,3.2,2.3,3.6333333333333333,0.0,0.0,0.0,4.1,2.9000000000000004,4.05,2.85,3.0,0.0,3.533333333333333,0.0,1.0333333333333334,0.0,1.9333333333333336,1.7,0.0,0.0,3.1,4.475,4.3,0.0,4.3,4.4,0.0,0.0,0.0,0.0,3.4,0.0,3.8,1.65,3.1,0.0,1.2,0.0,5.0,0.0,4.1,4.0,1.8,0.0,0.0,4.166666666666667,4.6,3.5,1.6,2.8666666666666667,3.0,0.0,0.0,1.6,0.0,1.6,3.45,0.0,0.0,3.6,3.7
69247e0e44e4cccaa87c24c7,2.2,0.0,1.3666666666666665,3.6999999999999997,0.0,0.0,0.0,4.2,1.3,0.0,4.0,4.1,3.8,3.8,3.95,4.833333333333333,2.65,0.0,4.0,3.7,3.5,0.0,3.5,0.0,0.0,1.0,1.7666666666666666,0.0,3.8,3.7,2.8,4.366666666666666,0.0,0.0,4.4,0.0,1.6666666666666667,3.45,0.0,0.0,3.1,0.0,4.0,1.5,2.55,4.4,1.0,0.0,0.0,2.5,0.0,2.8,0.0,4.1,2.8,3.2,0.0,3.4,1.9,0.0,4.0,1.6,2.9,0.0,0.0,1.4666666666666668,4.1,2.0,0.0,3.966666666666667,3.2
69247e0e44e4cccaa87c24c8,3.125,1.25,2.45,4.1,4.7,2.1,1.5,4.285714285714286,2.5,0.0,3.8666666666666667,3.7,3.5,3.4333333333333336,0.0,0.0,0.0,0.0,0.0,0.0,2.95,2.0,0.0,3.35,1.1,0.0,0.0,0.0,3.4,4.5,3.1666666666666665,4.6,3.72,0.0,4.4,0.0,1.3499999999999999,3.85,3.55,2.3,4.1,1.0,0.0,1.425,2.5,3.0,1.75,1.0,0.0,1.85,0.0,3.7,0.0,3.3,3.6999999999999997,0.0,0.0,0.0,1.2,2.3,2.2,2.1,0.0,0.0,0.0,1.0,4.1,0.0,0.0,0.0,3.9
69247e0e44e4cccaa87c24c9,4.1,2.0,2.4,3.675,5.0,1.45,0.0,3.95,0.0,3.7,0.0,0.0,3.85,3.875,0.0,4.55,3.8,3.1999999999999997,4.433333333333334,0.0,3.0999999999999996,0.0,0.0,3.4,1.525,1.4000000000000001,1.5750000000000002,3.25,0.0,3.65,0.0,4.3999999999999995,0.0,0.0,2.6,4.433333333333334,1.425,3.2,3.5,1.5,3.3,1.0,0.0,2.4,2.7,0.0,2.1,1.0,4.6,2.3,2.7,2.8,0.0,3.35,4.0,4.8,3.3,3.9,0.0,2.5,0.0,2.4,0.0,0.0,1.0,1.4666666666666668,4.1,2.1,0.0,4.7,2.5
69247e0e44e4cccaa87c24ca,3.3,1.3,2.2,0.0,4.3,2.0,1.0,4.2,2.1500000000000004,0.0,3.9,4.2,3.5999999999999996,3.7,4.8,4.5,0.0,3.1,3.95,0.0,3.05,0.0,3.8,3.35,0.0,0.0,2.0,0.0,3.75,0.0,3.6,3.95,3.8,3.0,3.2,4.85,1.45,3.6,3.85,1.7,4.3,1.05,4.5,0.0,1.7,3.2,1.45,1.3333333333333333,0.0,1.65,3.25,3.4499999999999997,2.1,3.5,3.0666666666666664,3.95,4.4,0.0,1.0,3.5,3.0,1.8,0.0,1.6,1.7333333333333334,2.3,3.3,0.0,0.0,4.6,0.0
69247e0e44e4cccaa87c24cb,2.7,1.45,1.7,0.0,0.0,2.8333333333333335,1.25,0.0,2.8,3.7,3.3000000000000003,3.7,3.3499999999999996,3.7,4.3999999999999995,4.6,3.4,3.6,4.65,2.8,3.6,3.3,0.0,3.4,2.4,0.0,2.8,1.9,3.433333333333333,3.9499999999999997,0.0,0.0,3.3,3.8,3.0999999999999996,4.4,2.3,3.3,3.0,2.3,3.8,1.0,3.3,2.0,0.0,0.0,0.0,1.6666666666666667,4.6,1.4000000000000001,2.1,2.95,1.2,0.0,0.0,4.8,3.1,3.1,1.7,2.5999999999999996,2.9,0.0,2.45,0.0,1.9,1.0,0.0,0.0,1.0,0.0,0.0
69247e0e44e4cccaa87c24cc,2.733333333333333,0.0,2.2,3.65,0.0,2.95,1.2,4.833333333333333,0.0,3.2,3.5,2.9,0.0,4.5,4.25,5.0,0.0,2.8,4.6,0.0,2.7,3.5,3.9,4.133333333333334,0.0,0.0,1.6,2.266666666666667,3.3,4.666666666666667,2.5,5.0,2.95,0.0,2.5,4.866666666666666,1.1,4.0,4.6,1.1,0.0,1.5,3.1,2.2,2.3499999999999996,3.0,1.9,0.0,4.8,1.0,3.0,0.0,1.9,2.9,4.1,4.8,0.0,3.0,0.0,0.0,2.3,0.0,0.0,0.0,1.6,0.0,3.9,0.0,1.65,0.0,0.0
69247e0e44e4cccaa87c24cd,2.9166666666666665,2.2,2.2,3.6,4.7,1.9500000000000002,0.0,4.766666666666667,0.0,0.0,3.5,0.0,3.966666666666667,0.0,3.6666666666666665,0.0,0.0,0.0,0.0,3.7,3.05,0.0,3.8,3.7,1.7,1.3,1.5666666666666667,1.9500000000000002,0.0,0.0,3.7,0.0,4.199999999999999,0.0,4.3,0.0,1.45,3.4,4.7,1.975,0.0,1.3,3.4,0.0,3.1,3.8499999999999996,1.2000000000000002,0.0,4.1,1.0,2.5,3.28,0.0,3.2,3.3,4.4,4.1,0.0,0.0,0.0,0.0,1.7,2.9,1.3333333333333333,1.7666666666666668,1.95,0.0,0.0,2.0,0.0,2.8
69247e0e44e4cccaa87c24ce,3.1,1.4,1.95,4.25,0.0,2.5666666666666664,0.0,4.1,0.0,0.0,3.7,3.0,0.0,4.7,3.0,4.2,0.0,0.0,4.35,2.5,3.05,3.6,0.0,3.9,0.0,1.7,2.6500000000000004,0.0,3.8666666666666667,0.0,3.6,4.75,3.3,0.0,4.25,4.8,1.0666666666666667,0.0,0.0,1.8,4.35,0.0,4.7,0.0,1.6,2.9,0.0,1.8333333333333333,4.533333333333333,1.35,2.3,2.6,0.0,3.1500000000000004,0.0,3.8,0.0,2.2,1.0,2.8,2.9000000000000004,0.0,0.0,0.0,0.0,0.0,0.0,2.15,1.3333333333333333,4.266666666666667,0.0
69247e0e44e4cccaa87c24cf,3.0,1.8,0.0,3.966666666666667,4.933333333333334,2.05,1.0,4.3999999999999995,1.4000000000000001,0.0,3.1,0.0,3.4,4.3,4.2,4.7,0.0,0.0,3.4,3.8,0.0,2.6,0.0,4.2,1.35,1.225,2.5,2.32,3.8666666666666667,0.0,0.0,5.0,0.0,3.4,0.0,0.0,1.0,3.3000000000000003,3.45,1.9000000000000001,0.0,1.3,3.6,1.3,2.5,4.3,0.0,0.0,5.0,1.0,2.7,2.9,2.0,2.4,3.8,3.6,4.6,3.5666666666666664,1.3,2.8,2.9,2.5,0.0,2.0999999999999996,0.0,1.7,2.75,0.0,0.0,4.8,0.0
69247e0e44e4cccaa87c24d0,2.6,1.7000000000000002,1.75,4.6,0.0,2.3,1.55,4.15,1.8,0.0,3.2600000000000002,3.2,0.0,4.45,3.425,4.25,3.7,2.5,0.0,3.5,0.0,2.5,3.0,3.4,1.35,1.55,2.3,2.9,3.9,0.0,0.0,3.8,0.0,3.2,3.1,5.0,1.0,3.5,3.6,0.0,3.85,1.1,3.2,2.3,3.6,0.0,0.0,0.0,4.85,0.0,2.8,4.2,1.6,0.0,3.5,4.3,3.4,0.0,1.0,0.0,3.7,2.3,2.4,1.7,1.0,0.0,0.0,1.2,0.0,4.7,0.0
69247e0e44e4cccaa87c24d1,3.1,1.35,2.466666666666667,3.7,4.9,1.8,1.2,4.0,1.65,3.6,4.0,3.6333333333333333,3.4,0.0,0.0,4.0,3.3499999999999996,0.0,3.7,3.8000000000000003,3.5,0.0,0.0,0.0,0.0,1.0,0.0,3.1,4.3,0.0,2.9,0.0,4.4,0.0,3.7,4.4,1.1,0.0,0.0,0.0,3.6,0.0,0.0,2.05,3.1,3.7,0.0,0.0,4.8,1.8,2.3,0.0,0.0,0.0,0.0,3.4,0.0,0.0,0.0,0.0,0.0,0.0,2.8,1.0,1.0,0.0,3.5,1.0,0.0,0.0,0.0
69247e0e44e4cccaa87c24d2,2.4,1.7,1.5,4.266666666666667,0.0,2.5,1.4,5.0,1.7,0.0,3.1,3.1500000000000004,0.0,5.0,4.133333333333333,4.633333333333334,2.9,0.0,3.9,4.0,0.0,3.6,0.0,0.0,1.3,2.2,1.0,2.7,3.6,4.633333333333334,0.0,0.0,3.6,3.5,3.3,4.4,1.65,3.6,0.0,0.0,4.0,1.4,4.449999999999999,2.5,0.0,3.1333333333333333,0.0,0.0,0.0,1.4,0.0,3.4499999999999997,0.0,3.3,0.0,0.0,4.6,2.5,1.0,0.0,0.0,1.7,0.0,0.0,1.8,2.1,2.9,2.6,1.2,0.0,0.0
69247e0e44e4cccaa87c24d3,3.533333333333333,1.7,2.0,4.1,4.6,2.3,1.0,3.9,0.0,0.0,4.0,3.6,3.2,4.1,4.2,4.466666666666667,3.0666666666666664,2.3,4.9,3.2,2.5,0.0,3.3,3.1,1.0,1.25,1.1,0.0,0.0,4.5,3.1666666666666665,0.0,3.1999999999999997,2.65,3.3499999999999996,4.85,1.3,0.0,3.966666666666667,2.5,4.3,0.0,4.0,2.075,1.75,0.0,0.0,0.0,0.0,1.4,3.05,3.033333333333333,0.0,3.0666666666666664,0.0,0.0,3.8666666666666667,0.0,0.0,3.2,2.65,0.0,2.2,2.4,2.3,1.0,3.1,1.1,1.1,5.0,0.0
69247e0e44e4cccaa87c24d4,3.25,1.0,1.9666666666666668,3.7,4.875,0.0,2.2,4.6,0.0,0.0,0.0,3.6,3.1,0.0,3.75,0.0,0.0,2.4,5.0,2.9,2.8666666666666667,0.0,3.5999999999999996,3.2,0.0,1.2,1.7,0.0,0.0,3.6,3.9,5.0,4.3,2.2,3.6,4.333333333333333,1.05,3.6333333333333333,0.0,2.7,3.5,1.1,0.0,0.0,1.75,4.6,0.0,0.0,0.0,0.0,4.0,0.0,2.8,0.0,2.8,4.75,0.0,0.0,1.4500000000000002,3.1,0.0,2.6,1.9,2.1,1.0,1.0,3.5,2.5,1.4500000000000002,4.4,3.9
69247e0e44e4cccaa87c24d5,3.4,1.1,1.9,4.340000000000001,4.366666666666666,2.8,1.0,4.1000000000000005,1.1,4.4,3.5,0.0,2.8,4.1,4.2,5.0,3.6999999999999997,2.45,4.1,3.85,3.4333333333333336,0.0,3.6,3.9499999999999997,1.5499999999999998,1.0,1.7333333333333334,1.7,3.4,3.35,2.8,4.8,0.0,3.6,0.0,3.9,1.4857142857142858,0.0,3.5,2.6,0.0,2.3,3.95,2.4,2.55,3.8,2.4,1.05,0.0,1.0999999999999999,2.7999999999999994,3.8,1.9,3.3,3.2,0.0,0.0,3.0,1.9,0.0,2.6,1.0,2.2,0.0,1.0,1.6,0.0,0.0,1.25,0.0,3.7
69247e0e44e4cccaa87c24d6,3.45,1.35,1.575,0.0,5.0,2.775,1.5,4.15,0.0,4.1,3.033333333333333,3.533333333333333,3.9,3.5,3.1,4.8,3.2,2.1,5.0,3.3,2.6,2.9000000000000004,3.325,0.0,1.5,1.0,0.0,1.8,3.0999999999999996,4.3,0.0,0.0,0.0,2.3,0.0,4.95,0.0,3.766666666666667,3.2,0.0,4.55,1.6,3.5,1.0,0.0,4.6,0.0,1.6666666666666667,0.0,0.0,3.3,0.0,2.4,3.05,0.0,0.0,0.0,0.0,1.25,2.58,2.9,1.9,2.3499999999999996,2.45,1.0,1.0,3.3,1.0,0.0,3.8,0.0
69247e0e44e4cccaa87c24d7,2.7800000000000002,1.525,1.6333333333333335,4.2,0.0,1.95,1.85,3.6999999999999997,2.6,0.0,0.0,3.4,4.033333333333333,3.8,3.1500000000000004,5.0,3.8,1.9,0.0,3.8000000000000003,0.0,2.8,0.0,0.0,0.0,2.3,2.066666666666667,0.0,2.8,3.9,3.1333333333333333,0.0,3.5666666666666664,2.3,0.0,0.0,1.775,3.2,4.1,2.9,0.0,0.0,4.8,0.0,0.0,0.0,1.8499999999999999,1.75,0.0,0.0,3.5,3.5333333333333337,1.3,0.0,3.0,4.166666666666667,0.0,0.0,0.0,0.0,0.0,1.7,0.0,1.2,0.0,1.0,3.8,1.4666666666666668,0.0,0.0,0.0
69247e0e44e4cccaa87c24d8,2.88,2.15,2.4333333333333336,3.95,4.2,2.9,2.2,4.5,1.975,0.0,0.0,0.0,3.5,3.5833333333333335,3.0,4.85,3.5999999999999996,0.0,0.0,0.0,3.3,3.125,3.1,0.0,0.0,1.1,1.8666666666666665,3.1666666666666665,3.5,4.0,3.6333333333333333,4.65,0.0,0.0,4.1,0.0,1.0333333333333334,0.0,0.0,2.1,2.9,0.0,3.3499999999999996,2.025,0.0,3.7,1.0,2.4,0.0,1.0,2.55,3.6,1.3,0.0,0.0,0.0,4.1,0.0,1.3,1.9,2.95,1.7,0.0,1.5,1.1,1.0,3.7,0.0,2.0,4.9,3.4
69247e0e44e4cccaa87c24d9,3.5,1.8,1.9,4.1,4.55,3.2,2.2,0.0,2.5,3.8,3.65,3.65,0.0,3.733333333333334,3.6,4.3,0.0,3.3,4.2,3.8,0.0,3.9333333333333336,0.0,4.1,1.8,0.0,1.5,2.8000000000000003,3.4000000000000004,4.1,2.9,4.9,2.9,3.5,3.95,3.9,1.5499999999999998,3.5,3.65,0.0,4.3999999999999995,0.0,4.0,1.6666666666666667,3.1,4.033333333333333,1.3,1.7,4.633333333333334,2.0,0.0,4.4,2.05,2.5999999999999996,0.0,3.6,0.0,0.0,1.6,2.5,3.0,0.0,0.0,0.0,1.9,1.7000000000000002,0.0,2.3,0.0,5.0,2.85
69247e0e44e4cccaa87c24da,3.2142857142857144,2.3,2.6,4.25,4.45,2.7,2.1,4.3,0.0,3.55,0.0,3.1,4.3,3.6,3.466666666666667,4.1,0.0,3.04,4.5,0.0,2.466666666666667,0.0,0.0,3.5,1.0,0.0,2.4,0.0,4.7,4.3,3.35,4.6000000000000005,3.65,2.766666666666667,3.45,0.0,2.3,3.8000000000000003,4.0,2.55,0.0,0.0,0.0,1.7,0.0,3.4,0.0,0.0,3.8,1.45,0.0,4.3,0.0,0.0,0.0,0.0,0.0,0.0,1.0666666666666667,2.2,0.0,2.0,2.3000000000000003,0.0,1.0,1.0,3.4,2.5,1.7,3.5,0.0
69247e0e44e4cccaa87c24db,2.9333333333333336,1.0,0.0,3.7750000000000004,4.65,2.9,1.8,4.4,1.95,3.6500000000000004,3.3,3.225,0.0,4.0,0.0,4.325,3.45,0.0,0.0,3.675,3.0,2.6333333333333333,4.1,3.7,2.3000000000000003,1.0,2.125,2.175,3.75,4.45,4.3,4.75,2.7,0.0,3.1,5.0,1.2833333333333334,3.6,2.9,0.0,4.066666666666666,1.9,0.0,2.0,3.0,4.033333333333333,1.7,0.0,4.8,0.0,0.0,4.3,2.3,0.0,3.2,3.8,0.0,0.0,1.6,2.6,2.3,1.8,1.6,1.0666666666666667,0.0,0.0,2.8,1.45,1.2666666666666666,3.5,3.3
69247e0e44e4cccaa87c24dc,3.5,1.9000000000000001,1.75,4.35,0.0,1.5,1.7,4.95,2.15,3.5,3.6333333333333333,2.65,2.9,0.0,4.050000000000001,4.6,2.7,0.0,4.15,3.4333333333333336,2.1,3.4,0.0,3.7,0.0,1.0,0.0,1.95,3.1,3.8,4.1,0.0,3.6500000000000004,2.9000000000000004,2.7,4.3,1.1,0.0,2.9,2.8,0.0,2.4,0.0,2.6,3.1,4.2,0.0,2.1,4.95,0.0,2.5500000000000003,3.45,0.0,0.0,3.7,0.0,0.0,3.35,1.2,0.0,3.6,0.0,3.0,0.0,1.0,1.0,0.0,2.3,0.0,4.5,2.3
69247e0e44e4cccaa87c24dd,3.5,1.15,1.25,4.233333333333333,4.8,2.6,1.0,4.9,0.0,3.5,0.0,3.6,0.0,4.7,3.733333333333334,0.0,0.0,2.4,3.9,2.6,0.0,3.8,3.0666666666666664,3.5,1.4,0.0,2.4,0.0,4.3,4.95,3.75,4.6000000000000005,0.0,2.8,2.7,4.3,1.5999999999999999,2.6,4.0,2.2,3.585714285714286,1.5,0.0,0.0,2.5,0.0,1.4,1.5,4.8,1.4,2.5,3.2,1.9,3.2,4.0,0.0,0.0,3.3,0.0,0.0,2.9,0.0,0.0,0.0,1.75,0.0,3.1,0.0,2.2,4.233333333333333,2.6
69247e0e44e4cccaa87c24de,2.88,1.05,1.4,3.45,0.0,2.8,1.4000000000000001,3.7,2.7,4.05,3.5,4.2,0.0,3.7,3.4333333333333336,0.0,3.8,3.9,4.6,2.4,2.5,2.2,0.0,2.8,0.0,0.0,1.0,2.2,3.4,3.85,3.25,4.5,4.3,0.0,3.4,0.0,0.0,4.4,0.0,0.0,0.0,1.0,3.4,1.7,1.8,0.0,0.0,1.45,0.0,1.0,3.0,3.45,0.0,2.6,3.2,0.0,4.5,0.0,0.0,3.2,2.5,1.0,0.0,0.0,1.7,2.3,0.0,1.4,0.0,5.0,2.8
69247e0e44e4cccaa87c24df,3.0142857142857147,1.2,3.0,3.7,4.449999999999999,2.433333333333333,1.7,0.0,2.35,0.0,3.3,3.5,0.0,4.0,3.2,4.3999999999999995,3.7,2.975,4.366666666666666,0.0,2.25,3.0,0.0,0.0,1.6,1.3333333333333333,1.4,0.0,3.45,3.2,2.5,5.0,3.0,3.0,2.8666666666666667,4.4,1.7333333333333334,3.85,3.0,0.0,0.0,1.1,4.8,1.525,2.3,3.4,1.8,1.0,0.0,2.0,0.0,0.0,0.0,2.8,3.7,4.4,4.1,3.2,1.7,2.3666666666666667,3.9,0.0,0.0,1.3,0.0,1.2,3.2,1.3,0.0,0.0,0.0
69247e0e44e4cccaa87c24e0,2.1500000000000004,1.1,1.95,5.0,5.0,3.2,1.0,4.2,1.7,2.8,3.4,4.0,3.466666666666667,0.0,3.6,5.0,0.0,0.0,4.6000000000000005,0.0,2.2,2.9,3.7,0.0,1.3,1.0,0.0,1.5,4.0,4.05,3.25,0.0,2.8666666666666667,3.4,0.0,4.4,1.3,0.0,4.8,1.5499999999999998,3.95,0.0,0.0,0.0,2.8,0.0,0.0,1.6333333333333335,5.0,1.55,2.5,3.45,1.7,3.6,3.3,5.0,4.5,0.0,1.0,3.3,3.3,0.0,0.0,2.3,1.0,1.0,3.65,1.5,0.0,3.3,0.0
69247e0e44e4cccaa87c24e1,2.9285714285714284,1.5,1.95,4.5,4.25,2.0,0.0,0.0,0.0,4.2,0.0,3.9,3.4,4.0,4.15,4.575,3.2,2.1,4.7,3.7,2.766666666666667,2.4,2.6,3.3,1.375,0.0,1.9,2.7,0.0,4.425,0.0,5.0,0.0,0.0,3.1666666666666665,4.0,2.0,3.7,3.6333333333333333,1.7999999999999998,4.3,1.5499999999999998,4.1,1.4,0.0,3.8000000000000003,0.0,0.0,5.0,2.2,3.9,3.6666666666666665,0.0,2.7,4.0,4.0,0.0,3.0,1.0,0.0,0.0,2.6,2.05,0.0,0.0,0.0,3.5,2.0,2.1,0.0,0.0
69247e0e44e4cccaa87c24e2,3.0,0.0,1.3,4.3999999999999995,4.7,2.3,1.0,3.8499999999999996,2.1,2.9,2.2,3.1,0.0,3.85,4.6,4.433333333333334,3.0,0.0,0.0,2.7,0.0,0.0,3.5,0.0,0.0,1.8,2.4,0.0,2.9,4.65,3.0,5.0,2.9,2.9000000000000004,0.0,4.433333333333334,1.7666666666666668,3.9,4.7,1.6,3.5,1.0,4.15,1.0,2.8,0.0,0.0,1.8666666666666665,0.0,1.0,0.0,3.2,2.5,3.8,3.3,0.0,3.8,0.0,1.1,3.6,0.0,0.0,2.1,1.8333333333333333,1.9,2.3,4.3,2.2333333333333334,1.3,5.0,3.6
69247e0e44e4cccaa87c24e3,2.9333333333333336,2.2,0.0,3.5,0.0,2.8,1.0,0.0,2.1,4.4,3.05,3.7,3.55,4.5,4.15,4.45,3.8,0.0,3.8,2.85,3.15,2.55,3.3333333333333335,0.0,1.2333333333333334,1.7000000000000002,1.5999999999999999,2.0,4.5,4.8999999999999995,2.9333333333333336,3.8,3.1999999999999997,2.7,3.8,3.8,1.55,4.3,3.3,1.8,0.0,0.0,3.7,1.7,0.0,3.85,1.2,1.5,0.0,0.0,3.0,2.8,2.5,3.1,0.0,0.0,3.9499999999999997,3.5,1.0,0.0,3.05,1.15,2.05,1.3,1.7,1.6000000000000003,0.0,0.0,2.0,0.0,0.0
69247e0e44e4cccaa87c24e4,3.466666666666667,1.0,0.0,4.25,4.833333333333333,1.55,2.0,4.566666666666666,1.3,4.0,0.0,3.4,3.0,4.2,4.4,3.8,0.0,3.0,5.0,0.0,0.0,0.0,2.9,3.85,0.0,2.1,2.2,0.0,3.65,4.4,2.9,4.1,3.825,0.0,2.6,4.6,1.6,4.2,4.8,2.275,3.7,1.0999999999999999,4.3,1.7666666666666666,3.0,3.4,1.9,0.0,5.0,1.975,3.0999999999999996,0.0,0.0,3.9,3.5,4.7,4.3,2.6500000000000004,0.0,2.6333333333333333,3.8,1.2,0.0,0.0,0.0,0.0,2.6500000000000004,1.1,2.1,3.55,0.0
69247e0e44e4cccaa87c24e5,3.533333333333333,1.4,0.0,4.3,4.15,2.3499999999999996,1.0,5.0,0.0,3.5,3.2,3.5,3.7,0.0,4.2,4.866666666666666,0.0,3.3,5.0,3.0,2.9000000000000004,0.0,3.7,3.8,1.92,0.0,2.1,0.0,0.0,5.0,2.6,4.4,3.15,2.95,0.0,4.8,1.2,3.3,0.0,2.65,4.2,1.3,4.1,1.7,0.0,0.0,0.0,1.4,0.0,1.5999999999999999,2.8,2.5,2.0,0.0,3.8,4.4,0.0,3.9,1.5,0.0,0.0,0.0,2.6,1.8,0.0,1.0,3.8499999999999996,1.7,0.0,4.4,0.0
69247e0e44e4cccaa87c24e6,2.8600000000000003,2.1666666666666665,0.0,3.4,4.825,1.95,1.3666666666666665,4.7,0.0,0.0,2.4,3.05,3.6500000000000004,4.7,3.5,4.35,4.2,3.0,0.0,3.4,0.0,2.5666666666666664,3.1,4.7,1.0,1.25,2.25,3.3,0.0,3.966666666666667,3.1,4.4,3.7,2.7,3.2,4.2,1.5999999999999999,3.6,0.0,1.3,0.0,1.0,0.0,1.55,0.0,4.2,0.0,0.0,4.7,1.5,3.3,3.533333333333333,2.25,0.0,3.3,3.9333333333333336,0.0,2.2,1.3,2.3666666666666667,3.4,0.0,1.6,1.4,0.0,2.4,3.55,2.1500000000000004,0.0,0.0,3.2
69247e0e44e4cccaa87c24e7,3.466666666666667,1.3,2.7,5.0,4.5,2.3,0.0,4.25,0.0,0.0,3.233333333333333,4.1,3.65,4.05,3.4,0.0,2.6,3.6,4.1000000000000005,3.6999999999999997,3.5,2.7,2.5,3.733333333333333,1.1,0.0,1.7,0.0,0.0,0.0,3.3,4.5,0.0,0.0,4.1,0.0,1.55,3.3,3.5,0.0,3.0,0.0,0.0,2.3,0.0,0.0,1.9,1.05,0.0,0.0,0.0,2.7,0.0,0.0,0.0,3.9,4.025,3.9,1.6,0.0,2.4,2.0,2.8,0.0,0.0,1.6666666666666667,0.0,0.0,1.0,0.0,0.0
69247e0e44e4cccaa87c24e8,3.4,1.5999999999999999,1.75,4.3999999999999995,4.4,0.0,0.0,5.0,1.15,3.7,3.9,3.7,3.75,4.05,3.5,4.4,2.3,2.5666666666666664,4.1,2.733333333333333,3.7,3.2,2.8,3.2,1.4500000000000002,1.7,2.4000000000000004,0.0,4.6,4.449999999999999,0.0,0.0,4.4,3.2,0.0,3.85,1.6,2.6,0.0,0.0,3.25,2.2,4.1,1.55,2.6333333333333333,0.0,0.0,2.2,4.3,0.0,3.3333333333333335,3.35,0.0,3.5999999999999996,0.0,4.233333333333333,0.0,3.4,1.1,2.3,0.0,1.0,2.5,1.8,2.05,1.4,3.3499999999999996,0.0,0.0,4.6,0.0
69247e0e44e4cccaa87c24e9,2.775,1.7333333333333334,1.2,4.0,4.3,2.65,1.6666666666666667,4.666666666666667,0.0,3.7,3.6799999999999997,2.4,3.6,0.0,3.233333333333333,5.0,2.8666666666666667,3.6,4.5,3.35,2.766666666666667,3.7,0.0,3.8,1.7,0.0,2.35,0.0,0.0,4.9,3.4,0.0,3.733333333333333,3.0,0.0,4.75,1.7,4.0,4.4,1.5,0.0,0.0,4.1000000000000005,2.6,3.4,0.0,1.0,2.15,4.1,1.9,0.0,3.3,1.85,0.0,3.5,3.3,4.85,3.0,1.5,2.5,2.7,0.0,2.2,1.4,1.35,0.0,3.6,2.2,1.05,0.0,3.7
69247e0e44e4cccaa87c24ea,3.15,2.5,1.8,4.7,0.0,0.0,0.0,4.5,2.8,0.0,3.3,4.0,0.0,3.7,3.466666666666667,0.0,4.2,0.0,4.4,0.0,0.0,2.6,3.8,4.3,1.3,1.0,1.9,2.4,4.15,3.8,3.85,0.0,0.0,2.55,2.8,4.8,1.8,0.0,3.3,3.1,0.0,1.2333333333333334,0.0,1.8,2.3,3.1,2.1,1.0,0.0,2.3,3.0999999999999996,0.0,0.0,3.1,0.0,4.2,3.6,0.0,1.0,0.0,0.0,0.0,0.0,2.7,1.5,2.3,3.0,1.8,0.0,4.0,0.0
69247e0e44e4cccaa87c24eb,2.6,0.0,2.0,4.199999999999999,3.8,1.4,1.1,4.1,1.5,3.2999999999999994,0.0,0.0,0.0,3.3,0.0,0.0,3.2,0.0,0.0,0.0,3.8,0.0,0.0,3.6500000000000004,2.3,0.0,1.0,0.0,4.6,0.0,2.8000000000000003,0.0,4.2,0.0,3.7,4.25,1.4,3.8,4.3,1.7,0.0,1.4,0.0,1.1,2.7,3.5,1.3,0.0,4.733333333333333,0.0,3.5,3.3,0.0,3.3,3.8,0.0,4.3,0.0,2.1,0.0,0.0,0.0,1.5,1.8,0.0,0.0,0.0,1.1,0.0,0.0,3.7
69247e0e44e4cccaa87c24ec,3.12,2.0,0.0,4.38,5.0,3.2,1.24,4.45,2.9,0.0,3.35,2.6,0.0,3.966666666666667,3.45,4.1,0.0,0.0,0.0,4.0,2.966666666666667,2.7,4.2,4.3,1.7,0.0,0.0,2.675,0.0,4.449999999999999,3.5,5.0,4.3,0.0,3.6999999999999997,0.0,0.0,4.4,3.6,2.1666666666666665,0.0,1.6333333333333335,4.0,1.25,2.2,4.066666666666666,0.0,1.2666666666666668,0.0,1.0,0.0,0.0,2.433333333333333,0.0,0.0,0.0,3.7,0.0,0.0,0.0,2.7,1.1,1.5,1.0,1.3,0.0,4.0,1.7999999999999998,0.0,0.0,0.0
69247e0e44e4cccaa87c24ed,3.533333333333333,2.3,1.725,4.2,5.0,3.0,0.0,3.4,0.0,3.8,3.15,3.3,3.9,3.7999999999999994,4.5,5.0,2.9,3.4000000000000004,4.7,0.0,0.0,2.4,0.0,0.0,2.2,1.2,1.7000000000000002,2.55,3.3,3.5,2.966666666666667,4.85,3.3499999999999996,2.875,3.0,4.566666666666666,1.8,0.0,0.0,0.0,0.0,1.05,3.466666666666667,0.0,0.0,0.0,0.0,2.0,4.4,2.0,2.7,3.0,1.7,0.0,0.0,0.0,3.7,0.0,0.0,2.6,2.0,0.0,0.0,0.0,0.0,0.0,0.0,1.7,1.65,5.0,0.0
69247e0e44e4cccaa87c24ee,3.3,1.2,1.5999999999999999,3.75,4.6,2.6333333333333333,1.65,4.25,1.4,3.85,2.6,0.0,3.2,0.0,4.6,5.0,0.0,0.0,0.0,4.1,3.7,3.1,0.0,3.5,1.0,1.0,1.15,2.05,0.0,3.3,2.84,4.8,4.0,0.0,4.15,5.0,1.3,3.8,3.1,1.7333333333333334,0.0,2.1,4.2,2.3,0.0,3.5,1.65,2.4,0.0,1.0,2.9,0.0,2.05,2.6,4.25,0.0,0.0,0.0,2.0,2.3,3.0,0.0,2.8,0.0,2.1,1.25,0.0,2.0,0.0,5.0,0.0
69247e0e44e4cccaa87c24ef,3.25,1.35,0.0,3.8600000000000003,4.4,2.45,1.0,0.0,0.0,0.0,0.0,3.55,4.1,0.0,4.0,4.6,3.0,2.2,0.0,3.1,2.1,2.2,3.4,4.35,1.2,1.3,0.0,0.0,0.0,0.0,4.1,4.775,0.0,0.0,0.0,4.0,1.3,3.85,4.05,1.9,4.25,1.0,0.0,0.0,2.2,0.0,2.3,1.0,0.0,0.0,3.1666666666666665,3.1,2.05,0.0,2.9,3.9000000000000004,4.7,0.0,0.0,0.0,2.4,2.6,2.15,1.5,2.2,2.066666666666667,3.5,1.0,1.0,4.7,2.5
69247e0e44e4cccaa87c24f0,2.65,1.98,1.3,0.0,0.0,2.1,1.5,4.2,2.9,0.0,2.5,0.0,3.75,4.133333333333333,3.95,0.0,3.7,0.0,4.6,4.3,2.75,0.0,3.466666666666667,0.0,2.2,0.0,2.1,0.0,2.9,3.6999999999999997,0.0,4.8,2.7,0.0,2.6,5.0,1.6,4.0,0.0,1.2,4.05,1.45,0.0,2.2,0.0,3.7,0.0,1.0,4.4,1.8,3.6,3.3333333333333335,1.5,3.7,3.25,4.550000000000001,4.0,3.0,1.0,2.533333333333333,2.8,1.6,0.0,0.0,0.0,1.2,0.0,2.2,0.0,4.6,2.7
69247e0e44e4cccaa87c24f1,3.3600000000000003,2.0,0.0,4.3,5.0,0.0,0.0,4.166666666666667,0.0,3.5,3.5,4.15,4.7,0.0,4.05,4.7,3.95,3.4,4.6,2.4,3.2,2.6,2.8,3.5799999999999996,1.8666666666666665,1.4,0.0,2.2,3.3,4.550000000000001,0.0,4.65,3.8499999999999996,0.0,3.6,0.0,2.3,3.25,0.0,1.45,3.8,0.0,4.85,0.0,0.0,0.0,1.85,1.0,0.0,1.2,3.6,4.4,0.0,0.0,0.0,0.0,4.1,0.0,2.0,0.0,0.0,1.9000000000000001,1.95,0.0,0.0,0.0,0.0,0.0,1.5,4.9,0.0
69247e0e44e4cccaa87c24f2,2.566666666666667,1.7,2.55,4.433333333333334,5.0,0.0,1.7,4.9,2.8,3.85,0.0,3.45,3.9200000000000004,4.7,3.9333333333333336,4.633333333333334,0.0,2.85,4.0,2.7,3.55,3.6,4.199999999999999,3.8000000000000003,2.2,1.3,0.0,0.0,0.0,0.0,4.2,0.0,3.6,3.1,0.0,5.0,1.54,3.5,3.4666666666666663,1.2,0.0,1.0,4.5,0.0,2.2,0.0,1.1,0.0,0.0,0.0,3.1,3.8499999999999996,1.7,0.0,0.0,0.0,4.15,0.0,1.5,2.325,0.0,0.0,2.8499999999999996,2.4,1.55,0.0,3.533333333333333,0.0,0.0,3.3,0.0
69247e0e44e4cccaa87c24f3,2.875,1.0,1.3,3.5,5.0,2.8499999999999996,1.0,0.0,2.05,0.0,3.3,2.8,4.3,0.0,4.233333333333333,4.55,0.0,0.0,4.1,3.0666666666666664,3.2,0.0,0.0,4.5,0.0,0.0,0.0,3.4,0.0,4.133333333333334,0.0,4.4,0.0,2.5,0.0,0.0,0.0,0.0,3.65,2.1399999999999997,4.3,2.3,0.0,1.8,3.2,0.0,1.4,1.25,3.6,2.4,2.4,3.9,2.5,3.2,0.0,0.0,3.7,0.0,1.0,2.3,3.5666666666666664,0.0,1.6,1.3666666666666665,0.0,0.0,2.65,0.0,1.0,4.033333333333333,2.75
69247e0e44e4cccaa87c24f4,2.566666666666667,1.85,2.4,4.133333333333334,4.65,1.55,1.0,4.25,2.4,3.6,3.3499999999999996,3.3499999999999996,3.9,4.3,0.0,4.433333333333334,0.0,2.5,0.0,2.6999999999999997,2.7,2.68,3.2,4.0,1.7,1.9333333333333336,2.2,2.8,4.2,4.75,2.9,5.0,2.8,2.0,4.4,5.0,1.2,0.0,4.0,2.5,4.5,1.0,4.1,1.9333333333333333,0.0,0.0,0.0,0.0,0.0,1.65,2.7,2.6,2.233333333333333,0.0,3.5,4.05,3.8333333333333335,0.0,1.1,2.1,0.0,1.7,2.325,1.0,0.0,1.875,3.75,1.8,0.0,4.6,0.0
69247e0e44e4cccaa87c24f5,3.1,0.0,2.1,4.4,5.0,2.5,1.75,4.566666666666666,1.725,4.2,4.0,0.0,3.4,5.0,2.8,3.8,2.8499999999999996,0.0,4.45,0.0,2.1,2.95,0.0,0.0,0.0,1.0,1.0,1.9,0.0,4.033333333333333,3.6,4.85,3.8,3.1,3.8,0.0,1.3666666666666665,4.25,4.1,1.1,0.0,0.0,4.1,0.0,0.0,2.9,1.9333333333333336,1.65,0.0,0.0,3.2,4.3,1.3,3.1,4.0,4.8,3.8,3.3,1.05,2.9333333333333336,0.0,0.0,0.0,2.1,2.1,1.9000000000000001,3.85,0.0,0.0,0.0,3.7
69247e0e44e4cccaa87c24f6,2.2,1.5333333333333332,2.7,0.0,4.3,0.0,0.0,0.0,1.7,4.3,2.4,3.25,0.0,0.0,3.2,4.7,3.3,2.45,0.0,3.9,2.3,3.1666666666666665,3.5,0.0,1.5,1.35,0.0,0.0,4.0,3.7,0.0,3.9,3.8,2.9,0.0,4.95,0.0,3.45,3.65,1.7,4.7,1.0,0.0,1.0,2.1,4.3,1.0,0.0,4.1,2.4,2.9,3.9,2.05,0.0,0.0,0.0,0.0,3.075,1.4000000000000001,0.0,2.8,0.0,0.0,0.0,0.0,1.5666666666666667,0.0,0.0,0.0,0.0,0.0
69247e0e44e4cccaa87c24f7,2.95,1.8,0.0,0.0,4.3,0.0,1.6,4.7,1.6,0.0,3.4,3.3,3.5999999999999996,4.5,3.75,5.0,0.0,2.95,4.5,0.0,0.0,3.4000000000000004,3.05,0.0,2.3,0.0,1.55,2.9,3.25,3.7,4.3,0.0,0.0,2.0,0.0,5.0,1.4,3.85,3.1,2.7,4.7,1.2,3.2,0.0,0.0,0.0,0.0,0.0,4.6,2.1,0.0,3.4200000000000004,2.8,3.55,3.3,3.8333333333333335,4.7,3.4,1.3,2.0999999999999996,3.2,1.9,0.0,1.4,0.0,0.0,2.7,1.0,0.0,3.8,0.0
69247e0e44e4cccaa87c24f8,3.8333333333333335,2.5,1.4,4.699999999999999,4.9,2.3,2.1,0.0,1.1,0.0,0.0,3.3,2.8,4.5,3.65,0.0,0.0,3.9,3.9,3.1,3.5,2.6,0.0,0.0,0.0,1.0,1.6,0.0,0.0,4.066666666666666,0.0,4.7,3.1,0.0,3.5,4.1,1.3,0.0,3.9,2.55,4.1000000000000005,1.9,0.0,1.45,0.0,0.0,1.65,1.0,4.3999999999999995,1.7,0.0,3.55,2.2,0.0,3.6,4.15,3.8,0.0,1.0,0.0,2.2,1.1,2.2666666666666666,1.0,0.0,2.1,0.0,0.0,2.2,0.0,2.4
69247e0e44e4cccaa87c24f9,3.0666666666666664,2.0250000000000004,1.2999999999999998,3.983333333333333,4.3,0.0,1.0,4.0,2.0,3.1,0.0,3.7,3.8499999999999996,0.0,4.2,4.2,3.2,2.2,4.166666666666667,0.0,2.8,3.4,3.45,4.066666666666666,1.2,2.0,0.0,2.2,4.6,3.3,0.0,0.0,0.0,3.2,3.5,4.9,1.0,0.0,4.449999999999999,0.0,0.0,0.0,3.4,2.1,0.0,4.1,1.9,1.6,5.0,2.5,0.0,3.45,0.0,0.0,4.2,3.9,0.0,0.0,0.0,0.0,0.0,1.5999999999999999,0.0,1.15,1.4,0.0,4.2,1.8666666666666665,0.0,0.0,3.9
69247e0e44e4cccaa87c24fa,2.85,1.8,2.5,4.366666666666666,0.0,2.3,0.0,4.5,1.8,3.0,0.0,2.8499999999999996,0.0,3.6,0.0,4.4399999999999995,4.1,3.7,0.0,2.7,3.1,3.466666666666667,3.633333333333333,4.2,1.9666666666666668,1.8,2.2,2.3,0.0,3.5,3.4,0.0,0.0,3.9,2.9,0.0,1.6,0.0,4.45,0.0,4.0,1.1,4.1,2.0,0.0,0.0,1.05,0.0,4.95,0.0,3.2,3.1,0.0,3.6,0.0,4.5,0.0,3.9,1.75,0.0,0.0,0.0,2.45,1.3666666666666665,0.0,1.0,3.3,0.0,0.0,0.0,0.0
69247e0e44e4cccaa87c24fb,2.5,1.45,2.1,5.0,4.75,1.5,0.0,4.066666666666666,0.0,4.6,2.9,3.4000000000000004,3.1,3.5,4.25,4.9,0.0,3.5,5.0,2.7,2.75,0.0,3.6,3.2,1.1,1.4,0.0,2.6,2.8,5.0,0.0,3.7,3.5,3.0,0.0,4.0,1.875,0.0,3.1,1.5,0.0,0.0,3.8,2.35,1.7,3.9,0.0,1.3,5.0,0.0,2.5,0.0,2.45,0.0,3.0,3.9,0.0,3.0,0.0,2.5,0.0,0.0,2.4,1.2,0.0,1.1,0.0,0.0,1.55,0.0,0.0
69247e0e44e4cccaa87c24fc,0.0,1.5,1.8333333333333333,4.4,5.0,2.85,1.4,0.0,0.0,0.0,3.0,0.0,3.1,0.0,0.0,4.566666666666666,3.7,2.4,4.75,3.2,2.6,0.0,0.0,3.5,1.9,1.55,0.0,0.0,4.08,3.3,4.0,4.233333333333333,3.8,3.1,0.0,0.0,1.5666666666666667,4.3,3.7,1.6,4.5,1.3800000000000001,0.0,2.7,3.1,0.0,0.0,2.466666666666667,4.3,1.1,2.4000000000000004,0.0,0.0,0.0,0.0,4.7,4.0,3.3000000000000003,1.0,0.0,2.7,0.0,3.2,1.35,1.0,1.2857142857142858,3.5,1.3,0.0,3.6,2.1
69247e0e44e4cccaa87c24fd,3.6500000000000004,1.65,2.1,4.366666666666666,5.0,2.75,1.1,4.233333333333333,2.1,3.7600000000000002,4.1,3.5,3.266666666666667,4.5,4.2,5.0,0.0,0.0,0.0,3.3,0.0,0.0,4.0,3.3000000000000003,0.0,1.1,2.1,0.0,3.1,0.0,2.3,4.366666666666666,0.0,2.95,0.0,0.0,1.625,2.8000000000000003,0.0,0.0,3.3,1.6,0.0,1.7,1.95,0.0,0.0,0.0,0.0,0.0,0.0,0.0,0.0,4.0,0.0,0.0,0.0,3.3,1.0,1.8,3.55,2.1,0.0,1.9,0.0,1.0,2.8,0.0,0.0,4.0,2.0
69247e0e44e4cccaa87c24fe,3.3499999999999996,0.0,2.25,4.5,5.0,0.0,0.0,3.8,2.4,2.8,3.5666666666666664,3.25,0.0,0.0,3.3,0.0,3.95,0.0,0.0,3.4599999999999995,0.0,0.0,0.0,0.0,0.0,1.5,1.95,2.0999999999999996,3.9,3.8,3.6,4.2,0.0,2.3,0.0,4.95,0.0,2.7,0.0,0.0,3.55,1.7,0.0,2.4,0.0,0.0,1.2,2.4,4.2,2.0,2.9000000000000004,2.7,0.0,3.8,0.0,3.7,0.0,3.05,1.0,0.0,3.9,1.0,0.0,0.0,1.6,0.0,3.7,0.0,1.0,0.0,0.0
69247e0e44e4cccaa87c24ff,3.3499999999999996,1.7,2.6,3.3499999999999996,0.0,2.5,1.4857142857142858,5.0,0.0,4.3,2.55,0.0,3.1,3.8,3.5,0.0,0.0,3.5,0.0,4.2,0.0,3.5,0.0,4.2,0.0,0.0,0.0,1.7,3.8,4.6,2.6,5.0,4.05,2.8,0.0,0.0,1.6,3.8,0.0,3.0,0.0,0.0,4.4,0.0,0.0,3.2,1.3666666666666665,0.0,0.0,2.2,2.6,3.9,0.0,0.0,0.0,0.0,3.3,0.0,1.0,0.0,3.5,1.2,0.0,1.0,1.3,0.0,0.0,1.9,1.6000000000000003,0.0,0.0
69247e0e44e4cccaa87c2500,3.15,0.0,0.0,3.3,5.0,2.233333333333333,1.0,4.35,2.3,0.0,2.7,3.05,4.6,4.175000000000001,0.0,4.8,2.8666666666666667,0.0,4.8,3.2,0.0,0.0,4.4,0.0,0.0,0.0,0.0,2.1,0.0,0.0,4.3,5.0,4.6,3.6,0.0,4.3,1.48,3.533333333333333,4.05,2.15,0.0,2.5,4.7,1.1,2.95,0.0,1.15,0.0,0.0,1.3,0.0,4.0,0.0,3.6,3.8,0.0,4.366666666666667,3.5,1.55,0.0,0.0,0.0,2.6,1.7,0.0,2.2,4.2,2.3,1.0,0.0,0.0
69247e0e44e4cccaa87c2501,2.566666666666667,1.7,2.1666666666666665,4.8,4.6,2.6500000000000004,1.0,4.425,1.0,3.15,3.8,3.85,3.6,3.5666666666666664,3.75,5.0,3.1,0.0,4.0,0.0,0.0,3.4,3.85,3.7,1.5333333333333332,1.3,1.8,2.1,3.75,3.2,3.275,4.55,3.4,2.3,3.1666666666666665,0.0,1.1,4.0,3.3,1.5,2.9,1.15,3.9499999999999997,2.8,3.3,0.0,1.4,2.3,5.0,1.0,3.8,3.7,0.0,3.1999999999999997,3.05,0.0,0.0,3.5,0.0,0.0,3.1,1.7,2.45,2.0,2.2,0.0,0.0,1.8,1.6,4.65,2.5
69247e0e44e4cccaa87c2502,3.25,1.5,2.1599999999999997,3.75,4.5,2.8,0.0,4.1,0.0,0.0,3.75,3.8,4.3,0.0,3.8333333333333335,4.4,3.7,2.7,4.54,3.0,3.3,3.05,3.7,4.4,2.3,1.1,1.05,3.0,4.4,3.8333333333333335,2.7,4.35,0.0,2.4,3.25,4.3999999999999995,2.0,3.8,3.4,1.2,0.0,1.1,0.0,1.7000000000000002,2.8,3.1,1.0,1.4,4.4,1.6500000000000001,0.0,0.0,0.0,0.0,0.0,0.0,0.0,0.0,0.0,0.0,0.0,0.0,0.0,1.9,0.0,1.0,0.0,0.0,0.0,3.9499999999999997,2.1
69247e0e44e4cccaa87c2503,2.8,1.7,0.0,4.6,0.0,0.0,0.0,0.0,2.275,2.9,2.75,0.0,4.1,4.1000000000000005,0.0,4.766666666666667,0.0,3.8,5.0,0.0,2.55,0.0,0.0,4.3,0.0,1.9,1.5,2.6,4.0,0.0,3.733333333333333,5.0,4.6,0.0,0.0,4.1,1.2,0.0,3.6,0.0,2.9,0.0,4.5,0.0,2.5,3.4,0.0,0.0,4.3999999999999995,1.9,3.1,3.9,2.1999999999999997,4.0,3.375,0.0,3.7,0.0,1.0,3.15,0.0,0.0,2.433333333333333,0.0,1.1,0.0,3.8,0.0,1.0,4.0,2.2
69247e0e44e4cccaa87c2504,2.7,2.125,1.5250000000000001,3.55,4.6,3.1,1.3333333333333333,4.633333333333333,2.1333333333333333,0.0,2.4,4.2,3.25,0.0,3.85,4.6,0.0,0.0,4.5,3.8,3.7,2.566666666666667,3.1,3.9749999999999996,1.85,2.0,0.0,0.0,0.0,5.0,3.5,3.7,0.0,2.7,4.1,4.4,1.8,0.0,0.0,3.0,3.1500000000000004,1.0,3.1,0.0,1.9,0.0,1.6,0.0,3.7,0.0,3.2,4.0,0.0,0.0,0.0,0.0,3.4,0.0,0.0,2.55,2.966666666666667,1.4,0.0,0.0,2.3,1.5,0.0,0.0,0.0,4.5,2.0
69247e0e44e4cccaa87c2505,2.875,1.5666666666666667,0.0,3.4,5.0,2.95,1.05,4.8,1.9,0.0,0.0,3.75,3.6,4.0,3.6,0.0,0.0,2.8,0.0,3.2,0.0,3.5999999999999996,2.55,4.1,1.0,0.0,0.0,0.0,2.8,4.65,2.8,0.0,3.7,2.2,0.0,4.5,1.0,0.0,4.45,2.3,3.6,1.6,0.0,0.0,2.3,0.0,1.0,2.4,4.5,1.0,0.0,2.95,0.0,2.5,0.0,0.0,0.0,0.0,1.6,1.6,2.1,1.5,0.0,2.4,1.0,0.0,3.35,1.9,1.0,0.0,2.8
69247e0e44e4cccaa87c2506,3.1,0.0,1.9,4.7,4.2,1.6,1.5,4.45,2.35,0.0,0.0,4.0,3.7249999999999996,3.8666666666666667,0.0,4.75,2.3,2.8,0.0,0.0,2.7,2.65,3.3666666666666667,0.0,1.2,0.0,1.5,0.0,4.225,0.0,0.0,4.5,2.9,3.45,2.6,0.0,1.55,2.7,3.4,2.0,3.3499999999999996,1.6,4.3999999999999995,0.0,2.35,4.5,1.3333333333333333,0.0,5.0,0.0,3.6,2.7,1.7,0.0,3.3,4.2,4.7,2.9,1.3,0.0,0.0,0.0,2.3,0.0,1.75,1.7,3.2,2.5,0.0,0.0,0.0
69247e0e44e4cccaa87c2507,4.0,0.0,2.9,3.8000000000000003,4.6,2.45,1.6,3.925,2.7,3.3,3.2,3.0,3.3,3.8666666666666667,3.75,4.7,3.3000000000000003,3.25,4.0,3.5999999999999996,3.5,2.8,3.0,0.0,1.3,1.0,1.8,3.3,3.9000000000000004,0.0,0.0,0.0,0.0,2.475,3.375,3.8,1.3599999999999999,0.0,4.1,2.5,3.1500000000000004,0.0,4.0,1.4,0.0,0.0,1.3,0.0,4.833333333333333,1.1,0.0,3.5999999999999996,0.0,4.0,0.0,3.8,4.0,0.0,0.0,3.1,0.0,2.2,0.0,0.0,1.0,0.0,3.5,1.2,1.55,3.6999999999999997,2.05
69247e0e44e4cccaa87c2508,3.1,1.0,1.7,5.0,0.0,2.3,1.9,4.5,0.0,0.0,0.0,2.7,3.3499999999999996,4.05,3.5,0.0,0.0,2.4,5.0,4.1,2.4,3.0,4.0,3.1,1.3,1.15,0.0,2.5,0.0,5.0,3.4,5.0,3.233333333333333,3.0,4.1000000000000005,0.0,1.0,3.8,4.6,0.0,3.2,1.7,3.55,2.2,2.0,3.8,1.35,0.0,4.8,2.1,0.0,4.1,1.2,0.0,3.0,0.0,0.0,0.0,1.1,0.0,3.033333333333333,1.85,0.0,0.0,0.0,1.6666666666666667,0.0,1.35,0.0,3.7,0.0
69247e0e44e4cccaa87c2509,2.875,1.7,0.0,4.1,5.0,0.0,0.0,4.1,0.0,3.3,3.05,3.1666666666666665,3.0,4.933333333333334,3.7249999999999996,4.8,3.0999999999999996,0.0,4.4,0.0,2.8333333333333335,3.1500000000000004,3.2,0.0,1.55,1.0,0.0,2.34,4.4,4.9,3.3,4.2,3.3,3.7,3.9,4.5,1.5666666666666667,2.9,3.1,2.25,4.300000000000001,0.0,3.6,0.0,2.2,4.8,1.7,1.5999999999999999,5.0,0.0,2.6,3.05,2.1,2.9,3.3,3.8,0.0,2.5,1.0333333333333334,0.0,3.3,2.4,1.975,1.85,0.0,1.25,0.0,0.0,1.7,5.0,0.0
69247e0e44e4cccaa87c250a,3.375,2.5,0.0,4.9,5.0,1.7,1.0,4.9,1.75,0.0,2.2,4.0,0.0,4.0,3.6500000000000004,0.0,2.95,0.0,4.766666666666667,3.0,0.0,3.4,3.1666666666666665,4.5,1.45,1.0,1.2,2.1,4.15,4.9,3.1999999999999997,0.0,0.0,0.0,3.15,4.0,1.0,0.0,3.6,2.5,0.0,1.0,3.9,2.35,0.0,0.0,1.0,0.0,4.7,0.0,3.2,3.0,2.066666666666667,0.0,3.6,4.4,0.0,0.0,1.1,0.0,0.0,0.0,0.0,0.0,0.0,0.0,3.4,1.8,0.0,0.0,0.0
69247e0e44e4cccaa87c250b,0.0,2.5,0.0,0.0,0.0,3.1,0.0,4.3,2.3333333333333335,0.0,0.0,3.4,0.0,5.0,3.8,4.3,2.6,1.9,0.0,0.0,3.3,0.0,3.1,0.0,1.0,0.0,1.35,0.0,0.0,4.066666666666666,2.8333333333333335,5.0,0.0,0.0,4.2,0.0,1.85,0.0,0.0,0.0,3.8499999999999996,0.0,3.8,1.8,3.2,3.4,1.0,1.4,0.0,0.0,2.1,3.1,0.0,0.0,2.7,0.0,0.0,2.6,1.3666666666666665,0.0,0.0,0.0,0.0,1.925,1.1,1.35,0.0,1.5,1.0,0.0,0.0
69247e0e44e4cccaa87c250c,3.175,1.9500000000000002,2.2333333333333334,4.0,0.0,2.25,1.45,3.9,1.8,4.2,2.6,3.4,4.5,4.366666666666666,3.6,5.0,3.3,0.0,5.0,3.0,2.75,2.1500000000000004,4.1,4.5,1.7999999999999998,0.0,1.6,2.266666666666667,3.5666666666666664,0.0,3.4,0.0,3.8,3.0,0.0,4.4,1.7833333333333332,3.3,3.8,2.183333333333333,4.7,0.0,3.7,1.7000000000000002,2.1,0.0,1.3,0.0,4.85,1.5,3.2,3.1500000000000004,0.0,3.1,3.95,0.0,3.9,2.966666666666667,0.0,0.0,2.8666666666666667,1.9,3.2,2.45,1.0,1.1666666666666667,4.0,2.4,1.3599999999999999,4.3,0.0
69247e0e44e4cccaa87c250d,2.7600000000000002,1.1,1.6,3.3,0.0,2.0,1.8,0.0,0.0,4.7,0.0,3.5666666666666664,2.7,3.2,3.3666666666666667,4.6,3.6,0.0,0.0,0.0,3.1,3.8,3.5,0.0,1.2,1.25,1.3,0.0,4.3,0.0,3.1500000000000004,0.0,0.0,2.95,2.6,0.0,1.3666666666666665,0.0,3.1,1.7,3.55,2.1,0.0,1.9000000000000001,0.0,0.0,1.35,1.8,5.0,0.0,3.5,3.2,2.2,2.6,0.0,4.4,3.6,0.0,1.3,2.05,0.0,1.15,1.85,2.45,1.7,0.0,3.5,1.3,0.0,0.0,3.25
69247e0e44e4cccaa87c250e,0.0,1.55,0.0,4.04,4.4,2.2,1.6500000000000001,4.2,0.0,0.0,2.8,3.2,4.033333333333333,4.16,3.25,4.2,2.9,0.0,0.0,3.6,2.9,2.966666666666667,3.8000000000000003,3.5,1.0,1.25,2.3,3.0,4.6,3.7,0.0,4.2,4.033333333333333,0.0,2.8,3.7,1.0,4.2,0.0,2.075,3.3,1.2,3.7000000000000006,2.1,3.1500000000000004,4.2,0.0,1.55,4.45,2.0,3.4,3.75,1.0,0.0,0.0,4.8,0.0,0.0,0.0,2.3,2.966666666666667,1.5,0.0,0.0,1.8,1.0,4.25,1.0,1.0,0.0,3.2
69247e0e44e4cccaa87c250f,2.3,2.5,1.7,4.05,4.45,0.0,1.9000000000000001,4.55,1.4,3.7,2.5,3.6,0.0,5.0,3.6500000000000004,5.0,3.3,0.0,3.5,3.5,0.0,0.0,4.2,0.0,0.0,0.0,1.9,2.4,3.9,0.0,0.0,4.1,3.7,2.8,0.0,0.0,1.0,3.85,3.6333333333333333,1.95,3.75,1.7,3.9,2.275,2.5,0.0,1.4,1.05,0.0,1.6,2.2,3.1666666666666665,2.25,0.0,2.9,4.566666666666666,3.2,3.0,0.0,2.0,0.0,1.0,2.4,0.0,0.0,1.3,2.8,1.0,1.0,5.0,2.6
69247e0e44e4cccaa87c2510,3.075,2.1,0.0,4.0200000000000005,4.8,2.3,0.0,4.333333333333333,1.0,0.0,3.4,4.3,0.0,3.3,3.9,4.1,0.0,3.45,0.0,0.0,3.4,2.95,3.8666666666666667,3.3,1.4,2.1500000000000004,2.1,0.0,4.35,5.0,3.4,3.7,4.0,3.9,2.75,0.0,1.35,3.6,4.2,1.5,0.0,1.4,4.9,1.6,2.5,0.0,0.0,2.4,4.2,0.0,0.0,0.0,0.0,0.0,0.0,5.0,4.4,2.7,1.8,2.6999999999999997,2.0,0.0,3.1,1.9,2.2,1.4,0.0,1.65,1.2666666666666666,0.0,3.8
69247e0e44e4cccaa87c2511,3.3333333333333335,0.0,2.0,4.5,5.0,0.0,1.8333333333333333,4.8,2.9,3.4,3.2,3.45,4.0,0.0,4.0,0.0,4.1,3.3,4.8999999999999995,4.3,2.9,3.1500000000000004,3.1999999999999997,4.233333333333333,0.0,1.5,2.0,2.6500000000000004,0.0,4.0,0.0,4.8,0.0,3.2,3.4333333333333336,4.866666666666666,1.65,0.0,3.9,2.3,2.8,1.0,3.5,0.0,2.566666666666667,4.5,2.1,1.8666666666666665,4.3,1.35,3.9,0.0,1.4,0.0,0.0,0.0,0.0,2.7,1.4333333333333333,2.6,2.1,0.0,2.1,2.45,1.5,1.65,3.7,0.0,1.475,0.0,0.0
69247e0e44e4cccaa87c2512,3.266666666666667,1.975,1.4333333333333333,0.0,4.533333333333333,2.4,1.15,4.324999999999999,2.3333333333333335,3.3499999999999996,4.1,0.0,3.9,4.3,0.0,4.1,2.7,2.8,4.0,3.1,3.7,3.3000000000000003,3.7,3.8000000000000003,2.1,1.0,0.0,0.0,3.8,0.0,3.1,5.0,0.0,3.35,3.1,4.800000000000001,1.45,4.4,0.0,2.05,4.199999999999999,1.85,0.0,1.7,2.1,0.0,1.45,0.0,4.5,1.5,2.8,3.6,1.9,3.2,0.0,0.0,3.9,3.8,1.8,0.0,0.0,0.0,2.4,0.0,1.0,1.85,2.55,2.3,0.0,0.0,3.4
69247e0e44e4cccaa87c2513,3.5666666666666664,2.0,2.3000000000000003,4.533333333333333,4.725,2.3666666666666667,1.0,3.6999999999999997,1.85,4.4,0.0,3.1999999999999997,3.8666666666666667,4.1,0.0,0.0,0.0,2.8000000000000003,5.0,4.1,2.9,0.0,2.9,3.8,1.7000000000000002,1.4333333333333336,1.0,2.8,4.5,4.4,2.3,3.7,3.8,0.0,0.0,4.4,1.9500000000000002,0.0,0.0,1.45,0.0,1.8,0.0,1.3,2.0,0.0,0.0,0.0,0.0,1.7999999999999998,3.4,0.0,0.0,0.0,0.0,0.0,0.0,0.0,1.2,0.0,2.7,2.4,2.6,1.6,1.0,0.0,3.05,2.3,1.8,0.0,0.0
69247e0e44e4cccaa87c2514,2.966666666666667,1.6500000000000001,1.7,4.2,0.0,2.4,0.0,3.4,0.0,4.05,3.3,0.0,4.1,3.925,3.966666666666667,4.7,3.6,3.5,4.7,3.45,2.2,3.3,0.0,3.5666666666666664,0.0,1.4666666666666668,1.45,0.0,3.9,0.0,3.55,4.8,3.1,0.0,0.0,4.5,1.55,3.5,3.0,2.9,3.0,1.65,3.84,1.6,3.2,3.9333333333333336,0.0,1.5,4.75,2.1,0.0,3.5500000000000003,2.8,3.3,0.0,5.0,3.5,0.0,1.05,2.6999999999999997,2.45,2.0,1.7,0.0,1.0,1.1333333333333335,3.6666666666666665,0.0,1.0,0.0,0.0
69247e0e44e4cccaa87c2515,3.5,1.85,2.033333333333333,3.9,4.766666666666667,2.0999999999999996,0.0,4.2,3.0,4.05,3.0,0.0,4.0,4.7,4.2,4.366666666666666,4.05,0.0,4.0,3.3,3.8,3.9,0.0,3.0,1.6,0.0,1.0,2.8333333333333335,2.9,0.0,2.4,4.0,3.45,3.2,3.0,4.8,1.3,3.4333333333333336,0.0,1.9,4.5,1.2999999999999998,4.0,2.233333333333333,0.0,0.0,1.4,1.7999999999999998,0.0,1.0,0.0,0.0,1.5,0.0,0.0,0.0,0.0,0.0,1.0,2.1500000000000004,0.0,1.0,2.55,1.1,0.0,0.0,0.0,2.5,0.0,0.0,0.0
69247e0e44e4cccaa87c2516,3.233333333333333,1.0,2.025,4.1,4.725,0.0,0.0,4.933333333333334,1.7,3.1666666666666665,2.9,0.0,3.5,4.133333333333334,4.4,4.825,2.3,0.0,4.699999999999999,3.9,3.033333333333333,0.0,3.6500000000000004,3.7399999999999998,1.8,1.2,1.9600000000000002,2.2249999999999996,3.6500000000000004,3.45,0.0,0.0,3.5,2.9,3.85,4.0,1.25,2.8,3.3000000000000003,0.0,4.6,0.0,3.3,2.3,0.0,0.0,1.5,1.0,0.0,0.0,3.35,4.5,1.8,3.3,2.5,0.0,3.6,0.0,1.0,0.0,3.7,1.0,0.0,1.85,1.0,0.0,3.6,2.3,1.4,0.0,0.0
69247e0e44e4cccaa87c2517,2.8,2.0,2.3,4.6000000000000005,4.433333333333333,2.3,0.0,4.95,1.55,0.0,3.2,3.9,4.2,4.25,3.8000000000000003,4.9,2.5,0.0,4.1,2.9,3.9,0.0,3.2,3.6,1.725,1.5,0.0,3.1,3.8000000000000003,3.8,4.2,4.725,3.8,0.0,3.0,4.3,1.0,0.0,4.3,3.0,0.0,0.0,0.0,1.9,1.8,3.95,0.0,1.0,4.7,1.6,3.3333333333333335,3.9,0.0,0.0,3.466666666666667,3.3,3.3,3.4,1.0,2.1666666666666665,2.3,2.4,1.4,1.2,0.0,0.0,0.0,0.0,0.0,3.8,2.3
69247e0e44e4cccaa87c2518,3.22,1.7666666666666668,0.0,4.1000000000000005,5.0,1.7,1.375,4.25,0.0,4.4,3.8499999999999996,3.8,0.0,0.0,3.9,5.0,0.0,0.0,0.0,0.0,3.2,3.2,3.2,4.25,1.65,2.0,1.5166666666666666,3.5,3.25,3.9,3.7,4.5,0.0,0.0,0.0,0.0,1.8499999999999999,3.3,3.15,1.9,4.4,1.3,4.3,0.0,1.7,0.0,1.9,0.0,3.9,1.65,3.1,3.8,0.0,3.8000000000000003,0.0,4.4,4.2,0.0,0.0,2.8,0.0,0.0,0.0,2.1,0.0,0.0,3.85,1.4,1.05,4.8,0.0
69247e0e44e4cccaa87c2519,2.6166666666666667,0.0,1.5,4.3999999999999995,4.5,2.7999999999999994,1.525,4.4,2.7,3.8,3.05,0.0,3.3,4.15,3.6,5.0,3.1,3.3,4.6,0.0,0.0,2.9,3.9,3.55,1.75,0.0,2.3,1.6,3.766666666666667,4.65,0.0,5.0,3.0,2.55,0.0,5.0,1.0,4.3,3.8,2.2,3.4,1.25,3.4,0.0,3.3,0.0,0.0,1.8666666666666665,4.8,1.3,2.7,4.1,2.1,4.2,0.0,3.3,3.2,0.0,1.7,0.0,3.2,1.2,2.3,0.0,0.0,1.0,3.233333333333333,0.0,1.0,3.6,0.0
69247e0e44e4cccaa87c251a,3.266666666666667,1.0,1.4000000000000001,3.55,0.0,2.9333333333333336,0.0,0.0,1.7999999999999998,4.6,0.0,3.1999999999999997,4.1,4.2,3.0999999999999996,0.0,0.0,3.7,4.65,3.05,2.85,3.9,3.3,0.0,0.0,1.6,1.65,0.0,0.0,4.6,2.7,4.95,3.1,2.9,2.85,0.0,1.6333333333333335,0.0,3.65,1.4,4.15,1.9,4.1,1.3,0.0,0.0,1.15,1.05,4.9,1.2,3.9,2.7,0.0,0.0,0.0,4.4,0.0,0.0,1.3666666666666665,3.3,2.45,0.0,2.9,2.55,0.0,0.0,3.1333333333333333,1.3,0.0,4.1,3.8
69247e0e44e4cccaa87c251b,0.0,0.0,1.9666666666666668,4.2,4.766666666666667,2.45,1.425,4.475,1.6,4.05,3.5,3.4,0.0,0.0,4.3,4.35,3.7,2.9333333333333336,0.0,3.7,2.0,3.2,3.8333333333333335,3.4,1.5,0.0,1.2666666666666666,2.2,4.4,4.5,2.4,4.45,3.6,0.0,0.0,0.0,1.5,3.45,0.0,2.466666666666667,3.6,0.0,3.55,0.0,3.4,3.9,1.0,1.5,5.0,1.6,3.45,3.6,2.05,3.4,0.0,4.125,0.0,0.0,0.0,2.55,3.2,2.4,2.95,1.55,0.0,0.0,0.0,0.0,0.0,4.8,0.0
69247e0e44e4cccaa87c251c,3.257142857142857,1.5333333333333332,1.9000000000000001,4.15,4.45,1.3,1.0,4.4,2.8,0.0,3.0,3.0,3.5666666666666664,3.8,3.9,4.35,0.0,0.0,4.4,4.3,3.3,3.3,0.0,3.8,0.0,2.1,1.95,3.0,0.0,4.2,2.85,4.366666666666666,3.2,0.0,3.3,0.0,1.9500000000000002,2.6,0.0,2.375,3.3,1.0,5.0,0.0,2.9,0.0,2.2,0.0,0.0,1.0,0.0,0.0,0.0,2.4,0.0,4.15,3.95,2.7,0.0,2.466666666666667,3.4,1.9666666666666668,2.6,2.6,0.0,1.0,4.2,1.9,0.0,0.0,0.0
69247e0e44e4cccaa87c251d,3.5,1.15,1.75,3.9,4.75,1.7,0.0,0.0,0.0,3.0,2.9,2.6,4.5,0.0,4.175,0.0,0.0,2.5,4.7,2.5,3.1333333333333333,2.2,4.4,3.8,1.0,1.0,1.6,3.1,4.3,5.0,2.6,4.1,0.0,3.0,3.8,0.0,1.475,0.0,4.0,1.7,0.0,1.5666666666666667,0.0,2.3,3.2,3.6,0.0,0.0,4.8,2.1,2.8,4.266666666666667,0.0,0.0,0.0,3.8,0.0,0.0,0.0,2.8,3.35,0.0,1.85,1.7,0.0,1.75,3.6666666666666665,1.75,2.1,3.75,0.0
69247e0e44e4cccaa87c251e,2.983333333333333,1.3,1.5,3.8,4.3,3.0,1.0,4.6,1.5,0.0,0.0,3.0,3.8333333333333335,3.6,3.6999999999999997,4.9,0.0,2.9,0.0,3.0,3.6,3.7,3.4,4.3,2.2,1.5,1.75,2.125,3.4333333333333336,4.4,3.95,4.3,2.7,0.0,0.0,4.25,1.35,3.25,4.7,2.2,0.0,1.3,0.0,1.85,0.0,3.9,0.0,1.2,4.050000000000001,1.0,0.0,3.5,0.0,2.9,0.0,5.0,3.9499999999999997,0.0,0.0,2.4,0.0,0.0,0.0,0.0,1.8666666666666665,1.6,3.2,0.0,1.3,0.0,0.0
69247e0e44e4cccaa87c251f,3.0,1.64,1.5499999999999998,3.8333333333333335,0.0,2.4,0.0,4.3,1.625,3.75,2.3,0.0,3.7000000000000006,4.3,3.8857142857142857,4.9,0.0,0.0,3.65,3.6,2.95,3.3000000000000003,3.2,3.9,1.1,0.0,2.2,2.0,0.0,4.5,3.7,5.0,4.15,2.3,4.05,3.8,1.1,0.0,4.0,1.625,3.0,1.75,3.95,2.05,2.7,4.0,1.7,0.0,0.0,1.3666666666666665,2.7,4.3,0.0,0.0,3.1,3.3,0.0,2.775,1.0,2.4,3.9,0.0,2.2666666666666666,1.0,1.65,1.3,2.8499999999999996,2.4,0.0,5.0,3.0
69247e0e44e4cccaa87c2520,2.625,2.1500000000000004,1.8199999999999998,3.7800000000000002,4.8999999999999995,0.0,0.0,4.35,0.0,2.7,0.0,3.6,0.0,4.166666666666667,2.8,0.0,3.3,2.95,0.0,2.95,1.9,2.0,3.8499999999999996,4.4,1.0,1.45,2.3666666666666667,2.1,4.199999999999999,0.0,4.2,4.75,4.4,0.0,3.3000000000000003,4.7,1.35,3.45,3.85,2.1,4.1,1.2333333333333334,0.0,1.8166666666666667,2.8666666666666667,0.0,1.0,1.9,4.7,1.0,3.3333333333333335,4.3,1.3,0.0,3.2,0.0,3.6333333333333333,3.7,1.0,2.25,0.0,1.0,0.0,0.0,1.2666666666666668,2.1,3.05,0.0,1.9,4.266666666666667,2.75
69247e0e44e4cccaa87c2521,3.1999999999999997,1.9,2.525,3.5999999999999996,4.1,2.55,1.7,3.7,0.0,4.1,3.9,0.0,4.3,3.5,3.8499999999999996,4.7,0.0,3.5,0.0,2.7,0.0,0.0,2.7,3.6,0.0,1.4,0.0,2.2,4.466666666666666,4.55,3.3666666666666667,4.7,3.05,2.5,3.6,4.6,1.0,3.233333333333333,3.5,1.1,0.0,1.7000000000000002,4.5,2.05,1.9,0.0,0.0,1.0,5.0,1.6500000000000001,2.7,0.0,2.6,4.1,3.6,0.0,4.1,3.05,1.0,2.0,3.7,1.6,2.25,0.0,1.6,1.3,0.0,0.0,1.3,3.9,3.2
69247e0e44e4cccaa87c2522,2.6500000000000004,0.0,0.0,4.1,0.0,2.1,1.4666666666666668,4.8,2.3,4.3,4.1,3.6999999999999997,3.75,0.0,3.7,3.9,3.8,2.2,0.0,3.6999999999999997,3.5,3.8,2.5,3.6,2.066666666666667,1.15,2.7,2.8,3.55,3.7,3.25,3.7,3.0,3.5,0.0,0.0,0.0,3.0,3.0,1.95,3.5,1.9000000000000001,4.05,2.2,2.65,0.0,1.0,2.0,0.0,1.2,2.9,3.5,0.0,0.0,0.0,4.2,0.0,3.1,0.0,3.05,0.0,2.0,2.25,0.0,0.0,2.1,4.05,1.0,0.0,4.3,2.7
69247e0e44e4cccaa87c2523,3.266666666666667,1.2,1.6500000000000001,0.0,5.0,0.0,1.35,4.35,0.0,2.8,3.8,3.0,0.0,4.0,3.8,0.0,3.8,0.0,4.65,3.9,3.8,3.0,0.0,3.3,1.0,1.1,2.0,2.733333333333333,3.0,3.75,2.5,4.3,4.0,0.0,3.0666666666666664,0.0,1.3333333333333333,0.0,3.3,3.0,0.0,1.2,0.0,0.0,2.9,0.0,0.0,1.1,0.0,1.0,0.0,0.0,2.2,2.7,3.45,4.1,3.6500000000000004,0.0,0.0,0.0,3.7,1.5499999999999998,0.0,0.0,0.0,1.0,3.0,1.6,2.2,3.2,2.4
69247e0e44e4cccaa87c2524,3.04,0.0,2.3333333333333335,4.733333333333333,0.0,2.4,1.0,4.95,2.1666666666666665,4.0,3.0999999999999996,3.2,3.733333333333333,3.9,3.55,4.6,3.55,2.3,3.5,2.6,3.7,0.0,0.0,3.5,1.0,0.0,1.4333333333333333,0.0,3.7,4.5,4.2,4.666666666666667,0.0,2.6,4.2,0.0,1.875,2.9000000000000004,3.7,1.85,0.0,2.3,0.0,1.3,2.95,2.9,1.9,1.7999999999999998,4.1,1.2,3.5,0.0,2.3,3.15,3.5,4.7,3.5,3.7,0.0,0.0,2.0,0.0,2.2,2.4,1.0,0.0,3.7,1.55,1.0,0.0,0.0
69247e0e44e4cccaa87c2525,2.9333333333333336,2.0,2.9,4.279999999999999,0.0,0.0,2.033333333333333,4.825,0.0,3.05,3.5,3.5,0.0,3.3499999999999996,3.8000000000000003,4.8,4.2,3.6,4.9,2.9,3.8,3.4,3.15,4.3,2.0,1.0,2.1,0.0,0.0,0.0,3.2,4.475,0.0,2.375,3.5,4.3,1.0,0.0,3.95,3.0,3.1,0.0,0.0,2.3,0.0,0.0,1.2,1.0,3.9,0.0,0.0,0.0,2.6,0.0,3.8,3.9,3.9,0.0,0.0,0.0,3.2,0.0,0.0,2.3,1.0,0.0,0.0,0.0,1.0,0.0,0.0
69247e0e44e4cccaa87c2526,2.975,2.35,2.1,4.65,0.0,2.2,1.3,4.1,1.5499999999999998,3.9,0.0,3.3,0.0,0.0,3.9,4.85,3.8499999999999996,2.9,0.0,3.35,0.0,2.2,3.05,0.0,1.2,0.0,0.0,3.4,4.4,0.0,2.7,4.55,3.3,0.0,3.4000000000000004,4.1,1.75,3.5,3.6,1.2,4.3,1.6500000000000001,4.8,2.7,3.25,3.4000000000000004,0.0,1.0,5.0,0.0,3.2,3.0,1.2,3.5,0.0,0.0,0.0,0.0,0.0,0.0,0.0,2.3,2.6,0.0,0.0,1.6,3.05,0.0,1.0,4.55,0.0
69247e0e44e4cccaa87c2527,2.725,0.0,2.3499999999999996,4.1,4.333333333333333,3.3,1.1,0.0,2.2,3.45,3.5,3.9166666666666665,3.9000000000000004,0.0,4.3,4.7,0.0,0.0,4.4,3.7,3.0,0.0,0.0,2.9,1.0,1.45,1.1,2.75,3.8,0.0,2.8,4.5,4.1,2.45,3.1,5.0,1.4333333333333333,0.0,3.6,2.233333333333333,3.25,1.1,3.1,1.0,2.8,0.0,2.3,0.0,0.0,1.1,0.0,0.0,0.0,0.0,3.4,0.0,3.7999999999999994,0.0,0.0,2.8,3.7,0.0,0.0,1.8,1.1,1.0,4.2,1.1,1.3,0.0,2.0
69247e0e44e4cccaa87c2528,2.98,0.0,1.5999999999999999,4.32,4.2,1.8,1.0,4.3,0.0,3.0999999999999996,0.0,0.0,3.425,3.95,3.35,5.0,3.4,2.6,4.5,2.7,2.2,0.0,4.3,3.7,1.0,1.45,1.9,2.6,3.6999999999999997,4.65,2.6,0.0,4.5,3.2,4.3,0.0,1.4,4.3,3.0,2.233333333333333,0.0,2.1,4.1,2.1,1.9,3.8666666666666667,1.35,1.5,4.7,1.7999999999999998,0.0,3.1333333333333333,0.0,0.0,3.2,4.2,0.0,3.15,1.2,3.5,3.7,0.0,0.0,2.4000000000000004,0.0,1.5,3.4,2.4,1.0,4.05,2.533333333333333
69247e0e44e4cccaa87c2529,3.2,1.4,0.0,3.9000000000000004,5.0,3.3,1.8,0.0,0.0,3.1,2.3,4.133333333333333,0.0,4.9,0.0,4.9,3.9,2.7,4.7,3.3600000000000003,2.8499999999999996,0.0,3.6,4.3,2.1,1.3,0.0,1.6,4.0,0.0,0.0,0.0,0.0,3.1666666666666665,3.533333333333333,3.6,1.95,3.45,4.0,1.2999999999999998,0.0,1.0,4.05,1.3,0.0,4.6,1.0,1.6,5.0,1.4333333333333333,0.0,3.25,1.7000000000000002,0.0,0.0,3.5999999999999996,3.9000000000000004,3.25,1.1,0.0,0.0,2.5,0.0,1.5,0.0,0.0,3.466666666666667,2.4,0.0,0.0,3.05
69247e0e44e4cccaa87c252a,2.8333333333333335,1.45,2.1,4.0,4.800000000000001,2.7,1.0,4.066666666666666,1.7,4.5,3.45,3.4499999999999997,3.85,3.6999999999999997,4.2,4.1,4.2,0.0,0.0,3.1,2.1,2.9333333333333336,0.0,4.5,1.0,1.2,1.8333333333333333,2.425,3.6,4.8,0.0,4.8,2.7,3.45,3.6,0.0,1.8333333333333333,4.3,3.5,2.1,3.2,1.1,3.1,1.4333333333333333,1.9,0.0,0.0,1.0,5.0,0.0,3.5,4.4,0.0,2.8,0.0,4.9,0.0,0.0,1.0,1.8,3.2,2.5,2.6,1.7,0.0,0.0,3.0,2.3,0.0,4.65,3.1999999999999997
69247e0e44e4cccaa87c252b,2.62,1.15,1.75,4.4,4.2,1.7999999999999998,0.0,4.3,1.9,3.6999999999999997,2.8,4.3,4.5,4.6,0.0,4.3,3.533333333333333,0.0,3.4,3.75,2.95,2.6333333333333333,3.3,3.7,1.0,2.0,0.0,2.25,3.9666666666666663,0.0,4.066666666666666,4.1,3.2,2.6999999999999997,3.6333333333333333,0.0,1.0,0.0,3.1,2.5,2.7,0.0,0.0,0.0,2.9,4.5,0.0,2.0666666666666664,4.8,0.0,3.5666666666666664,3.4,0.0,0.0,0.0,0.0,0.0,0.0,1.5,0.0,0.0,2.3,0.0,1.4,0.0,0.0,3.2,1.0,0.0,0.0,2.4
69247e0e44e4cccaa87c252c,2.3,2.033333333333333,1.7000000000000002,4.033333333333333,4.3,3.2,1.5750000000000002,5.0,1.7,3.3,0.0,4.0,3.5666666666666664,0.0,3.3,5.0,3.9,0.0,3.75,0.0,2.9,2.9000000000000004,4.1,0.0,2.2,1.45,2.3,0.0,3.9,4.0,0.0,4.1,0.0,2.3,3.8,4.65,1.9500000000000002,3.1,4.133333333333333,2.6,3.3333333333333335,1.425,3.2,1.9,0.0,0.0,0.0,1.1,3.7,0.0,3.3,0.0,1.5499999999999998,4.2,0.0,0.0,4.4,3.1,1.7,2.5,0.0,0.0,0.0,1.4,1.2333333333333334,0.0,3.9,0.0,2.0,3.6,0.0
69247e0e44e4cccaa87c252d,0.0,2.0,1.45,4.1,0.0,1.5499999999999998,1.0666666666666667,4.45,0.0,3.733333333333334,4.1,3.35,3.35,0.0,3.6,3.8,0.0,2.15,3.5,0.0,3.2,2.733333333333333,2.8,4.566666666666666,1.6,1.6,0.0,2.125,0.0,4.8,0.0,0.0,2.8,3.3,3.2,4.666666666666667,1.5,0.0,0.0,2.6,0.0,0.0,3.75,1.0,0.0,3.9,0.0,1.6,0.0,1.0,3.0999999999999996,4.5,0.0,0.0,0.0,4.3,0.0,0.0,0.0,2.6,0.0,1.0,0.0,0.0,0.0,1.5,2.8,0.0,0.0,0.0,3.1
69247e0e44e4cccaa87c252e,2.7,1.2,0.0,3.2,4.35,0.0,1.6,4.933333333333334,2.1,4.4,4.2,3.3,3.9,3.6,3.625,4.5,3.7,3.0,0.0,0.0,3.5,2.8,0.0,3.1,1.65,1.4500000000000002,0.0,1.7,3.15,5.0,3.8,3.8,3.8,2.9,4.25,4.066666666666666,1.3599999999999999,0.0,4.7,1.875,3.8,0.0,4.1,0.0,0.0,3.6,1.8,1.7,4.8,1.05,3.5,3.8,1.8,3.0,3.4,0.0,4.566666666666666,0.0,1.3333333333333333,0.0,2.7,2.1,0.0,2.4,1.3,0.0,3.9,2.45,0.0,0.0,2.8
69247e0e44e4cccaa87c252f,3.7,1.3,1.4,3.75,4.58,2.0,1.0,4.3,1.4,0.0,2.9000000000000004,3.1,4.1,3.9,4.1,4.65,2.4,2.8000000000000003,5.0,3.8,2.4,3.6,3.65,4.4,1.0,0.0,0.0,2.3,3.566666666666667,4.066666666666666,3.1,4.0,3.1,3.0,2.8,0.0,1.7,3.5,4.4,1.7,3.8,1.8,0.0,2.0,2.0,0.0,2.2,1.3,0.0,1.0,2.5,4.5,1.4500000000000002,0.0,3.9,3.75,0.0,3.1,1.5,0.0,2.1,1.9,1.7,1.9,2.1,1.9,3.1,2.2,1.75,0.0,3.4
69247e0e44e4cccaa87c2530,3.8666666666666667,1.9000000000000001,0.0,4.133333333333334,4.8999999999999995,2.4000000000000004,1.5999999999999999,4.175,2.35,4.3,3.3,3.733333333333333,3.8,4.8,0.0,5.0,3.6,2.9,5.0,0.0,0.0,0.0,0.0,3.3,2.4,0.0,1.0,2.7,0.0,3.733333333333333,3.95,5.0,0.0,2.95,3.5999999999999996,4.3,1.3,4.1,3.5,3.0,3.3,1.3666666666666665,0.0,1.3,2.5,0.0,0.0,2.1,4.6,0.0,0.0,0.0,0.0,0.0,4.0,4.2,0.0,0.0,1.0,2.7,0.0,0.0,0.0,0.0,1.0,1.45,3.7,1.9249999999999998,0.0,0.0,3.4
69247e0e44e4cccaa87c2531,3.8,1.5,2.65,4.125,4.05,0.0,1.4,4.3,0.0,3.6,0.0,0.0,4.55,0.0,0.0,4.45,3.0,3.5,0.0,2.4,2.0,2.5,2.6,3.8,0.0,1.0,1.5,0.0,3.4,0.0,4.0,4.5,3.75,3.0,4.1,4.0,1.5,3.7,0.0,3.0,3.4,1.7,3.6,1.75,0.0,0.0,1.2999999999999998,1.0,0.0,1.55,2.1,4.0,0.0,0.0,2.5,4.45,0.0,3.6,1.1,0.0,2.4,1.0,0.0,0.0,0.0,0.0,2.8,0.0,2.2,3.8,0.0
69247e0e44e4cccaa87c2532,3.2999999999999994,2.0,2.5,3.84,0.0,1.7,0.0,4.333333333333333,0.0,3.8,2.7,0.0,3.55,3.8,4.033333333333333,4.4,3.1,3.2,3.95,2.9,2.4,3.7,3.2,3.3,1.2,1.0,1.5,0.0,3.9,4.9,4.1,3.8,0.0,3.4000000000000004,0.0,3.6,1.4,0.0,3.8,1.3,2.8,1.0,3.65,0.0,0.0,0.0,0.0,0.0,4.5,1.45,0.0,3.3,0.0,4.3,0.0,4.166666666666667,3.7,3.4,0.0,2.9,0.0,1.8,0.0,1.8,0.0,1.125,0.0,1.9500000000000002,0.0,0.0,0.0
69247e0e44e4cccaa87c2533,2.4,0.0,2.15,4.1,5.0,1.6,1.4,4.133333333333334,0.0,3.6,3.35,3.0,2.8,3.75,4.1,4.3,2.9,2.35,0.0,0.0,3.3666666666666667,3.4,0.0,4.1,1.0,1.8,1.8,0.0,0.0,0.0,4.1,4.7,3.7999999999999994,0.0,3.8,0.0,1.6333333333333335,4.0,4.15,2.1666666666666665,3.0,2.1999999999999997,3.5,2.25,0.0,0.0,0.0,1.1,3.6,1.3,3.5,4.1,1.5333333333333332,0.0,0.0,4.6,4.5,2.3,1.9,0.0,3.1500000000000004,1.45,1.4,1.4,1.95,1.25,2.9,1.0,0.0,0.0,0.0
69247e0e44e4cccaa87c2534,2.9499999999999997,1.5,0.0,4.1,5.0,1.9,0.0,3.95,2.1,3.75,2.4,4.0,3.6999999999999997,0.0,4.3,4.825,3.0,3.0,4.4,3.65,3.3,2.1,3.85,0.0,1.15,2.1,2.3,2.7,4.266666666666667,3.5,3.05,4.266666666666667,0.0,0.0,3.3,0.0,1.3,4.5,4.0,0.0,0.0,1.0,4.9,2.0,2.3666666666666667,0.0,2.0,1.0,4.2,2.4,2.1,3.6,0.0,0.0,0.0,0.0,0.0,0.0,1.0,2.5999999999999996,3.1,1.3,0.0,0.0,0.0,0.0,3.05,0.0,0.0,0.0,2.6
69247e0e44e4cccaa87c2535,3.8,1.6,1.5,4.0,0.0,3.2,1.32,4.35,2.8,3.95,0.0,0.0,0.0,4.2,4.3,5.0,3.3,2.6,5.0,0.0,3.3,2.85,0.0,4.5,0.0,0.0,1.0,0.0,3.85,4.4,4.0,4.4,0.0,0.0,3.5,4.5,1.4333333333333333,4.1,4.0,2.0,0.0,0.0,4.6,0.0,2.9,4.0,1.0,0.0,4.45,2.3,0.0,3.3,2.3666666666666667,3.7,0.0,0.0,4.6,0.0,2.0,1.95,2.75,1.8,0.0,2.0,2.0,1.8,3.1,0.0,1.4,0.0,0.0
69247e0e44e4cccaa87c2536,3.325,1.0,2.1999999999999997,4.066666666666666,5.0,1.8,1.65,4.233333333333333,1.2,3.0,3.45,4.199999999999999,4.1,3.3,0.0,4.0,3.45,3.0,4.4,2.65,2.4,2.8666666666666667,3.5,3.1999999999999997,0.0,1.5,2.15,1.8,0.0,4.6,0.0,0.0,4.4,3.1,3.0,4.3,1.6333333333333335,3.6,4.5,1.9,4.3,0.0,4.7,1.6333333333333335,0.0,4.15,1.3666666666666665,2.0,0.0,1.25,3.55,0.0,0.0,0.0,0.0,3.6,0.0,3.7,1.025,2.1,0.0,2.1,2.7,0.0,2.1,1.6,3.45,1.3,1.6,3.3,0.0
69247e0e44e4cccaa87c2537,3.02,1.0,2.3,4.25,4.3999999999999995,3.2,0.0,4.2,1.4,3.0,2.5,2.95,3.8,4.2,3.8666666666666667,3.8,3.0,2.45,0.0,2.8,3.033333333333333,2.2,0.0,3.8,0.0,1.9,2.5,0.0,4.6,0.0,3.15,4.5,3.4,3.3,3.1,4.8,1.3,2.9,3.9,0.0,3.5,0.0,3.875,1.0,2.066666666666667,4.45,0.0,1.25,5.0,2.1,0.0,0.0,1.0,3.8,3.55,0.0,0.0,0.0,1.0,3.4,2.2,0.0,2.4,1.0,1.0,1.95,3.3,1.85,0.0,3.3,3.1
69247e0e44e4cccaa87c2538,3.15,1.7,1.7,3.5,4.65,2.1,0.0,4.8,1.5,0.0,3.3,4.2,0.0,3.975,4.4,4.9,0.0,2.8,4.3,0.0,3.4,2.5666666666666664,4.05,3.8,1.6,1.5,2.6,2.3,3.8333333333333335,3.633333333333333,0.0,4.75,4.133333333333334,0.0,3.1666666666666665,0.0,1.5,0.0,3.55,0.0,4.5,0.0,4.3,2.5,0.0,3.4000000000000004,0.0,2.0,0.0,2.2,3.4,3.0,1.35,3.2,0.0,0.0,0.0,0.0,0.0,3.2,3.0,2.066666666666667,0.0,0.0,0.0,1.1,3.9,1.95,0.0,0.0,3.3
69247e0e44e4cccaa87c2539,2.966666666666667,1.825,1.2,0.0,4.55,2.8,0.0,3.466666666666667,2.7,3.75,3.25,0.0,3.9,4.166666666666667,3.05,0.0,2.8000000000000003,1.9,0.0,0.0,3.4,0.0,3.6,0.0,2.2,1.3333333333333333,2.1999999999999997,2.7,0.0,4.4,3.55,0.0,4.35,3.9,3.6,4.4,1.5,3.9,3.466666666666667,1.8,3.8499999999999996,1.7750000000000001,3.5,2.0,0.0,3.6333333333333333,1.05,0.0,0.0,1.0,4.0,3.6,2.5,3.266666666666667,2.7,0.0,3.2,3.5999999999999996,1.15,0.0,0.0,2.6,3.0,1.8,0.0,0.0,3.2,0.0,0.0,3.9,0.0
69247e0e44e4cccaa87c253a,3.2,1.0,1.2,3.9,5.0,1.7999999999999998,0.0,4.566666666666666,1.9500000000000002,4.166666666666667,2.5,3.5,3.5999999999999996,4.220000000000001,4.6,4.5,4.0,3.45,3.9,0.0,2.9,0.0,0.0,2.9,1.0,1.9,0.0,0.0,3.3,0.0,3.4499999999999997,5.0,4.2,3.4,0.0,4.366666666666667,1.64,3.35,4.7,0.0,0.0,2.3,3.6,0.0,2.3,0.0,0.0,2.3,0.0,1.1,0.0,4.0,1.0999999999999999,0.0,0.0,0.0,0.0,2.875,1.8,1.95,3.2,0.0,3.2,0.0,0.0,0.0,2.4,1.6,0.0,4.4,2.1
69247e0e44e4cccaa87c253b,2.88,1.7000000000000002,1.8,4.333333333333333,5.0,2.75,1.0,3.85,2.8,0.0,3.625,2.9,4.3,4.65,3.6999999999999997,4.733333333333333,2.3,0.0,3.5,3.9000000000000004,2.3,2.8,2.6,4.15,0.0,1.0,1.95,0.0,3.8,4.333333333333333,0.0,3.7,0.0,3.266666666666667,3.2,3.95,1.46,0.0,3.65,2.225,4.2,1.7000000000000002,3.6,1.7000000000000002,0.0,3.9333333333333336,1.0,2.1,5.0,0.0,3.0,2.6,0.0,3.0,4.1,3.75,0.0,4.0,1.3,0.0,0.0,0.0,2.9,1.9500000000000002,0.0,1.0,3.1333333333333333,1.75,0.0,4.5,3.5
69247e0e44e4cccaa87c253c,2.8,1.75,0.0,3.65,0.0,2.4250000000000003,2.1,3.4,1.3,4.7,2.6,3.1666666666666665,3.6,4.9,3.8,3.75,2.9,0.0,4.566666666666666,3.25,2.0,3.2,2.8,3.2,1.0,1.9,2.0,2.7,3.2,4.175,3.5,4.533333333333333,3.2,3.225,3.2,0.0,0.0,3.4,0.0,2.1500000000000004,0.0,1.4000000000000001,4.4,0.0,2.4,3.766666666666667,0.0,0.0,0.0,1.3,2.65,4.2,0.0,0.0,2.8,0.0,0.0,0.0,1.8,0.0,2.8,1.1,0.0,0.0,1.2,0.0,3.9,1.9,1.7,0.0,3.3000000000000003
69247e0e44e4cccaa87c253d,2.8400000000000003,1.35,2.1,3.9,4.1,2.3,2.0,3.9499999999999997,2.25,4.15,3.5,3.266666666666667,4.4,0.0,3.9333333333333336,4.6,2.7,0.0,0.0,0.0,3.6,0.0,0.0,4.6,1.6,1.35,1.3,2.1,4.7,4.75,2.9,0.0,4.6,3.1,3.8499999999999996,5.0,1.25,3.65,3.9,2.25,3.4499999999999997,1.3,4.625,1.5,0.0,0.0,0.0,1.0333333333333334,4.7,2.0,2.6,3.4285714285714284,0.0,0.0,0.0,3.9,3.3,0.0,2.1,0.0,2.3,2.4,2.0,2.1,0.0,0.0,0.0,1.8666666666666665,0.0,4.833333333333333,0.0
69247e0e44e4cccaa87c253e,3.3,1.9,2.5,4.7,4.5,2.5,1.0,3.9000000000000004,1.75,4.1,0.0,4.05,4.15,0.0,4.05,4.633333333333334,3.6,0.0,3.6,2.7,2.95,3.0,0.0,4.5,0.0,0.0,1.85,1.9000000000000001,3.5,4.35,0.0,4.7,0.0,0.0,3.1500000000000004,5.0,1.375,3.05,4.6,2.6666666666666665,4.0,0.0,4.65,2.6,3.3499999999999996,3.5,1.55,1.75,0.0,2.3,3.5,3.6,1.5,0.0,0.0,4.05,4.3,2.6500000000000004,1.55,0.0,2.2,1.9666666666666668,3.0,2.6,0.0,1.0,0.0,1.7999999999999998,0.0,3.9333333333333336,2.1
69247e0e44e4cccaa87c253f,3.05,0.0,2.175,3.8499999999999996,4.5,2.4,1.0,5.0,2.9,3.9,4.1,3.0,3.8,4.6,0.0,4.6000000000000005,2.8,0.0,4.4,0.0,2.9,0.0,2.7,0.0,0.0,1.8,0.0,2.0999999999999996,0.0,0.0,4.3,0.0,0.0,3.55,4.1,5.0,1.3199999999999998,0.0,2.9,1.85,2.8,2.2,3.5,1.4,2.9,0.0,1.0,1.0,0.0,1.3,3.0,0.0,2.5,0.0,3.4,0.0,0.0,0.0,1.7,2.8,3.5,1.35,0.0,2.2,2.0,1.65,0.0,0.0,1.0,4.9,0.0
69247e0e44e4cccaa87c2540,3.75,1.0,2.05,4.025,0.0,2.8,2.1,4.2,1.4666666666666668,0.0,3.3,0.0,0.0,4.35,3.7,0.0,2.9,0.0,4.85,4.0,3.2,3.6,0.0,3.1,1.5333333333333332,1.5,0.0,1.6,3.9499999999999997,0.0,0.0,5.0,0.0,2.8,0.0,3.7,1.0,3.1,3.7,1.4,3.9000000000000004,1.2,3.5,0.0,0.0,3.0,0.0,2.0,0.0,1.8,0.0,0.0,0.0,3.1,0.0,3.65,3.6,2.966666666666667,1.0,3.2,2.2,2.2,1.5,0.0,0.0,1.1,3.4,2.1,0.0,3.4,0.0
69247e0e44e4cccaa87c2541,2.82,0.0,1.4,4.7,3.9,1.8,1.2,3.95,0.0,4.333333333333333,2.5999999999999996,0.0,4.5,4.2,4.2,5.0,0.0,0.0,4.3,3.8,0.0,2.6,3.733333333333333,3.05,0.0,2.2,2.45,2.95,0.0,4.2,3.3,0.0,0.0,0.0,2.8,4.85,0.0,2.8,0.0,1.8,0.0,0.0,0.0,1.7,2.2,3.4,1.7,1.3,4.1,0.0,0.0,0.0,0.0,3.3,0.0,3.8499999999999996,0.0,3.3499999999999996,0.0,2.9,0.0,0.0,0.0,0.0,1.6666666666666667,0.0,0.0,2.0,1.0,0.0,3.8
69247e0e44e4cccaa87c2542,2.95,1.4,0.0,4.050000000000001,4.466666666666667,1.8,1.3666666666666665,4.8,1.4,3.3,2.5,3.45,0.0,3.96,4.1,4.8,0.0,2.6666666666666665,0.0,0.0,3.2,2.3,3.0666666666666664,3.45,1.2,1.0,1.1,2.0,0.0,4.3999999999999995,2.6,3.8,4.3,2.15,0.0,0.0,1.56,0.0,0.0,2.4,4.4,2.1500000000000004,4.1,0.0,1.8,3.9,1.2,0.0,0.0,0.0,0.0,3.9,0.0,3.3666666666666667,0.0,4.5,4.4,2.5,1.0,3.1,4.0,1.85,0.0,1.7,1.0,1.9,3.1,1.95,1.1,0.0,3.9
69247e0e44e4cccaa87c2543,3.1,0.0,2.3333333333333335,4.0,4.333333333333333,2.033333333333333,1.1199999999999999,4.95,2.1,3.1,3.55,3.5,3.3333333333333335,3.5,3.8,3.7,3.4,3.5,0.0,3.8000000000000003,2.2,3.9,4.0,3.45,2.1,1.7,0.0,3.4,3.1,4.333333333333333,0.0,0.0,0.0,3.0,2.85,4.65,1.1,3.3499999999999996,4.2,2.3000000000000003,3.633333333333333,1.2,4.8999999999999995,1.15,2.95,4.8,0.0,1.2,5.0,2.3,3.15,4.1,1.7,2.5,4.0,4.6,0.0,3.4,1.1,1.8,2.6500000000000004,1.0,1.9666666666666668,1.9,1.7,2.0,3.1,0.0,1.3,4.45,2.1
69247e0e44e4cccaa87c2544,3.4,2.0999999999999996,1.8,3.9799999999999995,4.9,2.3000000000000003,1.0,3.8,2.2,4.1,3.3499999999999996,0.0,3.4,0.0,3.8,5.0,2.9,3.1,4.15,3.2,0.0,2.475,4.2,3.05,1.3,1.35,1.85,0.0,4.25,4.3,3.6,4.275,4.0,3.4,2.966666666666667,4.2,1.58,0.0,4.3,1.1,3.1,0.0,3.1,1.8,2.1,4.2,1.35,1.6,3.95,2.2,4.1,3.55,1.6,3.5,3.65,4.6,4.9,3.05,2.2,2.4,3.466666666666667,0.0,1.8333333333333333,2.4,1.0,1.0,0.0,1.0,1.4,3.9,3.7
69247e0e44e4cccaa87c2545,3.575,1.725,1.7000000000000002,4.35,3.8,1.9,2.2,3.5,2.8,3.0999999999999996,0.0,3.4,3.5,0.0,3.95,4.35,2.3,3.45,4.5,3.0,2.4,3.3,3.266666666666667,4.5,0.0,1.1,2.2,1.7,3.1,5.0,2.85,4.5,2.7,3.9,4.1,5.0,1.5,4.4,0.0,1.9000000000000001,3.625,1.4,3.8,1.9333333333333333,0.0,4.2,2.0,0.0,5.0,1.4,0.0,3.9,2.3,3.6,0.0,0.0,4.1,2.45,1.3,2.6,0.0,1.6749999999999998,2.6666666666666665,1.7999999999999998,0.0,1.0,3.9,2.0,1.0,4.3,2.7
69247e0e44e4cccaa87c2546,3.1285714285714286,1.8666666666666665,2.6,4.14,3.8,1.6,1.42,4.1,0.0,4.4,3.033333333333333,2.4,3.6,4.7,4.333333333333333,4.9,2.8,2.6500000000000004,4.733333333333333,4.15,3.4,3.6,0.0,2.7,0.0,0.0,2.6,0.0,3.6,0.0,2.7,5.0,4.2,3.05,2.8,4.3,1.3,0.0,3.4,0.0,3.4,2.033333333333333,4.1,1.3,0.0,3.2,0.0,0.0,4.6,0.0,3.2,0.0,0.0,0.0,3.3,0.0,0.0,2.9,1.0,2.2,0.0,1.7,2.0,2.5,1.2,1.7,0.0,1.05,1.9000000000000001,4.25,2.8
69247e0e44e4cccaa87c2547,3.05,1.9,0.0,4.466666666666667,4.633333333333334,3.1500000000000004,1.85,4.65,1.4,0.0,0.0,0.0,0.0,0.0,0.0,4.9,0.0,0.0,4.1,3.65,2.7,3.2,3.7,3.9,1.0,0.0,0.0,0.0,4.1,3.6,3.0999999999999996,4.4,0.0,0.0,0.0,4.8,1.0,3.1,3.5,2.3000000000000003,4.3,0.0,4.275,0.0,1.6,0.0,1.2,1.0,0.0,0.0,0.0,4.1,0.0,0.0,4.1,4.7,4.266666666666667,0.0,0.0,3.4,3.8666666666666667,1.35,0.0,0.0,0.0,1.4,4.2,1.4,0.0,5.0,0.0
69247e0e44e4cccaa87c2548,3.7,1.6333333333333335,2.2333333333333334,3.2,4.95,1.5,0.0,4.933333333333334,2.4,3.4499999999999997,3.7,3.4,3.1,4.733333333333333,3.0,5.0,3.5,0.0,4.2,3.0,2.8,3.6,3.1,4.6,1.2,0.0,2.3,2.1,0.0,4.3,3.8499999999999996,5.0,3.0,2.9,3.5,4.566666666666666,1.5,2.85,3.25,1.8,0.0,0.0,4.45,1.5,0.0,4.1,2.1,0.0,4.333333333333333,1.25,0.0,4.4,1.7,2.55,3.9,3.5,0.0,0.0,1.0,3.25,0.0,1.0,2.3,1.5,1.0,0.0,3.7,2.6,0.0,4.0,2.95
69247e0e44e4cccaa87c2549,3.2,1.2666666666666666,1.9666666666666668,4.2,4.5,3.0,1.5499999999999998,3.6500000000000004,1.75,3.6,0.0,2.5666666666666664,3.1666666666666665,3.8,3.45,3.9,3.3,0.0,0.0,4.3,0.0,2.75,2.766666666666667,3.9,0.0,1.5999999999999999,2.033333333333333,2.733333333333333,0.0,0.0,3.3499999999999996,4.5,3.8,3.9,3.2,5.0,1.25,4.5,3.5,2.35,0.0,0.0,5.0,2.0,2.95,0.0,1.5,1.6,4.8,1.2,2.3,3.4,0.0,2.45,3.1,0.0,0.0,0.0,1.15,2.7,0.0,0.0,2.4,0.0,1.3,0.0,3.6,0.0,1.6666666666666667,0.0,0.0
69247e0e44e4cccaa87c254a,2.3,2.1,0.0,4.7,4.45,3.2,1.4500000000000002,0.0,1.9,4.6,4.1,2.7,4.6,4.166666666666667,3.5,0.0,4.1,0.0,4.6,4.2,0.0,0.0,0.0,4.25,0.0,2.0,2.7,3.25,0.0,5.0,3.5,5.0,0.0,2.1,0.0,4.4,1.0,4.3,0.0,2.0,0.0,1.05,4.4,1.5,2.7,3.5,0.0,1.0,4.55,1.15,2.6,3.15,1.0,3.3,3.5,3.6,0.0,0.0,0.0,3.5,3.5,2.6,2.95,0.0,1.2,0.0,2.9,1.85,0.0,4.0,0.0
69247e0e44e4cccaa87c254b,3.0,1.75,1.6749999999999998,3.85,0.0,1.4,1.6,4.2,0.0,4.0,3.15,3.1333333333333333,3.8,4.35,3.2,4.5,0.0,3.55,0.0,0.0,2.1,2.8,2.9000000000000004,4.05,0.0,1.1,1.6,0.0,4.3,4.633333333333334,4.3,4.4,0.0,3.5,2.95,4.3,1.0,0.0,4.0,1.5,3.0,1.8,3.6999999999999997,2.7,2.6,3.8,1.0,0.0,4.55,0.0,3.8,4.3,2.0,0.0,3.7,0.0,3.9250000000000003,0.0,1.0,2.55,3.7,1.7,2.15,1.9333333333333333,0.0,1.45,4.3,1.6,1.4,3.9,3.4
69247e0e44e4cccaa87c254c,2.6,1.78,1.7,4.033333333333333,4.3,2.7399999999999998,1.425,4.05,0.0,3.3,0.0,3.1,0.0,4.65,3.4333333333333336,5.0,3.266666666666667,3.6500000000000004,4.2,3.2,2.7,3.8000000000000003,3.9000000000000004,4.2,1.15,1.2,0.0,3.2,3.175,5.0,0.0,4.7,3.9,2.6,0.0,0.0,1.1666666666666667,3.5,0.0,1.5,2.9,2.0,3.9,2.0,3.2,0.0,0.0,0.0,0.0,2.3499999999999996,0.0,3.3499999999999996,0.0,2.8,0.0,4.3,4.0,0.0,1.3,1.9,3.4,0.0,2.1,2.7,1.0,0.0,0.0,0.0,0.0,3.9,2.2
69247e0e44e4cccaa87c254d,4.0,0.0,1.5,3.9,4.3,2.9000000000000004,1.475,3.4,2.5,2.8499999999999996,2.6,3.5999999999999996,4.0,3.3,3.766666666666666,0.0,2.4,2.0,4.45,3.15,2.533333333333333,3.7,0.0,3.4,0.0,1.3,2.2666666666666666,3.3,3.45,4.0,3.5,5.0,0.0,2.6,2.9,0.0,1.4249999999999998,4.1,3.35,0.0,3.7,0.0,0.0,0.0,1.8,4.3,1.0,2.2,0.0,2.0,0.0,3.25,1.5,0.0,3.0,5.0,0.0,0.0,0.0,2.1,2.7,0.0,1.6,0.0,0.0,1.2333333333333334,0.0,0.0,2.0,4.1,0.0
69247e0e44e4cccaa87c254e,3.1333333333333333,2.5,0.0,3.8,4.8,0.0,1.0,3.8,1.6,3.8,3.8,4.0,4.6,3.5,4.05,4.68,0.0,3.3,4.050000000000001,4.3,0.0,3.1,2.9,3.4,0.0,1.1,1.0,2.3,4.6,5.0,0.0,4.4,3.4000000000000004,2.2,3.2999999999999994,0.0,0.0,0.0,3.0,3.0,2.9,0.0,0.0,1.5,0.0,0.0,0.0,0.0,5.0,1.0,3.4,3.9,2.4,3.6,2.8,5.0,0.0,2.95,0.0,2.9,2.5,0.0,0.0,1.3,0.0,1.45,2.8,0.0,0.0,4.0,0.0
69247e0e44e4cccaa87c254f,3.5,1.3,1.45,3.9,4.1,0.0,1.65,3.4,2.1666666666666665,3.55,3.1,0.0,3.733333333333333,4.1,3.45,4.6,0.0,0.0,0.0,0.0,2.6,0.0,4.4,3.3499999999999996,0.0,0.0,2.25,2.6,3.7,3.9,3.1,4.1000000000000005,3.266666666666667,2.8499999999999996,4.0,4.2,1.15,0.0,0.0,0.0,4.3,1.7999999999999998,0.0,0.0,0.0,0.0,0.0,0.0,4.75,1.75,3.2,0.0,0.0,0.0,3.1,0.0,0.0,0.0,0.0,0.0,0.0,0.0,0.0,0.0,1.3666666666666665,1.8,0.0,0.0,0.0,0.0,0.0
69247e0e44e4cccaa87c2550,3.9,1.45,2.3,3.8499999999999996,4.6,1.75,1.0,3.55,2.3,4.220000000000001,0.0,2.625,3.6,0.0,3.8000000000000003,4.9,3.0,0.0,4.675,4.4,2.6,3.05,3.0,3.8,1.6,1.35,0.0,0.0,4.4,0.0,3.35,4.7,3.3,2.3,0.0,5.0,1.4,4.1,4.2,1.5999999999999999,3.7,1.8333333333333333,3.9,0.0,1.8,0.0,0.0,1.65,4.5,0.0,3.5,0.0,0.0,0.0,3.5,0.0,0.0,2.5,1.5,2.3,3.1,0.0,2.1666666666666665,1.9,0.0,1.65,3.1,0.0,0.0,0.0,0.0
69247e0e44e4cccaa87c2551,2.975,1.8,2.1,3.9000000000000004,4.6,2.275,1.2,4.4,1.6,3.3666666666666667,3.75,3.733333333333333,3.95,3.533333333333333,3.6999999999999997,5.0,3.233333333333333,3.0666666666666664,4.9,2.6,3.0666666666666664,3.2,3.65,3.35,1.5,1.5666666666666667,0.0,3.3,0.0,4.325,2.65,4.75,0.0,2.9000000000000004,3.9333333333333336,0.0,1.2,3.1,4.0,2.2,0.0,1.5,3.8333333333333335,2.4,2.6500000000000004,0.0,1.0,0.0,4.05,1.9,3.7,0.0,0.0,0.0,2.9,3.6,4.1,0.0,1.8,3.1,0.0,1.1,2.6,0.0,0.0,2.0,3.65,2.4,1.6,5.0,0.0
69247e0e44e4cccaa87c2552,3.1,1.9500000000000002,0.0,3.9,4.433333333333334,2.466666666666667,1.2,4.4,2.6,3.55,3.4,3.8,0.0,0.0,3.733333333333333,4.733333333333333,3.5,0.0,5.0,3.55,0.0,3.3000000000000003,3.3,4.1,1.45,1.6,2.2,2.8666666666666667,3.4,3.2,2.5,4.2,3.466666666666667,2.95,3.8,0.0,1.4666666666666668,3.0,3.3,1.7999999999999998,3.033333333333333,2.1,3.2,0.0,2.15,3.1,0.0,2.3,4.2,2.1,2.9000000000000004,2.6,0.0,2.4,0.0,4.55,4.300000000000001,0.0,1.3,3.4,0.0,1.6,0.0,1.2,1.2333333333333334,1.2,3.5,2.4,1.9,3.7,0.0
69247e0e44e4cccaa87c2553,2.9333333333333336,1.775,2.1666666666666665,5.0,4.6,2.2333333333333334,1.3666666666666665,4.2,1.7,4.35,3.6,0.0,3.966666666666667,4.5,3.1,4.8,0.0,2.1,0.0,3.5,2.7,3.4,3.1,0.0,2.05,1.7666666666666666,1.4,1.9,4.3,0.0,2.9,4.9,3.6,2.2,0.0,4.8,1.9000000000000001,0.0,4.0,1.9500000000000002,2.8,0.0,4.3,1.1,0.0,4.0,1.45,0.0,4.7,1.95,4.0,0.0,1.7000000000000002,4.0,0.0,4.5,0.0,0.0,1.8,2.45,0.0,0.0,3.2,0.0,1.5666666666666667,1.2,2.75,2.1,0.0,0.0,3.7
69247e0e44e4cccaa87c2554,3.3499999999999996,1.0,0.0,0.0,4.7,2.6,1.45,4.55,0.0,4.6,0.0,4.05,0.0,3.7,0.0,5.0,3.8,0.0,0.0,2.9,3.5,0.0,3.7,3.85,1.95,1.8666666666666665,1.75,1.7666666666666666,3.1,3.6,3.375,0.0,3.6,0.0,3.55,4.35,1.25,3.3,3.733333333333333,2.0,0.0,1.7666666666666666,3.7,1.4000000000000001,0.0,0.0,1.2,2.033333333333333,4.3,2.1333333333333333,4.05,0.0,2.6,0.0,3.9,4.45,4.066666666666666,3.5666666666666664,2.1,2.0,3.8,2.2,2.3499999999999996,2.15,0.0,2.4,3.75,0.0,0.0,4.7,3.1
69247e0e44e4cccaa87c2555,2.4000000000000004,1.7666666666666666,1.7999999999999998,3.3,0.0,1.5,1.275,4.75,2.5,4.133333333333333,2.2,3.3,3.3333333333333335,4.7,4.0,4.466666666666667,0.0,2.4,4.333333333333333,0.0,3.7,2.85,3.3499999999999996,4.3,1.0,1.0,0.0,2.5,3.2,4.1000000000000005,3.7,4.133333333333334,3.75,2.75,3.6666666666666665,5.0,1.55,3.1,0.0,0.0,0.0,1.9666666666666668,3.775,0.0,0.0,3.2,1.0,1.65,0.0,1.15,3.45,4.0,1.9,0.0,4.0,0.0,0.0,0.0,0.0,3.2,0.0,1.45,2.7,0.0,1.275,1.7,0.0,1.85,0.0,0.0,0.0
69247e0e44e4cccaa87c2556,2.82,2.4,0.0,4.2,5.0,1.9,1.55,4.333333333333333,0.0,0.0,3.5,3.9,3.3,0.0,3.4,5.0,0.0,0.0,5.0,2.4,3.8,3.133333333333333,2.6999999999999997,0.0,1.35,1.0,2.45,0.0,3.5,3.3,3.2,5.0,0.0,2.8,2.7,0.0,1.2333333333333334,4.05,4.8,2.0,0.0,1.2,0.0,0.0,2.9,0.0,0.0,0.0,5.0,0.0,3.8,0.0,1.6,0.0,0.0,0.0,0.0,0.0,1.7,0.0,0.0,1.7,2.6500000000000004,0.0,1.0,2.3,0.0,0.0,1.2,3.6333333333333333,0.0
69247e0e44e4cccaa87c2557,2.814285714285714,1.2333333333333334,2.3,4.2,4.4,1.9,0.0,4.4,1.0,4.0,2.5,3.5,3.6333333333333333,0.0,3.6999999999999997,4.5,2.8,2.65,0.0,3.0,3.3,0.0,4.4,2.8,2.3,1.2,1.7,3.4,3.625,3.8,3.55,4.4,3.8,3.85,4.2,4.3999999999999995,1.225,0.0,3.0,2.75,3.733333333333333,2.0,4.1,0.0,3.2,3.8,1.0,0.0,4.5,1.9333333333333333,3.15,3.8333333333333335,0.0,3.9,0.0,0.0,0.0,0.0,0.0,0.0,3.1,1.1,0.0,0.0,1.0,1.0,0.0,0.0,0.0,0.0,0.0
69247e0e44e4cccaa87c2558,3.28,1.6666666666666667,1.8333333333333333,5.0,4.15,1.9,1.4333333333333333,4.65,2.1,2.9,2.8,3.1,2.8,0.0,4.25,3.8,3.5,3.45,5.0,3.3,2.2,2.6,3.3333333333333335,3.3,1.6666666666666667,1.2,1.7000000000000002,2.6,4.3,4.25,3.5,4.55,0.0,2.966666666666667,0.0,3.9,1.0,2.8,4.4,1.525,0.0,1.3,3.6999999999999997,2.1,2.433333333333333,3.0,0.0,2.0,4.4,2.3,0.0,2.7,0.0,3.033333333333333,0.0,0.0,4.05,0.0,0.0,2.4,3.6,2.6,1.9,2.1,1.35,0.0,3.4000000000000004,0.0,1.0,4.15,0.0
69247e0e44e4cccaa87c2559,3.1,2.0,1.1,4.16,4.0,2.375,1.6666666666666667,4.325,1.9666666666666668,4.4,0.0,3.05,3.8,0.0,4.45,4.8999999999999995,2.6500000000000004,0.0,0.0,3.9,2.8,2.8,4.15,3.9,1.5,0.0,1.4,2.1,4.7,0.0,3.25,5.0,4.0,2.1,2.9333333333333336,4.75,1.0,4.1,3.6333333333333333,2.5,0.0,1.0,4.65,1.6,1.65,3.6,0.0,1.0,4.5,1.2,3.2,4.4,0.0,3.1,4.1000000000000005,3.7,4.8,0.0,1.2,2.675,3.7,0.0,2.066666666666667,2.5,0.0,1.7,3.8,1.8,0.0,0.0,0.0
69247e0e44e4cccaa87c255a,2.85,1.4,0.0,5.0,4.9,1.6,1.0999999999999999,4.314285714285714,2.466666666666667,0.0,2.5,3.3333333333333335,2.8,4.0,4.1,4.5,4.1,0.0,4.35,3.5,0.0,3.9,0.0,0.0,1.0,1.7333333333333334,2.1,1.9,3.25,0.0,3.3,4.050000000000001,4.3,0.0,0.0,4.1,1.8499999999999999,0.0,0.0,1.2,3.35,2.3,0.0,1.6,0.0,4.65,0.0,1.2,4.65,1.75,3.9,4.1,2.1333333333333333,3.1666666666666665,4.1,3.8499999999999996,4.25,0.0,0.0,2.4333333333333336,3.033333333333333,1.1,2.35,0.0,0.0,1.0,3.0,1.9,1.0,0.0,0.0
69247e0e44e4cccaa87c255b,3.0,1.0,1.9333333333333333,4.1,4.65,3.05,1.4333333333333336,4.3,2.7,3.3,2.7,3.1333333333333333,3.9,0.0,0.0,4.0,0.0,3.2,0.0,0.0,0.0,2.35,4.1,0.0,2.3,1.8,0.0,2.4,4.08,3.94,3.6,4.325,0.0,0.0,3.9,0.0,1.6333333333333335,4.3,4.7,2.8,3.15,2.1,4.15,1.1,2.1,3.5,2.2,1.2,5.0,0.0,3.5,3.7,0.0,3.55,3.7,4.0,3.0,2.6500000000000004,1.0,1.6,2.6,1.9,0.0,1.0,0.0,0.0,3.4,2.35,1.55,4.8,2.1
69247e0e44e4cccaa87c255c,3.2600000000000002,1.0,2.3,4.033333333333333,4.5,1.8,0.0,4.6,1.8399999999999999,3.3,0.0,2.7,3.6999999999999997,4.3,4.066666666666666,4.2,0.0,3.8,5.0,0.0,0.0,3.3,3.5,0.0,0.0,1.6,2.2,0.0,4.166666666666667,3.733333333333333,4.05,5.0,2.7,0.0,0.0,0.0,1.5999999999999999,0.0,3.6,2.34,0.0,1.0,5.0,0.0,0.0,2.8,0.0,1.0,4.45,1.4,0.0,2.8,0.0,3.2,3.5,4.2,3.3,0.0,1.0,0.0,0.0,1.0,2.4,0.0,2.1,0.0,0.0,0.0,0.0,0.0,3.3
69247e0e44e4cccaa87c255d,2.983333333333333,2.0,1.925,3.733333333333333,4.6,2.4,1.9,4.6,0.0,0.0,3.1999999999999997,2.4,0.0,4.9,4.2,4.8,3.95,0.0,4.2,3.033333333333333,2.1,2.9,4.35,0.0,0.0,1.0,0.0,3.3,3.6666666666666665,3.7,0.0,4.733333333333333,3.75,3.15,0.0,0.0,1.4,4.0,0.0,1.3,3.8,1.0,3.5,1.0,0.0,0.0,1.4,1.0,4.9,2.0,2.9,0.0,0.0,2.6,3.3,5.0,3.8,0.0,0.0,2.15,2.3,1.0,0.0,2.1500000000000004,1.3333333333333333,0.0,0.0,1.85,1.7,5.0,2.6
69247e0e44e4cccaa87c255e,3.15,0.0,2.533333333333333,3.725,5.0,2.6999999999999997,1.6333333333333335,4.225,1.5,3.6666666666666665,3.15,3.1,0.0,3.4,3.8,4.65,3.15,0.0,0.0,2.75,0.0,3.35,4.0,2.95,1.25,1.0,1.65,2.95,0.0,5.0,3.1,4.75,0.0,2.65,2.7,4.325,1.4428571428571428,0.0,3.8,2.0,3.7,1.0,3.4,2.2,3.2,2.9,0.0,1.1,0.0,2.1,3.8,2.9,0.0,4.0,2.9,4.125,4.0,3.9,1.6,2.7,0.0,1.0,1.8,0.0,0.0,1.0,2.5,1.2666666666666666,1.4,4.4,3.8
69247e0e44e4cccaa87c255f,2.5,1.0,1.72,0.0,0.0,1.8,0.0,3.9333333333333336,2.2,3.95,0.0,3.2,4.033333333333333,3.8,4.0,4.15,0.0,1.9,0.0,0.0,2.1,3.9,3.1,3.3,1.25,1.3,2.066666666666667,1.7999999999999998,3.3499999999999996,5.0,3.05,5.0,0.0,0.0,0.0,0.0,1.4333333333333333,2.8,3.8499999999999996,2.6,3.4,1.8,0.0,1.0999999999999999,2.5,4.5,1.85,0.0,4.325,0.0,2.3,3.7,0.0,0.0,0.0,0.0,4.9,2.3,0.0,2.8,0.0,0.0,1.4,2.7,0.0,1.45,2.7,0.0,0.0,3.4,3.8
69247e0e44e4cccaa87c2560,2.8000000000000003,2.05,2.1,4.0600000000000005,4.933333333333334,2.7,1.0,4.333333333333333,2.75,0.0,3.5,2.4,3.8499999999999996,4.6,3.4,4.6,0.0,2.3499999999999996,5.0,0.0,2.6666666666666665,0.0,4.5,0.0,1.9000000000000001,1.6333333333333335,0.0,1.9,0.0,3.9,0.0,4.65,3.3,0.0,3.5,4.15,1.9500000000000002,3.6500000000000004,0.0,2.15,4.3,1.0,4.4,0.0,2.4000000000000004,0.0,2.2,2.45,4.8,0.0,2.5,4.4,0.0,3.1,3.2,4.6,0.0,2.95,0.0,0.0,2.95,1.0,0.0,1.7,2.3,1.5999999999999999,2.6,1.5,2.1,4.4,0.0
69247e0e44e4cccaa87c2561,3.2,2.4,1.6333333333333335,4.9,4.3,2.9,1.7999999999999998,0.0,1.4,4.7,3.15,3.25,4.05,4.133333333333334,3.8499999999999996,0.0,2.8,3.7,4.233333333333333,3.2,2.9,3.0,0.0,4.5,1.8333333333333333,1.525,0.0,2.3,3.0,4.5,2.4,4.6,0.0,2.85,3.6500000000000004,0.0,1.6400000000000001,0.0,0.0,2.3,3.1,0.0,4.65,2.033333333333333,2.55,0.0,1.0,1.2333333333333334,4.35,0.0,3.5199999999999996,2.6,0.0,0.0,0.0,4.3,4.1000000000000005,0.0,0.0,3.1,3.35,0.0,2.4,0.0,1.0,1.3,3.4,2.7,1.4,4.9,0.0
69247e0e44e4cccaa87c2562,3.3,2.15,2.1,3.75,4.300000000000001,1.9,1.5666666666666667,0.0,0.0,0.0,3.65,2.95,4.1,4.1,3.9000000000000004,4.3,0.0,2.9,0.0,2.6,0.0,3.0999999999999996,0.0,4.3,1.0,1.6,1.3,0.0,4.4,0.0,3.266666666666667,0.0,3.5,0.0,2.5,5.0,2.2,0.0,3.5,0.0,0.0,0.0,4.3,1.75,2.6,0.0,0.0,1.1,0.0,1.9,4.1,0.0,0.0,0.0,0.0,0.0,4.4,0.0,0.0,3.4,0.0,1.9,1.4,1.25,0.0,1.6,0.0,2.0,1.1,4.7,3.8
69247e0e44e4cccaa87c2563,3.15,1.6666666666666667,2.4499999999999997,4.14,0.0,2.2,1.3333333333333333,4.65,2.0,3.8,3.3333333333333335,2.5,3.7,3.8,3.6,4.8,2.4,3.2,3.8,4.3,3.8,3.1,3.9,0.0,0.0,1.3,0.0,2.3000000000000003,3.7,3.4,3.95,3.8,0.0,2.3,2.4,4.4,1.2,3.7,3.5,2.9,3.8499999999999996,0.0,4.9,1.6666666666666667,0.0,0.0,1.8,1.4,4.4,1.4666666666666668,3.35,3.525,2.8,0.0,3.0,4.0,3.9,0.0,0.0,2.425,0.0,2.5,2.8,0.0,0.0,0.0,3.4,0.0,1.8,0.0,2.5
69247e0e44e4cccaa87c2564,2.7399999999999998,1.6,2.7,4.4,4.5,2.6,1.0,0.0,1.65,3.85,3.125,3.8,3.9,0.0,3.8,4.233333333333333,2.5,3.3,3.733333333333333,0.0,0.0,0.0,3.75,3.3,1.0,1.4,0.0,1.9,0.0,4.15,3.4,4.8,3.8,2.75,3.25,4.6,2.0999999999999996,0.0,3.6,0.0,3.8,0.0,4.133333333333333,2.8,2.5,0.0,1.4333333333333336,2.1,0.0,1.0,3.6333333333333333,3.8,1.5,3.15,0.0,3.7,3.9,0.0,1.0,2.5,0.0,1.8666666666666665,0.0,0.0,1.0,1.55,0.0,1.1,2.1,5.0,2.55
69247e0e44e4cccaa87c2565,2.6,1.4500000000000002,1.0,0.0,4.4,2.9,1.5,4.5,0.0,0.0,0.0,2.7,3.0,0.0,4.7,0.0,0.0,2.5,0.0,3.9,0.0,3.466666666666667,0.0,3.95,0.0,0.0,2.1333333333333333,0.0,0.0,0.0,3.4,4.6,0.0,2.4,3.6999999999999997,0.0,1.5333333333333332,3.35,3.4,0.0,3.3666666666666667,1.45,3.95,0.0,3.0,0.0,0.0,1.0,0.0,2.45,2.4,0.0,2.2,3.05,2.7,0.0,4.3,0.0,1.8,0.0,0.0,0.0,2.1,0.0,1.7,1.0,2.95,1.4333333333333333,1.7,0.0,2.6
69247e0e44e4cccaa87c2566,2.7,0.0,0.0,3.8333333333333335,3.933333333333333,2.6,2.0,0.0,1.2,4.2,4.0,4.3,0.0,4.133333333333334,3.6,0.0,0.0,2.55,4.0,0.0,0.0,0.0,4.4,0.0,1.7,2.05,0.0,1.5,0.0,4.3,3.8,5.0,3.466666666666667,3.2,0.0,5.0,1.2666666666666666,0.0,4.2,1.7333333333333334,0.0,1.0,3.95,1.75,2.55,0.0,0.0,1.1,4.2,1.0,3.533333333333333,0.0,1.2,0.0,0.0,0.0,4.5,3.7,0.0,3.0,3.15,2.1,0.0,2.5,1.8333333333333333,0.0,3.9,0.0,0.0,0.0,0.0
69247e0e44e4cccaa87c2567,3.5,2.2,2.1,3.95,4.9,2.0,1.0,4.15,1.4,4.15,2.7,2.5,3.8,4.366666666666667,3.15,4.666666666666667,3.5,3.6,4.15,3.8,3.3499999999999996,3.0,3.1500000000000004,3.4,1.2333333333333334,1.4333333333333333,1.1,3.2,0.0,0.0,3.9,5.0,3.7,3.6,3.533333333333333,5.0,1.6,3.5200000000000005,2.8,2.0,2.8,0.0,3.6,1.0999999999999999,0.0,0.0,1.8,1.0,4.4,2.4,0.0,3.7,2.5,0.0,3.9,0.0,3.4,0.0,1.0,3.3,3.8,0.0,0.0,0.0,1.2666666666666666,0.0,4.0,1.2,0.0,4.2,0.0
69247e0e44e4cccaa87c2568,3.3166666666666664,1.6,2.1,4.16,4.525,1.8,0.0,4.3,2.05,3.5,2.3,3.1,3.9,3.2,0.0,4.65,3.7,2.575,4.2,2.7,1.9,4.0,0.0,2.9,2.4,1.6,0.0,1.9,3.8,4.5,0.0,5.0,3.9,3.7,3.5,5.0,1.0,3.8,3.6,1.9500000000000002,4.1,1.4,3.3,0.0,3.3,3.9,0.0,1.7000000000000002,3.8,0.0,3.9,3.1,0.0,3.6,2.7,4.2,0.0,2.5,1.6666666666666667,3.5,3.5,0.0,2.05,0.0,1.8,0.0,0.0,0.0,0.0,0.0,3.2
69247e0e44e4cccaa87c2569,3.15,2.1999999999999997,1.8,4.266666666666667,4.4,0.0,0.0,3.9333333333333336,2.35,0.0,3.7,3.025,3.8,4.833333333333333,0.0,4.65,3.05,0.0,4.6,3.0,2.8,2.35,3.95,4.3,1.1,1.0,0.0,3.1,3.7,4.3999999999999995,3.6571428571428575,4.75,3.35,3.1999999999999997,3.95,4.85,1.7,0.0,3.5,2.1,0.0,1.0,3.925,1.2,2.4,3.2,1.0,0.0,0.0,1.5333333333333332,2.2,0.0,0.0,3.0,0.0,4.1,0.0,0.0,0.0,0.0,3.6,1.0,0.0,2.6,0.0,1.0,0.0,0.0,0.0,3.4,3.9
69247e0e44e4cccaa87c256a,2.8000000000000003,2.15,1.6,0.0,4.833333333333333,2.55,1.0,4.65,0.0,0.0,0.0,3.2,3.9,3.5333333333333337,4.5,4.2,0.0,0.0,4.0,4.0,0.0,3.2,4.0,0.0,0.0,0.0,1.8,2.3,0.0,0.0,2.7,4.85,0.0,0.0,2.8,4.5,2.3,3.5,3.6,1.5,0.0,0.0,4.166666666666667,1.3,0.0,3.2,1.0,1.9,0.0,1.0,3.7,3.6,2.9,2.3,2.95,0.0,4.2,2.733333333333333,2.0,2.9,0.0,1.7,1.6,1.2,0.0,1.0999999999999999,0.0,1.7,1.0,4.0,3.8
69247e0e44e4cccaa87c256b,3.5,1.2000000000000002,1.2,3.3,4.35,1.4,1.0,4.6,1.8,3.2,0.0,3.1,3.6999999999999997,3.4,3.1,5.0,0.0,0.0,4.05,0.0,3.466666666666667,0.0,0.0,4.0,0.0,1.55,2.0,3.3,3.5,5.0,3.35,4.333333333333333,4.0,3.675,4.2,4.2,1.35,0.0,3.1,2.3333333333333335,3.7,0.0,3.95,2.5,0.0,4.3,0.0,0.0,4.5,0.0,2.966666666666667,0.0,0.0,2.6500000000000004,2.9,5.0,0.0,0.0,1.0,0.0,0.0,0.0,0.0,1.0,0.0,0.0,0.0,0.0,1.0,0.0,0.0
69247e0e44e4cccaa87c256c,3.3,1.2,1.7,4.95,4.525,2.466666666666667,1.55,5.0,1.3,3.9,2.4,3.9,3.9000000000000004,3.4,3.4,0.0,4.2,3.275,0.0,0.0,3.2,3.4,3.4000000000000004,3.9333333333333336,0.0,2.3,1.5999999999999999,2.8,3.5,3.7,0.0,0.0,4.3999999999999995,3.9,4.3,0.0,1.4,0.0,4.300000000000001,2.3,3.4333333333333336,0.0,4.3,1.7666666666666666,0.0,4.1,1.6,2.2,0.0,1.9,0.0,3.1,0.0,0.0,2.5,0.0,3.2,0.0,1.0,0.0,2.9,0.0,2.6,0.0,1.0,1.0,4.1,1.2,0.0,3.4,0.0
69247e0e44e4cccaa87c256d,2.6999999999999997,1.2,1.8,4.366666666666666,4.4,2.32,1.675,4.0,2.6,3.9,2.3,2.975,4.0,4.7,0.0,3.8,0.0,0.0,4.25,0.0,0.0,0.0,3.9,3.9,1.2,1.35,0.0,2.25,0.0,4.5,2.7,5.0,0.0,0.0,3.1500000000000004,4.75,1.4,3.9,0.0,1.9,0.0,2.25,4.35,2.1,2.45,0.0,2.2,0.0,0.0,0.0,4.0,0.0,0.0,3.1,0.0,0.0,3.1,0.0,1.0,0.0,0.0,1.0,0.0,0.0,1.4,1.9,0.0,2.075,1.0,0.0,0.0
69247e0e44e4cccaa87c256e,3.9,0.0,2.3,4.375,4.95,2.95,1.1,4.5,2.2,0.0,3.15,2.7,0.0,4.65,3.9749999999999996,4.716666666666667,2.6,2.9,0.0,0.0,3.1,3.3,3.5,0.0,1.0,0.0,1.6666666666666667,3.3,4.2,4.333333333333333,3.9,4.1,3.65,3.2,3.6,4.3,1.9,3.8499999999999996,3.0,0.0,0.0,1.0,0.0,2.1,0.0,0.0,2.1,0.0,0.0,1.4,0.0,2.7,1.2,0.0,4.3,4.4,0.0,2.5,2.1,0.0,0.0,0.0,0.0,0.0,1.65,0.0,0.0,1.5,0.0,0.0,0.0
69247e0e44e4cccaa87c256f,3.05,1.3,1.4,4.7,4.199999999999999,2.5,0.0,3.966666666666667,1.3,3.8333333333333335,3.0,3.175,3.6666666666666665,4.066666666666666,4.1,4.8,0.0,2.2,4.8,3.275,2.2,3.0,3.1500000000000004,4.5,1.5666666666666664,1.8,1.9,2.0,3.7,0.0,3.45,5.0,3.5,3.2,3.3,4.85,1.44,3.8,3.0,1.2,3.5,0.0,4.0,0.0,3.2,0.0,1.6,1.4,0.0,0.0,3.9499999999999997,3.5,0.0,3.4,0.0,4.2,4.1,3.3,0.0,0.0,3.1,1.0,3.2,0.0,0.0,1.2,4.1,2.0,1.3,0.0,0.0
69247e0e44e4cccaa87c2570,3.0142857142857147,1.9,0.0,0.0,4.8,2.4333333333333336,1.3,3.8499999999999996,2.1333333333333333,3.9,3.15,3.9,3.6,0.0,3.5,0.0,0.0,2.1,0.0,3.6666666666666665,0.0,3.15,3.3,3.6,1.1,0.0,2.6,2.25,4.2,0.0,3.3,4.8999999999999995,0.0,3.25,0.0,5.0,2.15,4.1,3.9,1.2,3.6500000000000004,1.0,4.6,1.8,0.0,4.15,1.0,1.0,0.0,1.0,0.0,0.0,0.0,0.0,2.7,0.0,3.6999999999999997,3.9,0.0,0.0,2.4,1.7,1.6,0.0,0.0,0.0,2.4,1.375,0.0,4.8,3.6
69247e0e44e4cccaa87c2571,3.15,2.4,2.4,4.5,4.15,0.0,2.05,4.08,1.8333333333333333,0.0,2.6,0.0,0.0,4.1,3.9,0.0,3.3666666666666667,0.0,5.0,2.4,0.0,0.0,3.2,3.8,0.0,0.0,0.0,0.0,4.5,3.966666666666667,0.0,0.0,0.0,2.9,0.0,3.7,1.4666666666666668,3.8666666666666667,3.533333333333333,2.5999999999999996,4.3,1.5999999999999999,4.7,1.4,0.0,4.1,1.55,1.25,5.0,0.0,3.5,3.5,0.0,0.0,3.05,0.0,0.0,2.7,0.0,0.0,0.0,0.0,1.4,2.55,0.0,0.0,2.9,1.8,0.0,5.0,0.0
69247e0e44e4cccaa87c2572,3.233333333333333,2.0,0.0,4.033333333333333,4.4,2.4333333333333336,1.0,3.95,0.0,0.0,3.0,3.3,3.8,3.9666666666666663,3.6,4.35,2.9,2.85,0.0,0.0,0.0,2.2,3.35,4.0,0.0,1.0,1.4333333333333333,0.0,3.3,5.0,2.7,4.5,4.2,2.4,3.1999999999999997,4.8,1.6,4.05,3.1,0.0,0.0,1.8,0.0,0.0,0.0,4.4,1.0,1.6666666666666667,5.0,1.575,2.3,3.5999999999999996,2.1,0.0,0.0,4.4,4.1,0.0,2.0,2.8666666666666667,2.8,0.0,2.4,0.0,1.4,2.1,4.1,0.0,0.0,4.8,3.5
69247e0e44e4cccaa87c2573,3.25,1.6666666666666667,2.3666666666666667,4.5,4.2,2.0,1.4000000000000001,4.7,0.0,3.4,3.5,3.55,3.5999999999999996,0.0,4.2,4.7,3.55,3.25,3.5,3.6999999999999997,3.7,2.7,0.0,3.55,2.0999999999999996,1.7,1.8,0.0,0.0,4.575,0.0,5.0,3.3499999999999996,2.2,3.2,4.2,1.4,3.3666666666666667,3.6,0.0,0.0,0.0,4.550000000000001,0.0,0.0,4.4,0.0,1.55,5.0,1.0999999999999999,3.8,3.35,1.6,4.2,0.0,0.0,0.0,2.35,0.0,0.0,0.0,1.15,0.0,1.2,1.5,1.2,3.775,0.0,0.0,0.0,3.6
69247e0e44e4cccaa87c2574,3.9,0.0,1.8,4.266666666666667,0.0,1.9,0.0,4.85,0.0,3.1,2.75,2.7,3.1,3.3,0.0,4.1,3.8,2.8333333333333335,0.0,0.0,0.0,3.2,2.7,4.0,1.0,1.6800000000000002,0.0,0.0,0.0,0.0,2.7,5.0,0.0,3.1399999999999997,2.6,4.1,0.0,2.6,4.133333333333334,2.6,4.6,1.2000000000000002,3.3,1.7,2.95,0.0,0.0,1.7,4.55,1.5499999999999998,3.9,3.35,0.0,0.0,3.2,5.0,3.45,3.0666666666666664,1.25,2.8,0.0,0.0,2.1,0.0,1.7333333333333332,2.0,3.0,1.0,0.0,4.8,0.0
69247e0e44e4cccaa87c2575,3.06,1.5,2.95,3.9625,4.5,2.1,1.0,4.3,2.9,3.9000000000000004,3.1,3.2,3.8000000000000003,4.3,4.34,4.6,0.0,3.1,0.0,3.2,3.233333333333333,3.7,2.5,3.2,1.0,1.3666666666666665,2.05,2.3000000000000003,3.55,4.8,3.9,4.2,4.4,0.0,4.2,3.8,1.2,4.15,3.45,2.7,3.3,1.5,3.35,1.4500000000000002,3.25,3.6,1.7,0.0,0.0,0.0,3.4,3.4,1.0,0.0,0.0,0.0,0.0,0.0,1.3666666666666665,0.0,3.2,0.0,0.0,1.875,1.6,1.0,3.05,1.4,1.25,0.0,0.0
69247e0e44e4cccaa87c2576,3.5,0.0,2.2,3.4,4.0,0.0,0.0,5.0,1.8,3.3,3.4,4.1,0.0,4.4,3.35,0.0,0.0,2.0,0.0,3.766666666666667,0.0,0.0,3.9,3.6,0.0,0.0,2.2,0.0,4.4,3.966666666666667,3.7,4.65,3.3,0.0,3.1,4.8,1.7,2.5,0.0,2.55,3.7,1.4,4.5,1.6,0.0,4.4,0.0,1.0,0.0,0.0,3.0,3.8,1.4500000000000002,0.0,3.7,0.0,3.7,3.05,1.2,3.2,3.0999999999999996,1.8,0.0,0.0,1.3,0.0,3.0,2.7,1.9,5.0,0.0
69247e0e44e4cccaa87c2577,3.6,1.15,2.1666666666666665,4.166666666666667,4.2,2.8,0.0,0.0,1.4,3.7399999999999998,0.0,3.8,0.0,4.7,3.05,0.0,3.3499999999999996,2.966666666666667,5.0,0.0,2.375,3.1,3.266666666666667,4.3,1.0,0.0,1.5,2.9,0.0,4.1,2.9,4.825,3.85,0.0,3.4,4.6,1.65,3.3,3.9,2.15,0.0,1.5,4.7,0.0,2.9,4.3,1.45,2.3,0.0,0.0,2.3,0.0,0.0,4.1,0.0,0.0,0.0,3.0,0.0,0.0,0.0,1.0,0.0,0.0,0.0,1.0,4.0,1.5,1.4,3.3,0.0
69247e0e44e4cccaa87c2578,3.35,2.5,2.35,4.1000000000000005,4.7,1.8666666666666665,1.7,4.366666666666666,2.3,4.5,0.0,3.0,3.4,0.0,0.0,4.75,0.0,0.0,5.0,3.1,2.5,3.05,0.0,0.0,0.0,1.25,2.15,1.8,3.9,4.5,3.4,5.0,3.0,3.55,0.0,5.0,1.8666666666666665,3.8,3.9,2.033333333333333,3.9,1.9,4.1,2.6,0.0,4.2,0.0,1.3,3.8,1.9,3.025,2.8,0.0,0.0,0.0,4.0,4.033333333333334,2.3,1.4,0.0,3.0,1.1,3.2,2.1,0.0,1.8,3.5,2.35,2.3,0.0,0.0
69247e0e44e4cccaa87c2579,3.1166666666666667,1.3,2.3666666666666667,3.65,5.0,2.3,1.1,0.0,2.6,3.9,3.7,3.35,0.0,4.8,4.1,5.0,2.966666666666667,0.0,4.3,3.4000000000000004,0.0,3.1,0.0,3.9,1.7,0.0,2.45,3.1666666666666665,4.1,4.2,2.5,0.0,0.0,2.7,3.2,0.0,1.1333333333333333,2.6,3.9,1.5,0.0,1.1666666666666667,4.7,0.0,2.35,0.0,1.1,2.3,4.7,0.0,2.7,3.2,0.0,0.0,0.0,3.5,4.2,4.1,1.6,2.1666666666666665,0.0,1.9666666666666668,3.25,1.7,1.7666666666666666,1.1,3.25,1.4,1.0,0.0,0.0
69247e0e44e4cccaa87c257a,2.8000000000000003,2.1,0.0,0.0,4.475,2.5,1.0,4.3,0.0,0.0,2.9000000000000004,0.0,0.0,4.3,3.1,5.0,0.0,3.4,0.0,0.0,0.0,3.3,3.6,3.8,1.0,1.9,1.3,1.75,0.0,3.7,3.1333333333333333,4.8999999999999995,0.0,2.9,0.0,4.0,2.0999999999999996,0.0,4.55,2.6333333333333333,3.8,2.1,0.0,1.9,2.5,0.0,1.2,0.0,4.85,1.0,0.0,3.9,2.6,0.0,0.0,0.0,0.0,3.4,1.4,2.733333333333333,3.2,0.0,0.0,0.0,1.2,1.2,2.4,0.0,1.3,3.9,3.05
69247e0e44e4cccaa87c257b,2.6,1.7,1.9,4.75,4.7,2.8,1.7999999999999998,4.133333333333334,1.6,4.5,3.5,3.28,3.8,0.0,0.0,5.0,3.6,3.2,0.0,0.0,0.0,3.0,3.9,3.75,1.3,1.45,1.4,0.0,3.7,4.4,3.95,4.65,4.6,3.4,0.0,4.3,1.5,3.3,0.0,1.75,4.5,1.0,4.4,0.0,2.2,4.8,0.0,0.0,0.0,0.0,2.6666666666666665,0.0,0.0,3.3,3.7,4.4,3.6500000000000004,0.0,2.0,3.0,0.0,1.55,0.0,0.0,1.1,0.0,0.0,1.0,0.0,0.0,0.0
69247e0e44e4cccaa87c257c,4.0,1.2,2.7,3.7,5.0,0.0,1.0,4.5,0.0,0.0,2.3,4.2,3.725,4.7,2.8,0.0,0.0,0.0,4.3999999999999995,2.4,3.0,3.8,3.65,3.533333333333333,1.5,1.1,1.0,3.0,3.775,4.05,3.95,4.8,0.0,2.5,0.0,5.0,1.0,0.0,3.9000000000000004,1.9,0.0,1.4333333333333336,0.0,2.1,0.0,0.0,1.6,0.0,0.0,1.05,0.0,4.0,0.0,4.1,4.3,0.0,0.0,3.2,0.0,0.0,2.0,1.5,3.0,1.9,0.0,0.0,2.7,1.6,0.0,0.0,3.4
69247e0e44e4cccaa87c257d,2.85,1.875,2.3600000000000003,4.25,4.133333333333333,0.0,2.2,4.3,1.85,3.7999999999999994,3.3,3.2600000000000002,3.533333333333333,3.9,4.2,5.0,2.3,2.1,0.0,3.2,2.733333333333333,0.0,3.1,0.0,1.3,1.0,1.9000000000000001,2.7,4.5,0.0,3.4333333333333336,5.0,3.45,3.2,3.2,4.35,1.4,2.7,0.0,2.95,3.7,0.0,4.0,2.25,2.1500000000000004,0.0,1.4,1.4,4.066666666666666,1.0,3.233333333333333,4.2,0.0,0.0,0.0,4.1000000000000005,3.6,4.1,1.35,0.0,2.7,0.0,2.6,2.15,0.0,0.0,3.1,0.0,0.0,4.8,3.15
69247e0e44e4cccaa87c257e,2.9,0.0,0.0,4.25,4.6,2.55,1.28,4.25,1.75,3.65,2.966666666666667,2.9,3.5,0.0,4.0,3.8,0.0,0.0,3.9,0.0,3.5,3.0,3.7,0.0,1.5,1.0,1.85,1.6,0.0,4.475,2.9,4.2,3.8499999999999996,3.4333333333333336,3.8000000000000003,0.0,0.0,4.2,4.3,0.0,0.0,1.55,3.7,1.7,3.1,3.7,0.0,1.0,0.0,0.0,2.3,4.4,1.75,2.8,0.0,0.0,4.050000000000001,3.4,1.0,0.0,3.5,0.0,0.0,1.0,1.5,1.0,0.0,1.0,1.3,0.0,3.6
69247e0e44e4cccaa87c257f,2.95,0.0,0.0,3.3499999999999996,4.25,2.466666666666667,0.0,4.0,2.7,4.6,0.0,4.2,4.04,3.4,0.0,4.5,0.0,0.0,3.5,3.5,0.0,3.2,3.2,3.5,1.4333333333333333,1.5999999999999999,0.0,2.0,3.45,4.0,0.0,0.0,3.5,3.2,0.0,4.35,0.0,3.15,3.675,2.7,3.5,1.4,4.5,1.3,0.0,4.1,1.3666666666666665,1.75,0.0,1.2,0.0,0.0,0.0,0.0,0.0,4.65,3.8,0.0,1.2,3.0,2.4,1.2999999999999998,2.1,2.3,1.7,0.0,3.4333333333333336,1.15,0.0,0.0,0.0
69247e0e44e4cccaa87c2580,2.775,1.45,0.0,4.25,4.55,2.45,1.0,4.8,2.05,3.35,3.4,4.3,0.0,4.35,3.9,4.3,2.7,0.0,4.133333333333334,4.1,3.3,3.35,3.9499999999999997,2.8,1.0,1.3,2.3,0.0,4.4,4.6,3.75,0.0,3.4000000000000004,3.4,0.0,5.0,1.4500000000000002,2.95,4.0,2.6,0.0,2.1500000000000004,5.0,0.0,2.3666666666666667,0.0,1.0,1.0,0.0,1.6,0.0,3.05,0.0,2.8,0.0,3.3,0.0,0.0,0.0,2.1,2.2,1.6,0.0,1.4,1.0,0.0,3.15,2.4,0.0,4.300000000000001,0.0
69247e0e44e4cccaa87c2581,3.45,1.45,1.8,3.8,4.15,2.35,1.6,4.1,0.0,0.0,3.5,4.05,3.2,4.15,0.0,4.75,4.0,2.4,0.0,3.55,3.1333333333333333,2.1,2.6,3.4,1.0,1.85,1.0,2.8499999999999996,4.35,5.0,2.55,4.9,0.0,2.3,4.2,4.4,1.2833333333333334,3.7,3.2,1.3,3.5,1.0,0.0,2.1,0.0,4.2,1.05,2.3499999999999996,4.8,1.4,2.4,3.0,0.0,2.6,3.9,3.2,0.0,3.2,1.0,2.4333333333333336,0.0,0.0,2.9,0.0,0.0,1.0,2.85,0.0,0.0,0.0,0.0
69247e0e44e4cccaa87c2582,3.8,1.9,2.0,3.75,0.0,1.9,1.4,4.5,0.0,0.0,0.0,4.066666666666666,4.16,3.8333333333333335,3.0999999999999996,4.8,2.8,3.35,4.3999999999999995,3.1,0.0,3.033333333333333,4.1,3.6,0.0,1.0,1.8,1.7,3.5,0.0,3.233333333333333,3.75,0.0,3.0,2.9,4.4,1.3666666666666665,3.0666666666666664,3.4,0.0,0.0,1.5,3.7,1.7,0.0,4.0,1.2,1.5,0.0,1.6666666666666667,0.0,3.5,0.0,0.0,4.25,3.2,4.4,2.95,0.0,0.0,3.6333333333333333,2.4,1.5,1.6,0.0,2.1,0.0,2.5,0.0,0.0,0.0
69247e0e44e4cccaa87c2583,3.2600000000000002,1.4,2.25,4.3,4.45,2.8,1.575,4.9,1.6,3.3,0.0,0.0,3.7,4.3,2.9,4.7,0.0,3.6,5.0,0.0,3.5,0.0,3.7,3.8,1.0,1.5,2.1,2.4,3.266666666666667,0.0,2.6,4.0,0.0,0.0,4.1,5.0,1.8,3.9,3.9,2.8,2.7,0.0,4.55,2.4,2.7,4.25,2.1,1.0,0.0,0.0,2.8499999999999996,4.5,1.3,2.7,2.6,4.4,4.666666666666667,3.0,0.0,2.6,2.6,1.5,1.5,0.0,0.0,2.4,0.0,1.3,2.3,0.0,3.9
69247e0e44e4cccaa87c2584,3.15,1.3,0.0,4.1,5.0,2.075,1.22,4.433333333333334,2.3499999999999996,0.0,0.0,3.8,3.5,0.0,0.0,4.35,3.8,2.1500000000000004,0.0,0.0,0.0,2.25,0.0,0.0,0.0,1.0,1.9000000000000001,1.6,3.8499999999999996,0.0,0.0,3.7,3.1,2.6,0.0,5.0,1.7333333333333334,2.9,3.9000000000000004,1.9000000000000001,4.3,1.95,3.6,1.5,0.0,4.3,0.0,2.1,3.9,2.5,0.0,3.0,2.2,0.0,4.4,3.95,0.0,3.2,2.1,3.5,0.0,0.0,2.2,2.6,1.0,1.0,3.5799999999999996,1.3333333333333333,1.6,5.0,2.2
69247e0e44e4cccaa87c2585,2.8,1.35,1.4,3.775,4.45,2.3000000000000003,1.0,4.550000000000001,2.4,4.1,2.9,3.4333333333333336,3.3,3.6,0.0,4.15,3.75,0.0,4.8,2.7,3.1500000000000004,3.6,2.7,3.75,1.75,1.2666666666666666,2.4,2.1,0.0,4.225,4.3,4.6,3.85,3.7,3.6333333333333333,0.0,1.6333333333333335,3.6,3.9000000000000004,2.1,3.2,0.0,4.2,2.1,3.5,4.0,1.2,1.75,0.0,0.0,2.55,3.3000000000000003,0.0,3.2,0.0,3.7,3.9,0.0,1.0,3.1,0.0,1.85,0.0,1.0,0.0,1.7333333333333332,0.0,1.0,1.0,0.0,0.0
69247e0e44e4cccaa87c2586,2.3333333333333335,2.1333333333333333,2.55,3.966666666666667,5.0,2.6,1.0,4.675,0.0,3.5,2.8,3.05,3.25,0.0,3.65,4.475,0.0,3.9,0.0,3.1999999999999997,2.8,2.3,4.2,4.6,1.2,1.1,0.0,1.8,3.8,4.366666666666667,3.6,5.0,3.3499999999999996,2.95,0.0,4.066666666666666,1.525,3.3,3.1,0.0,0.0,0.0,3.6,1.6,0.0,0.0,0.0,1.3,5.0,2.1,0.0,3.75,1.2,0.0,3.7,3.3499999999999996,0.0,0.0,1.9,0.0,3.7,1.9,2.4,0.0,1.15,1.0,0.0,1.65,1.2,0.0,0.0
69247e0e44e4cccaa87c2587,2.725,1.7,1.75,0.0,4.8999999999999995,1.3,1.5,4.533333333333333,2.05,2.9,3.3,0.0,0.0,4.35,3.5,4.3,0.0,3.8,3.5,3.5,0.0,2.8000000000000003,3.6,3.625,0.0,1.325,1.2,1.75,0.0,4.833333333333333,3.1,5.0,3.8,0.0,3.15,0.0,1.05,3.6,3.2,1.6,0.0,1.3,4.6,1.9,1.9,3.0,0.0,1.5666666666666667,5.0,0.0,2.8,3.5,2.7,4.1,4.1,0.0,0.0,0.0,1.45,0.0,0.0,1.5,0.0,2.2,1.15,0.0,2.85,0.0,0.0,0.0,0.0
69247e0e44e4cccaa87c2588,3.15,1.75,0.0,3.8,4.825,2.475,0.0,4.7,0.0,0.0,3.8,3.4000000000000004,3.1,0.0,4.225,0.0,0.0,2.8,0.0,2.9,3.5,0.0,0.0,3.4333333333333336,0.0,1.0,1.0,2.9,2.7,0.0,4.25,0.0,2.7,0.0,3.3333333333333335,3.8,1.5,4.4,0.0,2.35,0.0,1.0,0.0,1.9500000000000002,2.25,3.3,1.4500000000000002,1.6333333333333335,4.8,0.0,3.9,4.5,2.1,3.6,3.7,4.333333333333333,4.025,3.4,1.0,3.5,3.8,1.5,2.8,0.0,0.0,2.2,3.533333333333333,1.1,1.2,0.0,2.8
69247e0e44e4cccaa87c2589,2.9,2.3,1.7000000000000002,0.0,5.0,2.5,1.0,0.0,0.0,3.9,2.7,3.3,2.8,3.55,0.0,4.2,0.0,3.4,0.0,3.7,2.5,2.8,0.0,0.0,1.4,1.6,0.0,2.8,0.0,4.9,4.0,0.0,0.0,0.0,0.0,0.0,1.325,3.8,0.0,2.8,3.5,1.0,0.0,2.6,0.0,3.5,1.5,1.1,0.0,2.4,0.0,0.0,0.0,3.05,0.0,0.0,0.0,3.4,0.0,2.9,2.8,1.6,3.3,0.0,1.5,0.0,0.0,1.0,2.2,4.5,0.0
69247e0e44e4cccaa87c258a,3.3666666666666667,1.2,1.65,4.8,5.0,2.6,0.0,4.15,0.0,4.25,3.4,0.0,2.85,3.75,3.9333333333333336,4.9,0.0,2.85,0.0,3.6999999999999997,3.0,2.7,3.8,3.325,1.0,0.0,0.0,2.35,3.0,0.0,3.1,0.0,3.8666666666666667,0.0,3.3000000000000003,4.3,1.25,0.0,3.7,2.3,3.9,2.0,0.0,2.2,2.3,4.0,1.5666666666666667,0.0,4.433333333333334,0.0,3.1333333333333333,4.1,0.0,0.0,0.0,4.9,0.0,2.9000000000000004,1.0,2.2,0.0,2.6,0.0,0.0,1.5,1.15,0.0,0.0,1.2,0.0,0.0
69247e0e44e4cccaa87c258b,3.1333333333333333,1.0,1.85,4.533333333333333,5.0,1.8,1.0,4.8999999999999995,2.3,3.7,0.0,0.0,3.5999999999999996,4.233333333333333,3.3,4.95,0.0,3.7,5.0,3.033333333333333,3.4,3.25,3.4,3.05,1.0,1.0,1.4333333333333336,3.15,4.3,3.4000000000000004,2.9,4.3,3.55,0.0,3.95,4.45,1.45,3.5,4.0,2.9,3.9,1.5,0.0,2.2,2.6,0.0,0.0,2.45,5.0,0.0,0.0,3.0,0.0,3.15,2.6,4.5,4.4,0.0,0.0,1.9,2.55,2.2,2.1,0.0,0.0,0.0,3.1,0.0,0.0,3.75,0.0
69247e0e44e4cccaa87c258c,2.3,0.0,2.44,4.266666666666667,4.7,2.425,1.7666666666666668,0.0,2.1333333333333333,3.8,2.9,2.975,2.9,4.5,0.0,4.3999999999999995,2.9,2.6,0.0,3.8499999999999996,3.05,3.2,0.0,3.7,2.3,1.0,1.1,1.7,3.7,4.5,2.5,0.0,0.0,2.55,3.4,4.4,1.575,3.9,4.6,2.4,3.45,1.4666666666666668,4.0,2.0,2.7399999999999998,4.6,1.2,0.0,4.7,2.5,3.15,3.0,0.0,3.8499999999999996,0.0,3.4,0.0,0.0,1.5499999999999998,2.1,2.9,2.7,2.4,0.0,1.2,0.0,3.5,1.2,0.0,5.0,0.0
69247e0e44e4cccaa87c258d,3.5,1.25,1.1,3.9,0.0,0.0,2.0,0.0,2.0500000000000003,0.0,2.9,3.4,3.6,3.6,3.5666666666666664,5.0,3.3,3.0,5.0,3.3,2.8000000000000003,3.6,3.3,4.5,1.55,1.45,1.6,2.1,0.0,0.0,0.0,0.0,3.2,0.0,0.0,3.9499999999999997,1.45,0.0,0.0,2.3,4.366666666666666,2.0,4.9,1.6,0.0,0.0,1.0,1.3,4.1,1.0,2.8,3.9000000000000004,0.0,3.55,0.0,0.0,4.2,0.0,1.3,1.8666666666666665,0.0,2.3,2.2,2.6,1.0,1.5,0.0,2.1,2.0,4.0,2.7
69247e0e44e4cccaa87c258e,3.033333333333333,1.25,2.6,3.675,4.5,0.0,1.5,3.5,2.05,3.9,3.15,3.5,3.566666666666667,0.0,3.9666666666666663,4.875,2.9,0.0,4.6000000000000005,3.925,3.3,3.9,3.6333333333333333,3.5666666666666664,1.8,1.34,2.6,1.6,3.2,0.0,2.75,5.0,2.9,2.6666666666666665,0.0,4.766666666666667,1.8,3.1,3.7999999999999994,2.5,3.7,1.0,0.0,1.3,2.4,3.55,0.0,2.1999999999999997,4.8,0.0,2.9,0.0,2.1,0.0,0.0,5.0,3.8,3.2,1.0,2.466666666666667,0.0,1.6,3.0,1.8,1.3,0.0,2.9,0.0,1.3,4.9,2.9
69247e0e44e4cccaa87c258f,2.6500000000000004,1.0,2.8,3.4,4.0,2.0,1.2,4.6000000000000005,2.55,3.5,3.7,3.4000000000000004,3.6,4.3999999999999995,3.9,4.7,3.3,2.733333333333333,4.2,4.3,0.0,3.5,3.0,2.8,0.0,0.0,0.0,2.5,3.0,4.9,2.9,3.9,3.2,2.7,3.7,3.9000000000000004,1.45,3.9,0.0,1.4,4.0,1.3,3.6,0.0,2.7,4.4,2.2,1.9,4.4,0.0,0.0,3.5,1.3,3.0,3.5,0.0,4.3,2.2,0.0,1.8,3.8,2.6,1.3,2.1,1.0,2.3,0.0,0.0,1.6,0.0,3.25
69247e0e44e4cccaa87c2590,4.1,2.0,2.6,3.8,4.550000000000001,2.1,1.175,0.0,2.7,0.0,2.8,3.6999999999999997,3.55,0.0,0.0,4.65,0.0,0.0,4.2,0.0,2.4000000000000004,2.3,0.0,4.233333333333333,1.2,1.0,2.3,2.533333333333333,2.95,4.35,2.9,3.7,0.0,0.0,0.0,4.9,1.4,0.0,3.8499999999999996,2.8,2.9,1.2000000000000002,3.766666666666667,2.7,3.2,4.4,1.0,0.0,3.7,0.0,0.0,3.5,1.85,3.2,0.0,0.0,3.4,3.8,0.0,2.85,0.0,0.0,0.0,0.0,2.2,0.0,3.45,1.6,0.0,5.0,0.0
69247e0e44e4cccaa87c2591,3.825,2.1,1.9500000000000002,3.95,4.6000000000000005,3.2,1.4,4.966666666666667,1.9500000000000002,3.6,3.6,0.0,0.0,3.5666666666666664,4.0,0.0,3.6,3.5200000000000005,0.0,3.9,0.0,2.8,3.25,0.0,0.0,0.0,1.9,3.0,2.9,4.449999999999999,3.6,0.0,0.0,0.0,3.1,5.0,1.6333333333333335,0.0,3.3,2.15,3.6,1.6,4.425,0.0,0.0,0.0,0.0,1.85,3.9,0.0,3.25,3.6,2.7,2.4,4.15,3.3,3.3,2.6999999999999997,1.5,0.0,3.3,0.0,0.0,1.2,1.65,2.3,3.7,1.15,1.5,3.8,0.0
69247e0e44e4cccaa87c2592,2.475,1.7,1.875,3.75,5.0,2.95,1.8,4.233333333333333,1.8,3.6999999999999997,3.0,4.1,2.8,3.9,3.55,0.0,3.4,2.25,4.7,3.75,2.3,3.1333333333333333,3.9,0.0,1.0,2.0,0.0,2.25,4.1,0.0,3.0,5.0,2.9,3.0999999999999996,4.2,4.25,1.08,2.9,0.0,0.0,3.0,1.7,3.8,2.6,2.25,2.8,1.46,2.0,5.0,1.5,0.0,3.5,0.0,0.0,3.9,0.0,4.2,0.0,1.0,2.85,3.2,0.0,2.1,0.0,0.0,0.0,3.8,2.1,0.0,0.0,2.9
69247e0e44e4cccaa87c2593,3.6,0.0,0.0,3.2,0.0,1.4,1.45,4.733333333333333,1.35,4.5,3.1,2.7,4.5,3.4,3.5,3.9499999999999997,2.8,0.0,3.8,3.9,3.6,0.0,3.1,3.6,1.4,1.0,1.2,0.0,4.2,4.65,3.5,4.7,3.9,0.0,3.7,0.0,1.2,2.75,3.933333333333333,2.1333333333333333,2.8,1.8,3.75,1.5399999999999998,0.0,0.0,1.6,1.8666666666666665,5.0,1.8,0.0,3.3,1.1,3.5,3.1,0.0,0.0,0.0,1.0,3.4,3.1,1.0,2.2,0.0,0.0,1.5666666666666667,3.1,2.6,1.1,3.9,2.5
69247e0e44e4cccaa87c2594,3.075,2.0,2.225,4.45,5.0,1.6,1.1,4.2,1.4,0.0,0.0,3.3,2.9,3.7,3.8000000000000003,4.5,3.6,3.1,4.066666666666666,0.0,2.4,0.0,2.9,0.0,0.0,0.0,0.0,2.425,0.0,4.3999999999999995,0.0,4.8,3.2,0.0,0.0,5.0,1.75,2.75,0.0,0.0,0.0,1.0,4.5,0.0,2.5,0.0,0.0,0.0,0.0,1.1,3.02,0.0,1.2,3.45,0.0,4.6,0.0,2.5,1.0,0.0,2.7,0.0,0.0,0.0,1.0,2.1,0.0,1.3,1.2,0.0,3.3
69247e0e44e4cccaa87c2595,3.05,1.5,2.1,4.133333333333334,4.7,0.0,1.75,4.85,0.0,3.35,3.7,3.95,0.0,3.9000000000000004,3.65,4.55,2.5,2.2,3.9,3.5,2.8,3.5,3.65,3.1,1.85,0.0,2.75,0.0,3.0666666666666664,0.0,3.8,4.8,0.0,4.0,4.3,5.0,1.0,3.6,4.233333333333333,2.8,0.0,1.0,5.0,1.2999999999999998,0.0,0.0,0.0,0.0,3.9,2.4,0.0,3.9,2.3,0.0,0.0,3.3,0.0,0.0,0.0,2.35,0.0,0.0,2.6,1.3,0.0,1.5,3.3000000000000003,1.8,1.3,0.0,2.6
69247e0e44e4cccaa87c2596,3.65,1.2,2.4,4.6,4.75,0.0,1.35,4.0,1.4500000000000002,3.9,3.55,4.3,3.25,4.1000000000000005,0.0,4.566666666666666,3.2,2.9,4.5,0.0,0.0,2.75,3.7,0.0,1.75,1.5,1.0,0.0,0.0,3.6,0.0,4.25,0.0,3.7,3.1399999999999997,4.45,1.0,0.0,3.6,0.0,3.9,0.0,4.5,1.7,2.4,3.0,0.0,1.6,4.1,1.0,0.0,0.0,0.0,2.9,0.0,0.0,4.0,0.0,1.8,2.2,0.0,0.0,0.0,0.0,2.2,0.0,0.0,0.0,0.0,0.0,0.0
69247e0e44e4cccaa87c2597,3.2,0.0,2.6,4.550000000000001,4.2,1.8,0.0,4.766666666666667,2.55,3.3,0.0,3.266666666666667,3.8333333333333335,3.7,4.0,4.45,0.0,0.0,3.6,2.9,3.45,0.0,0.0,3.1,0.0,0.0,0.0,2.6,3.6999999999999997,0.0,2.8,4.566666666666666,0.0,0.0,4.4,3.7,1.6,4.15,3.8,2.5,3.7,2.2,0.0,2.2,2.6,2.8,1.0,0.0,0.0,0.0,0.0,0.0,0.0,3.7,3.25,4.3,0.0,3.0,0.0,1.8,0.0,1.9,0.0,1.7,0.0,0.0,0.0,0.0,0.0,0.0,0.0
69247e0e44e4cccaa87c2598,3.4,1.0,1.2999999999999998,3.45,5.0,2.2,1.0,4.0,2.5,4.2,2.766666666666667,0.0,3.4333333333333336,0.0,0.0,5.0,0.0,0.0,4.05,3.4,3.2,0.0,4.0,4.3,0.0,1.5,2.2,3.0,3.0,0.0,0.0,0.0,0.0,0.0,0.0,5.0,1.0,3.9,3.8,2.1999999999999997,0.0,0.0,4.8,2.1,2.8000000000000003,0.0,2.1,0.0,4.4,1.3,3.0666666666666664,3.7,0.0,2.7,0.0,4.0,4.3,0.0,1.7,0.0,3.7,1.0,1.9,1.1,2.3,1.85,4.4,1.6333333333333335,2.1,0.0,2.966666666666667
69247e0e44e4cccaa87c2599,3.4333333333333336,1.4,1.5,0.0,4.9,2.75,1.0,4.3,0.0,3.3,3.233333333333333,2.3,0.0,4.3,4.4,4.633333333333334,0.0,0.0,4.333333333333333,3.4,0.0,3.0,0.0,3.3,1.1,0.0,1.8800000000000001,3.1,0.0,4.233333333333333,4.2,4.725,3.9000000000000004,2.2,3.1,5.0,1.55,3.55,3.0,1.8,3.0,1.8333333333333333,4.1,1.9,2.6,0.0,0.0,0.0,5.0,1.0,2.7,3.3,0.0,4.0,3.9,0.0,0.0,2.7,1.6,2.3,3.266666666666667,1.1,0.0,1.9,1.0,1.0,3.3000000000000003,0.0,0.0,5.0,3.5
69247e0e44e4cccaa87c259a,3.0666666666666664,1.55,2.75,4.0,5.0,2.5,1.2,3.55,0.0,0.0,0.0,3.8,0.0,3.4,3.7,5.0,3.4000000000000004,0.0,4.8,3.3,3.0,3.3,3.9,3.4,0.0,1.0,2.1,0.0,0.0,3.9,0.0,3.9,3.85,2.766666666666667,0.0,0.0,1.4000000000000001,3.2,3.5,1.95,0.0,2.5,3.2,1.6,2.15,3.9666666666666663,1.0,1.4,4.4,1.1,3.325,4.25,2.1,2.95,0.0,0.0,0.0,0.0,1.55,2.55,2.65,1.0,0.0,0.0,0.0,0.0,2.5,1.2999999999999998,1.0666666666666667,5.0,2.1
69247e0e44e4cccaa87c259b,2.783333333333333,2.2666666666666666,2.1333333333333333,4.35,0.0,1.7,1.65,4.14,0.0,2.9,3.0,0.0,0.0,4.633333333333334,3.0999999999999996,0.0,3.9000000000000004,3.2,4.0,4.0,3.0,3.05,4.1,0.0,0.0,0.0,0.0,0.0,4.4,5.0,3.6,4.0,0.0,3.2,2.9,4.5,1.0,4.3,0.0,0.0,0.0,0.0,4.9,1.7,0.0,0.0,0.0,0.0,4.7,1.7,3.5,0.0,0.0,2.4,3.5,4.5,0.0,0.0,0.0,0.0,3.9,1.7,0.0,1.0,1.7,1.3,0.0,1.0,0.0,4.5,2.4
69247e0e44e4cccaa87c259c,3.0,0.0,1.5,4.425,0.0,3.2,1.1333333333333333,4.45,0.0,3.8,2.9,2.5,4.5,3.7,3.65,4.4,4.0,2.1,4.65,3.2,0.0,3.3,3.8,4.4,0.0,1.2,1.65,2.2,3.9,4.4,0.0,4.466666666666666,0.0,3.6,4.25,3.7,2.1,4.0,3.7,2.9,3.6999999999999997,1.1,0.0,2.3,0.0,4.8,0.0,2.2,4.95,1.05,3.3333333333333335,0.0,0.0,0.0,3.3,0.0,0.0,0.0,1.0,3.0,0.0,0.0,2.0,2.45,0.0,1.5,4.0,1.5,1.625,3.6,3.2
69247e0e44e4cccaa87c259d,3.65,2.1,2.4,4.35,4.5,3.1,1.8,0.0,0.0,0.0,0.0,0.0,0.0,4.25,3.7,0.0,3.5,2.3,3.9,3.75,3.55,3.6999999999999997,3.2,4.15,0.0,0.0,1.7,2.9,4.05,3.733333333333333,2.8,4.4,0.0,0.0,0.0,4.95,1.1,3.8,0.0,0.0,0.0,2.0,4.2,2.6,0.0,3.95,1.6,1.5,0.0,0.0,2.5999999999999996,0.0,0.0,2.6,4.2,0.0,0.0,0.0,1.4,2.7,0.0,0.0,2.9000000000000004,2.4,0.0,1.2,4.1,1.7999999999999998,2.0,4.7,0.0
69247e0e44e4cccaa87c259e,2.9,1.7333333333333332,1.0,4.35,5.0,1.6,1.5499999999999998,4.25,1.8,3.55,0.0,0.0,4.3,3.8,3.2,4.3,2.5,2.2,4.8,4.3,0.0,2.5,3.5,4.2,0.0,1.1,0.0,0.0,2.9,4.3,2.7,0.0,3.55,2.4,3.2,4.5,1.175,3.5,0.0,1.8,0.0,1.5,4.3,0.0,3.3,4.3,0.0,0.0,4.0,1.5,0.0,0.0,2.1,0.0,0.0,0.0,0.0,0.0,0.0,2.55,0.0,0.0,0.0,0.0,1.4,1.0,0.0,1.6,1.0,0.0,0.0
69247e0e44e4cccaa87c259f,3.16,1.6,2.3,4.033333333333333,4.3,2.3,2.1,4.8,2.05,4.2,3.0,3.1666666666666665,0.0,3.8,3.8,4.45,3.5,3.05,0.0,2.9,3.3,3.0,2.6,3.44,1.6,1.35,1.4333333333333336,1.8,0.0,3.3,0.0,0.0,4.3,3.8,3.8000000000000003,0.0,1.4666666666666668,2.6,3.5999999999999996,2.1,3.4,1.2,3.9,1.0,2.9,4.25,2.1,1.95,4.25,1.0,0.0,4.3,0.0,0.0,3.9333333333333336,5.0,3.925,0.0,1.0,2.4,0.0,2.5,2.35,1.7399999999999998,1.3,0.0,4.1,1.775,1.4,4.3,3.3
69247e0e44e4cccaa87c25a0,2.675,1.7600000000000002,1.7,0.0,5.0,2.1500000000000004,1.9000000000000001,4.8,1.1,0.0,2.8,0.0,0.0,0.0,4.5,0.0,2.9,0.0,4.5,3.7,2.7,0.0,3.35,4.5,0.0,1.05,2.7,0.0,0.0,0.0,3.0999999999999996,0.0,3.2,2.5,2.5,3.7,1.0,4.1,3.7,2.066666666666667,3.4,1.4,3.3,1.5,0.0,4.0,1.0,2.0,4.35,2.4,3.6,0.0,1.45,3.2,3.3000000000000003,0.0,0.0,0.0,1.7,2.2,2.95,1.5,1.3999999999999997,0.0,0.0,1.0,4.2,1.65,0.0,0.0,2.4
69247e0e44e4cccaa87c25a1,2.75,1.6166666666666665,1.8666666666666665,4.466666666666667,5.0,2.45,1.3,4.15,0.0,3.1,3.7,0.0,0.0,3.5,4.6,5.0,0.0,0.0,5.0,0.0,2.2,0.0,3.3666666666666667,3.2,0.0,0.0,1.1,2.35,4.5,4.7,3.0,3.9,0.0,0.0,2.8,4.5,1.55,4.1,4.6,0.0,4.15,1.4,0.0,1.8333333333333333,0.0,0.0,2.3,1.7,0.0,0.0,2.8,3.733333333333333,0.0,3.7,0.0,0.0,0.0,0.0,1.5,2.9,0.0,1.15,0.0,0.0,1.0,1.1,3.266666666666667,1.9,0.0,0.0,3.9
69247e0e44e4cccaa87c25a2,3.1999999999999997,0.0,2.3000000000000003,4.9,4.95,1.8,1.2333333333333334,0.0,2.6,3.3,0.0,2.8,3.8,4.3,0.0,4.85,2.8000000000000003,2.3,4.4799999999999995,0.0,2.733333333333333,2.0,4.05,4.5,0.0,1.4333333333333333,2.2,2.1500000000000004,0.0,3.6,3.3499999999999996,3.75,3.9,3.1,3.6,4.35,1.0833333333333333,3.8,4.7,2.5,3.6333333333333333,1.55,0.0,1.7,0.0,0.0,1.8,0.0,0.0,1.2,3.05,3.55,0.0,0.0,0.0,3.8666666666666667,0.0,2.2,1.6,0.0,2.55,0.0,2.1,1.3,1.0,1.6,4.05,2.6,0.0,4.05,0.0
69247e0e44e4cccaa87c25a3,3.4,1.65,2.45,4.5,4.1,2.8,0.0,4.375,0.0,4.2,0.0,0.0,0.0,4.25,3.633333333333333,3.85,3.9,0.0,5.0,0.0,2.1,0.0,3.5666666666666664,4.05,0.0,1.025,0.0,2.8,3.0,4.266666666666667,3.2249999999999996,4.2,3.5,3.4,2.9,5.0,1.3333333333333333,2.9,0.0,0.0,4.05,1.05,3.8,1.8,3.6,3.7,1.1,0.0,0.0,1.55,3.35,0.0,2.3,3.6,3.5666666666666664,0.0,3.35,0.0,0.0,2.566666666666667,2.3000000000000003,0.0,1.5,0.0,1.3,1.0,3.3,2.05,2.0,4.2,0.0
69247e0e44e4cccaa87c25a4,3.0125,1.5333333333333332,2.025,3.5666666666666664,0.0,2.25,1.1400000000000001,3.9,0.0,3.9333333333333336,3.3666666666666667,3.45,3.0,3.9666666666666663,4.0,3.8,0.0,3.2,3.7,2.6,3.2,3.1,0.0,3.1,0.0,1.0333333333333334,1.1,0.0,3.2,4.75,2.5,0.0,3.8666666666666667,3.6,3.0999999999999996,0.0,1.5333333333333332,3.266666666666667,0.0,2.033333333333333,0.0,1.5999999999999999,4.6,2.4,2.7,0.0,0.0,1.7,3.8,1.4,3.65,0.0,2.7,2.7,3.8,0.0,4.0,2.3,1.0,0.0,0.0,1.3,2.25,1.6,1.25,0.0,0.0,1.8,1.7,4.775,3.1
69247e0e44e4cccaa87c25a5,2.2,1.9333333333333333,2.6,3.95,0.0,0.0,1.45,4.466666666666667,2.9,3.6999999999999997,0.0,3.08,3.6,0.0,4.35,4.766666666666667,3.0999999999999996,2.775,4.05,3.0,3.033333333333333,3.1333333333333333,3.45,3.6,1.425,1.2,1.9666666666666668,0.0,4.0,4.9,0.0,0.0,0.0,3.7,0.0,4.6,1.3,3.0,3.5,2.6,0.0,1.0,3.6,1.0,0.0,4.5,1.6,1.0,4.95,2.3,3.5,0.0,0.0,0.0,4.5,0.0,0.0,3.7,1.4,2.5,2.733333333333333,2.6,0.0,0.0,1.2,1.0,0.0,1.6500000000000001,0.0,4.1,3.1
69247e0e44e4cccaa87c25a6,0.0,2.2,1.9,4.15,5.0,2.466666666666667,1.8,0.0,1.4,3.533333333333333,2.9333333333333336,2.65,0.0,4.1,4.133333333333334,4.833333333333333,0.0,2.95,3.7,3.7,2.766666666666667,2.8,3.5,0.0,2.05,1.0333333333333334,1.1,2.35,0.0,4.4,3.1,4.9,4.1,0.0,3.4000000000000004,4.8,1.3,0.0,4.1,1.78,4.4,2.1,0.0,0.0,0.0,2.9,0.0,1.1,5.0,1.0,0.0,3.3666666666666667,1.0,4.0,3.6,4.7,3.5,2.95,0.0,3.5,0.0,1.35,3.1,1.1,0.0,1.0999999999999999,0.0,2.3,0.0,3.9,2.1
69247e0e44e4cccaa87c25a7,2.725,1.65,2.3,4.0600000000000005,0.0,2.2399999999999998,1.1,0.0,2.0,3.2,2.95,2.8,2.9,4.066666666666666,3.9,5.0,3.65,0.0,4.9,4.25,0.0,3.0,0.0,3.25,1.5,0.0,1.0,0.0,4.199999999999999,4.6,2.9,4.0,3.2,3.45,3.0,4.85,1.0,0.0,0.0,0.0,0.0,0.0,4.8,0.0,0.0,0.0,1.0,2.1,4.8,0.0,3.4749999999999996,3.675,2.9,0.0,0.0,4.4,0.0,2.3,0.0,3.4,0.0,2.5,0.0,0.0,0.0,0.0,0.0,1.0,0.0,3.6999999999999997,0.0
69247e0e44e4cccaa87c25a8,2.85,1.2,1.7999999999999998,4.5,3.9,1.6,1.0,4.6,1.5499999999999998,0.0,2.6,0.0,3.2,4.45,4.35,5.0,0.0,0.0,0.0,4.0,3.466666666666667,3.1333333333333333,0.0,3.4333333333333336,0.0,0.0,0.0,2.35,0.0,4.3,3.3499999999999996,4.7,3.2,3.5,3.7,0.0,1.3666666666666665,4.2,0.0,2.15,0.0,0.0,3.85,0.0,3.25,0.0,1.5,0.0,4.0,1.65,3.3333333333333335,4.4,1.8,0.0,3.2,4.15,3.2,0.0,1.2,0.0,0.0,1.5,2.6999999999999997,1.7,1.1,1.0,0.0,1.5,0.0,5.0,0.0
69247e0e44e4cccaa87c25a9,3.1999999999999997,2.0,2.9,3.7,5.0,2.15,2.0,4.35,2.5,3.7,0.0,3.55,3.1,5.0,0.0,4.333333333333333,3.3,3.1,4.35,0.0,3.1,4.0,2.9,4.1,1.5,1.2,1.2,2.5,4.6,4.1,3.6,4.25,0.0,3.3,2.4,4.5,1.48,3.2000000000000006,4.25,1.7,3.4,2.4,3.5,0.0,1.6,3.5999999999999996,1.15,0.0,0.0,1.4,3.15,3.5999999999999996,2.1,0.0,0.0,4.25,4.225,0.0,1.4,0.0,2.6,2.4,1.3,1.6,2.2,1.1,0.0,0.0,1.1,0.0,2.1
69247e0e44e4cccaa87c25aa,2.625,1.775,2.3000000000000003,4.1000000000000005,4.6,2.5,1.8,0.0,1.7999999999999998,3.8,3.25,4.2,0.0,3.7,3.65,0.0,3.5,2.6,0.0,3.5,3.2,3.7,3.2,0.0,1.0,0.0,2.6,2.55,4.0,4.0,3.5,0.0,0.0,3.3,2.55,4.8,1.6,3.8,3.8333333333333335,0.0,4.0,0.0,3.866666666666667,1.5999999999999999,3.1,3.8,1.0,0.0,4.6,0.0,3.3499999999999996,4.3,0.0,2.3,0.0,4.8,0.0,3.0999999999999996,1.0,2.9000000000000004,2.3,0.0,1.9,0.0,1.0,1.2,3.2,1.0,1.3,0.0,0.0
69247e0e44e4cccaa87c25ab,2.4,1.7,1.825,4.525,4.0,1.3,1.4666666666666668,4.366666666666666,1.5,2.8,3.7,3.6333333333333333,4.3,4.8,3.4,4.8,3.3,0.0,4.1,4.15,0.0,2.2,4.0,0.0,1.4000000000000001,1.7333333333333334,1.6,2.033333333333333,4.6,3.9,2.925,0.0,0.0,0.0,3.1,4.4,1.9,4.0,3.8000000000000003,2.25,3.8,1.8,3.6,2.3,2.3,3.4,0.0,0.0,5.0,1.95,0.0,3.1,0.0,0.0,2.6,0.0,3.95,3.6,1.2,0.0,3.5,1.7,2.8,0.0,1.5,1.9,4.0,0.0,0.0,3.8,0.0
69247e0e44e4cccaa87c25ac,3.1500000000000004,0.0,2.1,4.6,5.0,2.15,1.2,3.7,2.7,3.45,4.2,0.0,4.6,4.7,3.05,4.8,0.0,3.5,4.8,0.0,0.0,0.0,0.0,3.4,0.0,0.0,1.9,2.35,0.0,0.0,3.3,4.85,0.0,0.0,4.1,5.0,1.5,0.0,4.35,2.1,4.4,1.4,4.9,1.7,3.2,0.0,0.0,0.0,4.6,0.0,0.0,3.2,0.0,3.1,3.2,0.0,0.0,3.3,1.45,1.7,2.4,1.5,2.8,1.0,1.2,1.0,3.8333333333333335,2.4,1.9500000000000002,3.6,2.95
69247e0e44e4cccaa87c25ad,2.975,1.4333333333333333,2.3,4.25,4.35,2.6333333333333333,0.0,5.0,1.65,3.775,2.8,3.55,3.0,3.2,4.1,0.0,2.766666666666667,0.0,4.75,3.5666666666666664,0.0,3.033333333333333,4.4,0.0,2.3,0.0,0.0,0.0,4.0,0.0,2.9,5.0,3.95,3.45,0.0,3.7,1.52,3.6,4.4,3.0,4.05,0.0,3.5,2.3,3.2,0.0,1.2666666666666666,1.0,3.8499999999999996,2.05,2.3000000000000003,2.95,1.3333333333333333,4.1,0.0,4.1,0.0,3.65,1.2,3.1,0.0,1.0,0.0,2.0,0.0,1.2,0.0,0.0,0.0,0.0,0.0
69247e0e44e4cccaa87c25ae,3.25,0.0,1.2,4.383333333333334,4.4,2.2,1.0,5.0,1.85,4.1,3.2,2.75,0.0,0.0,3.25,0.0,0.0,3.05,3.7,0.0,2.8,0.0,3.0666666666666664,3.8200000000000003,1.6,1.0,1.05,2.9,0.0,0.0,3.4000000000000004,0.0,0.0,0.0,2.75,0.0,1.3333333333333333,4.4,4.8,2.5,3.533333333333333,1.0,3.8000000000000003,2.7,0.0,0.0,1.0,1.0,4.55,1.0,0.0,3.55,1.4,3.6,3.25,4.5,4.1,2.2,0.0,2.6,0.0,0.0,0.0,2.7,0.0,0.0,3.25,1.6,1.9,3.5,2.5
69247e0e44e4cccaa87c25af,2.7857142857142856,1.5333333333333332,1.7,4.266666666666667,4.866666666666666,2.4,1.2,4.800000000000001,1.2,0.0,0.0,4.1,3.1,4.5,4.15,4.35,2.5,2.2,4.2,0.0,2.94,3.266666666666667,3.6333333333333333,4.0,0.0,1.6666666666666667,2.0,0.0,0.0,4.4,3.466666666666667,4.4,0.0,3.1,3.4,4.6,2.1,2.7,4.2,2.4,0.0,2.2,0.0,1.85,3.05,0.0,0.0,1.7,4.8,2.0,0.0,3.2,0.0,0.0,4.4,0.0,0.0,3.5,1.7,0.0,2.1,0.0,3.0,0.0,1.8,1.4,3.1999999999999997,0.0,1.0,3.4,0.0
69247e0e44e4cccaa87c25b0,3.1999999999999997,1.1,2.75,4.0,0.0,0.0,1.0,4.65,0.0,0.0,0.0,0.0,4.050000000000001,3.5666666666666664,3.5999999999999996,4.0,3.1999999999999997,2.1,0.0,3.6333333333333333,3.5,0.0,3.8,3.9,1.0,1.15,0.0,3.4,3.3,4.5,3.1,4.45,3.8,2.8,3.0,0.0,1.3666666666666665,3.6,3.55,2.3,3.3,2.2,0.0,2.233333333333333,2.9,3.7,1.05,1.7,0.0,1.4249999999999998,0.0,2.7,0.0,0.0,0.0,0.0,0.0,0.0,1.05,1.8,0.0,0.0,2.266666666666667,0.0,1.9500000000000002,1.3666666666666665,3.2,1.0,0.0,0.0,3.6
69247e0e44e4cccaa87c25b1,3.0,1.4000000000000001,0.0,4.2,4.5,0.0,1.55,4.6000000000000005,1.5,3.5,0.0,3.8,4.6,0.0,0.0,4.766666666666667,0.0,2.1,4.9,0.0,0.0,3.033333333333333,3.9,3.1,1.0,1.5750000000000002,2.5,0.0,0.0,4.5,3.25,0.0,0.0,0.0,0.0,5.0,0.0,0.0,0.0,0.0,3.6,0.0,4.2,2.033333333333333,3.1,0.0,1.5,1.95,4.3,1.5250000000000001,0.0,0.0,0.0,3.1,3.6999999999999997,0.0,0.0,3.4,0.0,3.6,2.75,1.0,0.0,2.3,2.0,1.8,4.2,0.0,0.0,0.0,0.0
69247e0e44e4cccaa87c25b2,2.6,1.9000000000000001,2.3000000000000003,3.9000000000000004,4.6000000000000005,1.45,1.2,4.225,1.75,3.8499999999999996,2.9,2.85,3.05,4.9,3.0,0.0,4.1,0.0,0.0,2.95,2.35,4.0,3.9,3.7,1.55,1.1,2.4,2.6500000000000004,3.9,3.6,3.6,0.0,4.05,2.5,0.0,0.0,1.4,0.0,0.0,1.6,4.15,1.05,3.9,1.95,0.0,3.4,1.4,1.5,5.0,2.2,2.6666666666666665,3.8,1.85,3.65,3.6,5.0,3.2,2.25,1.0,0.0,0.0,2.2,2.1999999999999997,0.0,0.0,1.0,3.0,2.2,0.0,4.2,2.2
69247e0e44e4cccaa87c25b3,2.5,2.2,2.5,4.1,4.775,2.4,1.3,4.3,2.9,3.8000000000000003,3.25,3.8,3.5,4.5,4.066666666666666,4.666666666666667,0.0,2.6,4.633333333333334,4.0,2.1,3.8,2.7,3.925,0.0,0.0,1.75,2.425,3.6,3.825,3.9,5.0,3.9,2.9000000000000004,3.0,4.85,1.2,3.4,0.0,0.0,4.1,1.8,0.0,2.05,2.3,3.85,1.4,1.0,5.0,0.0,2.95,4.0,0.0,4.1,2.7,4.4,0.0,2.8,1.7,2.1,3.4,1.6,2.7,2.55,1.0,1.6,0.0,1.9,0.0,0.0,0.0
69247e0e44e4cccaa87c25b4,2.9,1.6,2.35,4.04,4.95,0.0,0.0,5.0,2.15,3.6,3.3,2.8,0.0,3.4,3.2,4.2,3.25,2.3,0.0,3.1,0.0,3.1,0.0,0.0,0.0,1.6,1.05,2.7,4.0,0.0,3.05,0.0,3.3499999999999996,0.0,2.7,0.0,1.0999999999999999,3.3499999999999996,0.0,2.3,0.0,1.9,4.1,2.6,3.2,4.7,1.55,1.7,4.6,0.0,3.0,3.45,0.0,0.0,3.5,0.0,0.0,0.0,2.1,0.0,2.7,2.2,2.9000000000000004,1.45,1.9,0.0,0.0,1.4,0.0,5.0,0.0
69247e0e44e4cccaa87c25b5,3.3000000000000003,1.525,2.1,4.0,4.575,1.9333333333333333,1.0,4.833333333333333,0.0,4.6,3.2,3.466666666666667,2.9,4.3,3.6166666666666667,0.0,4.1,2.9,4.7,0.0,3.0,3.4,0.0,0.0,0.0,1.78,0.0,3.2,0.0,3.9749999999999996,3.233333333333333,0.0,0.0,2.8,3.1,4.5,1.1666666666666667,0.0,3.5,2.35,0.0,1.8,3.5,1.0,1.9,0.0,0.0,0.0,0.0,0.0,3.325,3.7,1.8,2.6,0.0,0.0,3.6,2.2,1.0,2.6666666666666665,0.0,0.0,1.4,1.5,0.0,1.0,0.0,2.6,2.2,3.8,0.0
69247e0e44e4cccaa87c25b6,3.35,2.12,2.65,3.733333333333333,5.0,3.0666666666666664,1.375,3.5,2.2,3.65,0.0,3.475,3.6,4.05,4.4,4.7,3.1999999999999997,0.0,4.3,2.6,3.7,2.4,0.0,0.0,0.0,1.0,0.0,2.275,3.2,0.0,3.3249999999999997,0.0,0.0,2.85,3.75,4.75,1.3,2.8,3.1,1.85,3.95,2.0,0.0,0.0,2.95,3.4000000000000004,1.75,0.0,4.6,1.6,0.0,3.3,1.85,0.0,0.0,0.0,4.45,0.0,1.35,0.0,2.6,0.0,1.3,0.0,1.9000000000000001,2.0,4.2,2.2,1.0,3.5,0.0
69247e0e44e4cccaa87c25b7,3.225,0.0,2.0,4.5,3.8,2.8,1.55,4.4,1.4,4.0,2.85,3.55,0.0,4.35,4.2,0.0,3.2,2.8333333333333335,4.5,3.8,2.4,3.65,4.033333333333333,3.466666666666667,0.0,1.3,2.4,2.2,2.8,0.0,2.3,4.7,4.35,2.8,3.7,5.0,1.6666666666666667,3.4,0.0,2.0,3.4,2.3,3.5,2.225,2.1,0.0,1.0,0.0,0.0,1.5,3.5999999999999996,3.25,0.0,0.0,3.4,0.0,0.0,0.0,0.0,2.4,0.0,0.0,1.4,0.0,0.0,0.0,0.0,1.2,1.4,0.0,2.0
69247e0e44e4cccaa87c25b8,2.2,1.4,3.0,3.1,4.3,0.0,2.1,0.0,0.0,3.7,2.9,4.1,4.3,4.7,3.4,0.0,2.9,0.0,5.0,3.7,2.8,0.0,3.3,3.7,0.0,0.0,1.5,3.2,4.2,3.5,3.1,4.7,0.0,3.1,3.3,0.0,1.2,3.9,3.9333333333333336,2.4333333333333336,0.0,1.0,0.0,0.0,0.0,3.6500000000000004,1.55,1.0,4.2,1.7,2.925,3.5999999999999996,0.0,3.8,3.5,0.0,0.0,3.3,0.0,0.0,0.0,0.0,1.4500000000000002,2.05,0.0,1.0,3.25,0.0,0.0,0.0,2.9
69247e0e44e4cccaa87c25b9,3.4333333333333336,1.75,1.5,4.1000000000000005,4.4,2.6333333333333333,0.0,4.2,2.0,2.9,3.35,3.2,4.5,3.675,4.0,5.0,0.0,2.0,3.5,3.6333333333333333,3.1,0.0,3.8,3.65,1.8,1.8,0.0,3.1,3.0666666666666664,4.1,3.3,5.0,3.5,2.8000000000000003,3.15,5.0,2.1,4.0,3.766666666666667,0.0,3.3,2.5,3.25,0.0,2.3,3.75,1.35,1.2,3.6,1.4,3.8,2.8,1.7,0.0,0.0,4.2,0.0,3.9,1.6,2.2666666666666666,2.95,2.5,0.0,2.5,2.2,0.0,0.0,1.2,0.0,3.7,3.3499999999999996
69247e0e44e4cccaa87c25ba,3.05,2.4,2.6,3.8,0.0,0.0,1.8,4.8999999999999995,2.033333333333333,3.5,3.1,3.4,3.966666666666667,3.7,3.85,4.4,3.3,0.0,3.9499999999999997,0.0,2.2,0.0,0.0,0.0,1.4,1.0,0.0,0.0,0.0,3.9499999999999997,3.15,4.675,0.0,0.0,2.7,4.3,1.0,3.0,3.5666666666666664,3.0,0.0,1.0,4.25,2.7,3.0,0.0,1.05,1.3,4.65,0.0,0.0,2.7,0.0,2.9,0.0,0.0,3.8,2.7,1.8,0.0,4.0,1.4,1.75,1.5333333333333332,1.9,1.8,2.9,1.4,2.0,3.75,2.4
69247e0e44e4cccaa87c25bb,2.9,1.2,0.0,0.0,4.35,2.1,0.0,4.1,2.45,0.0,2.7,0.0,2.7,3.4,0.0,0.0,0.0,3.0,5.0,0.0,2.7,0.0,3.6999999999999997,0.0,0.0,1.1,2.0,1.9,3.65,0.0,3.1999999999999997,5.0,4.0,2.9,2.8,0.0,1.4,3.733333333333333,0.0,1.95,0.0,0.0,3.65,1.85,3.5,3.5,1.3,1.75,3.9,1.3,0.0,3.0666666666666664,0.0,0.0,3.3,3.4,0.0,0.0,1.25,1.8,2.1,2.3,0.0,1.6,1.0,1.0,4.15,2.5,1.5,3.9,0.0
69247e0e44e4cccaa87c25bc,3.05,1.525,1.3,4.3,0.0,2.5,1.0,0.0,1.25,0.0,2.8666666666666667,3.65,3.6500000000000004,4.0,3.5999999999999996,4.25,0.0,0.0,0.0,3.6,3.3,2.2,3.733333333333333,3.9,1.5,1.4,1.2,0.0,3.2,3.2,3.15,0.0,3.6,2.2,0.0,0.0,1.6,3.1,4.0,1.5333333333333332,2.8,0.0,4.9,1.8,1.8,3.7,1.55,1.8666666666666665,4.4,0.0,2.8,3.75,0.0,2.9,3.6,4.0,3.7,0.0,1.0,3.3,3.7,2.4,1.8,2.6,1.5,1.0,3.6,2.266666666666667,1.3,4.0,3.15
69247e0e44e4cccaa87c25bd,3.3666666666666667,0.0,1.1,3.8600000000000003,0.0,2.6,1.7333333333333334,3.6,2.9,0.0,3.4,0.0,3.4,4.7,3.7,4.7,3.2,2.85,4.2,0.0,0.0,3.15,0.0,2.8,1.0,1.0,0.0,3.0,0.0,4.0,0.0,4.8999999999999995,3.6666666666666665,0.0,3.7,4.45,1.675,3.6,3.9,2.2,2.9,1.0,3.8,1.7666666666666666,2.8,4.0,1.6,2.15,5.0,1.7000000000000002,0.0,3.533333333333333,1.5,0.0,3.5,0.0,4.8,3.1,0.0,2.7,4.0,0.0,2.3666666666666667,1.75,0.0,1.05,4.3,0.0,2.2,3.9333333333333336,0.0
69247e0e44e4cccaa87c25be,3.1999999999999997,1.5333333333333332,0.0,3.975,0.0,0.0,1.3333333333333333,4.6,0.0,3.5,3.35,3.25,0.0,3.5,3.4,4.4,0.0,0.0,5.0,2.5,2.6,2.25,3.4,3.975,0.0,0.0,1.4666666666666668,2.8,4.3,4.3,3.15,5.0,2.8,3.1,0.0,0.0,0.0,4.35,3.4,1.9,0.0,1.8,0.0,0.0,0.0,3.1,1.2,2.4,0.0,1.0,0.0,3.1,0.0,0.0,0.0,4.9,4.3,0.0,1.0,1.8,2.9,0.0,1.7,0.0,0.0,0.0,3.5,2.4,0.0,5.0,3.6
69247e0e44e4cccaa87c25bf,2.6799999999999997,0.0,2.65,3.966666666666667,0.0,0.0,1.9,4.566666666666666,2.8,3.05,0.0,2.8,3.8,3.4333333333333336,4.5,4.675,2.85,0.0,4.6,4.2,2.6666666666666665,0.0,3.233333333333333,3.2,0.0,1.6,1.2,3.0,4.3,4.15,3.15,4.3,0.0,2.7,4.1,5.0,1.45,4.1,0.0,2.8,2.9,1.0,4.8,2.5,1.8,3.6,1.7000000000000002,0.0,3.9499999999999997,1.0,3.9,0.0,2.5,3.8,0.0,0.0,0.0,0.0,1.5,0.0,2.85,0.0,1.9000000000000001,1.0,2.2,1.3,3.1500000000000004,0.0,1.2,0.0,3.4
69247e0e44e4cccaa87c25c0,2.9799999999999995,1.5,2.3,4.3,4.5,2.45,1.5,4.7,0.0,3.5,3.2,3.6,4.4,3.8,4.7,0.0,3.15,0.0,3.9499999999999997,4.0,0.0,3.45,2.9,0.0,2.0,1.8,0.0,2.6500000000000004,3.55,4.0,3.1,4.5,0.0,2.2,0.0,5.0,0.0,0.0,3.65,1.7,3.3666666666666667,1.45,3.1,2.8,0.0,3.9,0.0,1.0,0.0,1.7,2.2,0.0,2.55,2.8,3.7,0.0,5.0,2.6999999999999997,1.7,1.9,0.0,1.4,2.02,1.0,1.7,2.1,2.65,1.6,0.0,3.4,2.7
69247e0e44e4cccaa87c25c1,2.65,1.9,0.0,0.0,5.0,2.4,1.0333333333333334,3.9,2.1,3.7,3.9,3.25,3.25,3.9,0.0,0.0,2.95,2.8666666666666667,4.3,3.25,2.7,2.9,3.033333333333333,4.2,1.5,1.275,2.7,0.0,0.0,4.2,3.733333333333333,5.0,3.3499999999999996,2.6,0.0,0.0,1.1,0.0,0.0,2.1,0.0,1.5,3.6,0.0,0.0,3.55,1.0,0.0,0.0,1.4,0.0,2.9,0.0,0.0,0.0,0.0,4.15,0.0,0.0,1.9,0.0,2.2,1.7,1.1,1.9,1.0,3.7,0.0,1.2,0.0,3.2
69247e0e44e4cccaa87c25c2,2.92,1.3,2.2600000000000002,4.1,5.0,2.1,1.45,4.45,0.0,3.6,0.0,2.766666666666667,4.6,4.2,4.05,4.8,3.2,2.2,4.0,2.5999999999999996,2.55,2.766666666666667,3.1,3.266666666666667,1.65,1.5333333333333332,0.0,2.35,0.0,4.75,3.7399999999999998,3.8,0.0,0.0,2.5,4.3,1.36,3.35,4.6,1.6,4.35,1.7,3.5,1.3333333333333333,2.9,0.0,1.0,0.0,0.0,0.0,2.7,3.4,1.7,4.2,2.7,4.0,0.0,0.0,1.0,0.0,0.0,1.7999999999999998,0.0,1.9,2.3,0.0,2.9,0.0,0.0,4.05,0.0
69247e0e44e4cccaa87c25c3,3.0999999999999996,1.0,2.2,4.25,3.8,2.05,1.0,4.533333333333334,1.3666666666666665,0.0,0.0,3.9,2.7,4.6,3.3,0.0,3.6,3.2,3.9,3.6,0.0,3.05,3.7,3.45,1.35,1.2666666666666666,1.3,0.0,4.0,3.6,3.3,3.8,4.6,0.0,0.0,4.85,1.0,0.0,3.8000000000000003,0.0,4.5,2.0,5.0,1.5,0.0,3.7,1.2000000000000002,0.0,0.0,0.0,3.3,3.4,0.0,0.0,0.0,3.6,4.4,0.0,0.0,2.0,3.05,0.0,0.0,0.0,0.0,1.85,3.6,1.5,1.5,0.0,0.0
69247e0e44e4cccaa87c25c4,3.25,1.0666666666666667,1.7,0.0,3.9,2.45,1.0666666666666667,0.0,0.0,3.4,3.9,3.5,0.0,4.4,0.0,4.7,0.0,2.8,4.5,0.0,0.0,3.3,3.0,0.0,0.0,1.7,2.4,2.8666666666666667,2.8,0.0,3.0,4.8,3.35,3.35,0.0,0.0,1.7,2.8,4.5,1.7,2.7,2.4,3.2,1.7,2.9,4.8,1.0,0.0,4.5,1.6666666666666667,4.0,2.8,0.0,0.0,2.9,4.0,4.6,0.0,1.3333333333333333,2.65,3.1,0.0,0.0,1.6500000000000001,0.0,2.0,0.0,2.4,2.1500000000000004,4.15,3.3
69247e0e44e4cccaa87c25c5,2.725,1.5999999999999999,0.0,4.66,4.4,2.525,1.05,4.366666666666667,2.9,0.0,4.1,0.0,0.0,0.0,3.4,3.7,0.0,3.4,4.133333333333334,3.0,3.3,0.0,0.0,3.1,0.0,1.3,0.0,3.0,0.0,4.6000000000000005,3.5,4.55,2.8,2.9,2.9,4.2,1.5333333333333332,3.4,3.0,1.8333333333333333,3.8,0.0,0.0,0.0,3.3,3.9,1.0,0.0,0.0,0.0,3.1500000000000004,0.0,0.0,3.0,0.0,0.0,0.0,3.1,0.0,2.6,3.0,1.6,0.0,0.0,1.0,0.0,0.0,0.0,1.0,0.0,0.0
69247e0e44e4cccaa87c25c6,2.4,0.0,0.0,3.8000000000000003,0.0,2.5500000000000003,0.0,3.9,2.9,0.0,3.0,3.3285714285714287,3.25,0.0,0.0,5.0,3.8499999999999996,2.25,4.6,0.0,2.6,0.0,2.8,4.3,2.1999999999999997,1.0,2.45,1.7,3.9,3.6,4.0,0.0,3.1,0.0,4.0,4.2,1.2333333333333334,0.0,3.4,1.95,3.5,1.4,5.0,0.0,0.0,4.15,0.0,0.0,0.0,0.0,2.5,3.1,1.75,0.0,3.5,0.0,3.45,3.1,0.0,3.2,2.5,1.1,2.3,1.6333333333333335,0.0,1.7,0.0,1.1,1.25,4.3,3.65
69247e0e44e4cccaa87c25c7,0.0,0.0,2.1,3.4,0.0,1.825,1.0,4.65,1.3,4.6,0.0,0.0,0.0,3.7,4.233333333333333,4.8,4.1,0.0,0.0,3.95,3.9,3.6,3.6,2.9,1.0,0.0,0.0,2.0,0.0,4.0,3.8,5.0,3.3,3.25,2.5,4.2,1.425,3.766666666666666,0.0,0.0,3.9666666666666663,0.0,3.5,1.0,2.733333333333333,4.2,0.0,0.0,3.7,0.0,0.0,0.0,0.0,2.8,0.0,3.8,3.25,0.0,1.0,3.1,3.8499999999999996,1.9,1.7,1.4,1.0,2.3,0.0,1.8,0.0,0.0,0.0
69247e0e44e4cccaa87c25c8,2.8,1.0,0.0,4.1,4.6,2.3,1.2,0.0,0.0,0.0,3.3,3.2,3.1,4.4,3.7,4.5,0.0,0.0,0.0,0.0,0.0,3.0,2.7,2.7,0.0,1.55,0.0,2.5,3.8000000000000003,0.0,3.6,4.775,0.0,2.8499999999999996,3.466666666666667,4.3,1.5,0.0,3.733333333333333,1.3666666666666665,3.6999999999999997,0.0,4.1,0.0,0.0,3.7,0.0,1.65,0.0,0.0,2.3,3.5999999999999996,0.0,3.4,0.0,4.3,3.7,3.5,0.0,0.0,0.0,1.65,0.0,0.0,1.0,1.15,2.85,1.6666666666666667,1.5,0.0,2.533333333333333
69247e0e44e4cccaa87c25c9,3.357142857142857,1.2,0.0,4.533333333333333,4.3,2.1,1.375,0.0,1.0,3.4,3.3,0.0,0.0,3.4,3.7,0.0,0.0,3.3,4.466666666666667,3.3,3.3,2.9,0.0,3.9,1.3666666666666665,0.0,1.8,2.5,3.3,4.1,3.6333333333333333,5.0,0.0,3.3000000000000003,4.2,4.3,0.0,0.0,3.5999999999999996,1.8333333333333333,0.0,0.0,5.0,0.0,0.0,3.6,0.0,2.1,5.0,0.0,0.0,3.7,0.0,3.7,3.1,3.6,3.5,0.0,0.0,2.4,2.1,0.0,0.0,0.0,0.0,1.2,0.0,0.0,0.0,0.0,0.0
69247e0e44e4cccaa87c25ca,2.5,1.3,2.4,4.066666666666666,4.6,1.5,1.8,4.2,0.0,3.4,0.0,3.533333333333333,4.1,4.2,4.14,0.0,0.0,0.0,5.0,3.6333333333333333,2.95,3.3,3.3,0.0,0.0,1.0,2.5,2.6,2.8,4.1,2.8,4.6,3.25,3.1,4.1,4.566666666666666,1.375,0.0,3.3,1.6,2.9,0.0,0.0,1.675,0.0,0.0,1.5,1.0,5.0,1.5,0.0,3.466666666666667,0.0,0.0,3.4,3.95,0.0,3.55,1.3333333333333333,2.9,2.9,0.0,0.0,0.0,1.35,2.2,3.5,1.4,1.1,0.0,2.3
69247e0e44e4cccaa87c25cb,4.1,0.0,2.05,3.6666666666666665,0.0,3.05,2.0,3.5,1.9,3.733333333333333,3.3000000000000003,3.0999999999999996,0.0,4.6000000000000005,0.0,5.0,3.4,0.0,4.0,4.1,2.8666666666666667,2.6666666666666665,3.8000000000000003,3.8,1.6,0.0,1.0,2.6,3.3,0.0,3.3,4.7,0.0,2.1,0.0,3.7,1.1,0.0,3.7,1.8,3.4,2.2,4.3,1.65,0.0,3.45,0.0,0.0,4.05,0.0,3.2,3.8,2.1,0.0,0.0,4.2,0.0,0.0,0.0,0.0,0.0,0.0,1.4,1.4500000000000002,1.6500000000000001,1.65,0.0,2.0,1.7,3.8,0.0
69247e0e44e4cccaa87c25cc,3.05,1.75,1.55,3.3,4.725,2.6333333333333333,1.7,4.1,0.0,4.1,2.9,3.4,3.3,4.8,3.875,4.15,0.0,1.9,4.2,3.15,2.75,0.0,3.25,3.8,2.4,1.5,2.8,0.0,0.0,4.15,3.033333333333333,0.0,3.9,0.0,3.9,0.0,2.1,3.1,3.6999999999999997,1.7000000000000002,3.3,2.0,0.0,2.3,2.7,3.1,2.1,0.0,4.2,1.0,0.0,2.6,1.2,3.25,0.0,4.4,4.199999999999999,0.0,0.0,2.6,2.75,0.0,2.7,0.0,2.1,1.7,3.9,1.8,2.1,3.3,0.0
69247e0e44e4cccaa87c25cd,3.2600000000000002,0.0,1.2,4.300000000000001,4.866666666666666,0.0,1.25,4.7,0.0,3.3,0.0,3.5666666666666664,3.7,0.0,3.65,4.9,0.0,2.85,4.1,3.8,3.8,3.7,2.8,4.2,1.8333333333333333,1.4666666666666668,0.0,0.0,2.8,4.3999999999999995,3.8333333333333335,5.0,4.15,3.525,3.2249999999999996,0.0,1.8,0.0,4.4,1.3,0.0,1.0,4.6,2.1,3.6,0.0,0.0,1.0,4.4,1.0,0.0,0.0,2.0,2.5,0.0,5.0,0.0,3.3,2.0,0.0,0.0,2.2,2.2,2.1,0.0,1.9,0.0,1.6,0.0,4.1,2.6
69247e0e44e4cccaa87c25ce,3.5,1.5,2.6333333333333333,3.6,0.0,2.175,1.2333333333333334,4.7,0.0,3.0,3.1500000000000004,2.5999999999999996,3.6333333333333333,0.0,3.4,4.95,3.45,2.4,4.2,3.3,3.9,3.0,3.0,0.0,1.3,1.5,1.7,2.65,3.4,4.45,3.9,5.0,3.0,0.0,2.7,5.0,1.5999999999999999,3.9000000000000004,3.6999999999999997,2.2,2.7,1.275,4.133333333333333,2.1,2.8,4.25,0.0,1.0,0.0,2.4,3.35,3.0,1.8,0.0,0.0,0.0,4.1,2.766666666666667,1.0,3.0,3.0,0.0,2.1,1.6,1.1,2.0,0.0,0.0,0.0,0.0,0.0
69247e0e44e4cccaa87c25cf,2.9,0.0,1.6,4.1,3.8,1.5,1.8,4.1,2.3,4.25,0.0,0.0,3.3,3.4,3.1,4.55,2.5,3.15,3.9499999999999997,0.0,2.7,3.4333333333333336,3.7,3.3333333333333335,1.0,1.75,2.1,2.75,0.0,0.0,2.8,5.0,0.0,2.75,3.8,0.0,1.0,3.2,4.7,2.2,4.4,0.0,0.0,1.9500000000000002,0.0,3.25,1.4,1.4,4.0,2.5,3.2,4.5,0.0,3.8,0.0,4.1,0.0,2.6,0.0,0.0,3.25,0.0,0.0,1.75,2.2,1.0,2.7,1.35,0.0,0.0,0.0
69247e0e44e4cccaa87c25d0,3.4799999999999995,1.0,1.8,3.4,5.0,2.2,0.0,5.0,0.0,0.0,3.0,2.75,0.0,0.0,3.8499999999999996,0.0,0.0,3.45,4.4,3.8,0.0,3.4,3.65,3.6,1.4,1.0,1.0,3.1,3.3,4.35,3.1,4.35,3.9,0.0,3.4,5.0,1.4000000000000001,3.3,3.7,1.6666666666666667,2.8,1.0,4.9,2.3,2.8,4.7,1.15,1.4666666666666668,4.5,1.4,3.2,0.0,0.0,0.0,0.0,4.7,3.9,0.0,0.0,0.0,0.0,0.0,0.0,2.6,1.1,1.0,2.6,1.95,0.0,4.1,2.75
69247e0e44e4cccaa87c25d1,2.55,2.2,1.8,0.0,4.55,1.65,0.0,4.2,0.0,0.0,3.65,2.7,3.1,4.033333333333333,3.7,4.6,3.4,2.8,4.3,0.0,2.1,0.0,0.0,0.0,0.0,1.2,1.6,3.3,3.9499999999999997,0.0,0.0,3.8,3.8,3.8,3.95,0.0,1.3,2.5,0.0,0.0,3.4,1.5,3.7,2.0,3.3,0.0,0.0,0.0,0.0,0.0,2.466666666666667,0.0,2.2,0.0,0.0,3.85,3.6,0.0,1.1,0.0,3.2,1.6666666666666667,1.9,2.1500000000000004,0.0,0.0,0.0,1.0,1.0,0.0,0.0
69247e0e44e4cccaa87c25d2,3.5666666666666664,1.4,0.0,3.3,4.733333333333333,2.266666666666667,1.7,4.25,1.5,4.2,0.0,3.5,0.0,4.366666666666666,3.766666666666667,5.0,3.266666666666667,0.0,4.15,2.7,0.0,3.15,3.35,0.0,0.0,1.4,1.5,2.3666666666666667,3.35,0.0,0.0,0.0,0.0,3.1666666666666665,0.0,5.0,1.4000000000000001,0.0,3.45,2.3,4.5,1.6,4.05,1.9500000000000002,2.6333333333333333,3.5666666666666664,2.3,1.35,0.0,1.0333333333333334,3.5,4.1,0.0,3.7,0.0,0.0,4.6,3.6,0.0,0.0,2.8,0.0,0.0,0.0,0.0,1.65,3.0,1.0,0.0,0.0,3.0
69247e0e44e4cccaa87c25d3,3.3,1.925,1.85,4.0,4.75,2.275,0.0,4.666666666666667,0.0,3.5,2.85,4.2,3.6,4.25,4.033333333333333,4.2,3.8,2.8499999999999996,0.0,3.3000000000000003,0.0,0.0,2.6,3.15,2.4,0.0,2.275,2.7,0.0,4.0,0.0,4.25,0.0,2.1,0.0,4.966666666666667,1.8,3.4,3.466666666666667,0.0,3.6999999999999997,1.9,3.2,2.5,2.8,3.3,2.05,2.2,4.9,1.4,3.3,3.8,0.0,4.2,0.0,4.9,0.0,0.0,1.35,2.8,0.0,2.3,1.8333333333333333,1.55,1.75,0.0,0.0,2.4,0.0,3.8,0.0
69247e0e44e4cccaa87c25d4,3.5,1.55,1.9000000000000001,3.6,4.9,0.0,1.0,4.3,0.0,3.8499999999999996,3.5,3.4,3.45,3.4,4.6,4.5,3.6,3.3,0.0,3.0,0.0,3.4,2.9,4.6,1.0,1.1666666666666667,0.0,2.066666666666667,0.0,0.0,4.1,4.7,3.8,3.1,0.0,0.0,1.15,3.1,0.0,1.8,3.5666666666666664,1.2,3.9,1.6666666666666667,2.85,4.6,2.0,0.0,4.3,1.6,3.0999999999999996,0.0,1.9,0.0,3.8000000000000003,5.0,4.0,2.95,1.15,0.0,2.6,0.0,2.15,1.85,1.0,1.0,3.05,1.0,2.1,0.0,3.3
69247e0e44e4cccaa87c25d5,2.966666666666667,0.0,2.9,3.6,0.0,2.05,1.65,3.8499999999999996,1.8,4.45,3.05,2.4,4.15,0.0,4.449999999999999,4.466666666666667,0.0,2.6666666666666665,0.0,0.0,1.9,2.8,3.15,0.0,1.0,1.0,2.7,0.0,4.7,4.6,0.0,4.300000000000001,0.0,2.6,4.0,0.0,2.2,4.0,3.3,0.0,3.8333333333333335,1.1,4.7,2.2,2.466666666666667,3.6500000000000004,1.4333333333333333,1.1,0.0,1.0,3.3,2.7,2.3,2.9,3.8,5.0,0.0,3.3,0.0,0.0,3.8666666666666667,2.4,2.5,2.15,0.0,0.0,4.0,1.9,1.3,0.0,0.0
69247e0e44e4cccaa87c25d6,3.1,2.0,1.2,4.55,5.0,2.7,1.6,4.3,2.8,0.0,3.6666666666666665,3.15,3.7,4.35,2.9,4.7,3.25,0.0,4.7,3.8,3.0,3.3,0.0,4.0,2.2,0.0,1.5,0.0,3.6,0.0,3.1666666666666665,4.2,2.8,3.4,3.9,4.3,1.8,0.0,3.5999999999999996,0.0,0.0,1.5,3.4,1.4,0.0,0.0,0.0,0.0,4.666666666666667,1.1,0.0,0.0,1.25,4.2,4.3,4.0,0.0,0.0,0.0,0.0,0.0,1.6,2.35,1.1,0.0,1.0,3.3,1.4,0.0,4.15,2.95
69247e0e44e4cccaa87c25d7,0.0,1.3,1.6,3.2,4.0,2.2,1.7666666666666666,0.0,1.9000000000000001,4.6,2.7,0.0,3.5,4.3,0.0,5.0,0.0,2.7,5.0,3.1999999999999997,3.0,3.9,0.0,3.65,1.45,0.0,0.0,3.2,3.9,5.0,3.35,4.166666666666667,0.0,0.0,0.0,4.8,1.9,3.5,4.166666666666667,0.0,0.0,0.0,4.55,1.9500000000000002,0.0,0.0,1.9500000000000002,1.0,0.0,1.1,3.1,4.0,1.15,0.0,0.0,4.1,0.0,3.9,0.0,2.5,3.6500000000000004,2.1,3.1,2.4,1.8,1.5499999999999998,2.7,2.4,1.8,4.6,3.7
69247e0e44e4cccaa87c25d8,3.6999999999999997,1.8666666666666665,1.9,4.5,4.6,2.6999999999999997,0.0,4.0,1.3,3.4,3.4,3.4666666666666663,3.9,4.25,3.5,0.0,0.0,0.0,4.5,0.0,3.0,3.45,3.3,3.0,1.2999999999999998,1.5,2.7,0.0,3.4,3.9,2.6500000000000004,4.35,4.3,2.3,3.6,4.55,1.6,4.4,3.4,2.125,3.05,0.0,4.4,2.1,0.0,4.6,1.2,1.65,5.0,1.4,0.0,4.1,1.85,3.7,0.0,0.0,4.3,3.5999999999999996,0.0,2.0,0.0,2.4,1.7,1.4,1.0,0.0,0.0,1.9,0.0,0.0,2.4
69247e0e44e4cccaa87c25d9,3.35,0.0,0.0,4.066666666666666,4.5,0.0,1.5,4.066666666666666,0.0,3.2,4.1,0.0,3.0,4.4,0.0,0.0,0.0,0.0,0.0,2.95,0.0,0.0,0.0,4.6,0.0,0.0,1.9,2.7,0.0,3.6500000000000004,2.95,4.4,0.0,0.0,3.95,0.0,1.5333333333333332,3.9499999999999997,0.0,0.0,0.0,1.35,0.0,1.8,0.0,0.0,1.3,1.8,4.7,0.0,2.8,3.85,1.3,0.0,0.0,0.0,0.0,0.0,0.0,1.7,0.0,0.0,2.9,1.0,1.2666666666666666,1.0,2.6,1.8,2.1,0.0,0.0
69247e0e44e4cccaa87c25da,3.55,1.8499999999999999,3.0,3.8,5.0,1.4,0.0,4.65,0.0,3.2,2.9,3.75,0.0,3.3,4.25,4.3,3.6,2.8499999999999996,4.8,0.0,0.0,2.75,3.0666666666666664,3.3,0.0,1.6,2.033333333333333,1.6,4.6,4.9,3.3666666666666667,4.7,4.1,3.25,3.75,5.0,1.6,4.15,3.8,2.2,0.0,0.0,3.1,1.7000000000000002,2.65,2.95,0.0,2.0,3.9,1.0,3.0,3.1,0.0,0.0,3.5999999999999996,0.0,0.0,0.0,1.0,1.7,0.0,0.0,0.0,2.6,1.4,0.0,0.0,1.6,0.0,4.7,0.0
69247e0e44e4cccaa87c25db,3.733333333333333,0.0,2.1,4.4,5.0,0.0,2.1,4.2,0.0,4.5,2.4,3.0,3.7600000000000002,4.133333333333334,3.8666666666666667,0.0,4.0,3.5,0.0,2.85,0.0,0.0,3.1,3.8,0.0,1.0333333333333334,0.0,2.966666666666667,4.1,4.05,2.9,5.0,0.0,3.9,3.6,5.0,1.4,4.4,0.0,2.1666666666666665,4.1,0.0,3.1,1.7,1.9500000000000002,2.9,0.0,2.1,4.3,1.55,2.75,3.3,0.0,3.4,4.4,5.0,4.0,2.8,0.0,1.95,3.0,0.0,0.0,1.5,0.0,0.0,3.3499999999999996,2.4,0.0,5.0,2.8
69247e0e44e4cccaa87c25dc,3.4333333333333336,2.1,2.075,3.3,4.45,2.3333333333333335,0.0,0.0,2.3,0.0,0.0,2.9,4.1,3.4,0.0,0.0,0.0,2.9333333333333336,4.0,3.1,3.3333333333333335,2.8499999999999996,3.0,3.7,2.066666666666667,1.8999999999999997,1.5,3.15,4.6,4.5,0.0,4.7,0.0,2.9,3.1,3.8,1.9000000000000001,3.4,0.0,2.3333333333333335,4.0,1.9333333333333333,4.5,1.5499999999999998,0.0,4.2,0.0,0.0,0.0,1.35,2.7,0.0,2.5,0.0,3.3499999999999996,3.5666666666666664,0.0,0.0,0.0,3.4,3.075,2.5,0.0,1.2,1.5,1.15,3.733333333333333,2.5,1.3,4.366666666666666,0.0
69247e0e44e4cccaa87c25dd,3.6500000000000004,1.8,2.2333333333333334,4.333333333333333,0.0,1.9,1.575,0.0,0.0,3.5,2.8,4.0,4.3,3.1,4.0,0.0,3.4,3.25,4.800000000000001,4.2,0.0,2.775,0.0,3.7,1.2666666666666666,1.7,1.6,0.0,0.0,4.2,0.0,0.0,3.733333333333333,0.0,2.9,4.7,0.0,4.0,3.5,2.0,0.0,1.8,4.35,1.6,3.0,4.1,0.0,1.0,4.9,1.3,3.5,3.7,2.2,3.4,2.9,4.050000000000001,3.2,3.9,0.0,1.8,3.15,1.9333333333333333,2.35,1.35,1.0,0.0,2.85,2.3333333333333335,0.0,0.0,0.0
69247e0e44e4cccaa87c25de,3.1,2.4,0.0,4.4,5.0,1.5,2.1,0.0,1.2,0.0,3.3,4.066666666666666,3.9,0.0,4.2,0.0,0.0,0.0,4.9,0.0,2.5,3.8,0.0,3.0,0.0,0.0,0.0,3.0,3.0,5.0,3.5,0.0,4.3,2.3,3.1,0.0,1.4000000000000001,3.4,0.0,2.25,3.1,1.4,4.35,0.0,0.0,4.1,0.0,1.075,4.800000000000001,1.35,2.3,0.0,2.3,4.1,0.0,4.6000000000000005,4.9,3.0,1.0,2.95,0.0,1.7999999999999998,2.7,1.7,1.0,1.3,0.0,1.85,0.0,5.0,3.5
69247e0e44e4cccaa87c25df,2.5,0.0,2.55,3.7,4.7,1.8666666666666665,1.6666666666666667,4.0,0.0,4.166666666666667,2.8499999999999996,3.4,0.0,4.6,3.95,4.35,2.4,0.0,4.35,2.75,3.9,0.0,3.6,3.7,1.3,0.0,0.0,0.0,3.8000000000000003,4.5,3.3,5.0,4.2,2.5999999999999996,4.4,4.7,1.65,4.5,4.6,2.8,0.0,0.0,0.0,2.2666666666666666,3.0,0.0,2.2,1.0,0.0,1.5666666666666664,3.033333333333333,3.9,0.0,0.0,0.0,0.0,4.8,3.3,1.7,1.9,3.1500000000000004,0.0,3.1,0.0,1.0,0.0,0.0,0.0,0.0,0.0,2.85
69247e0e44e4cccaa87c25e0,3.233333333333333,2.3,0.0,4.15,4.4799999999999995,0.0,1.4666666666666668,4.0,0.0,0.0,2.9,2.7,4.05,4.3,4.6,4.45,3.5,2.8499999999999996,4.5,4.1,3.1,0.0,3.6,4.0,1.8,0.0,0.0,3.4,3.3499999999999996,4.35,3.3333333333333335,4.7,3.05,2.2,0.0,4.7,1.5333333333333332,0.0,0.0,0.0,4.3,1.4,4.8,1.7,1.7,3.7,0.0,2.25,4.6,0.0,3.7,2.9,0.0,3.15,3.0,0.0,0.0,2.9,0.0,1.6,0.0,1.0,3.1,0.0,1.5,0.0,3.5,0.0,0.0,4.2,2.1
69247e0e44e4cccaa87c25e1,2.6500000000000004,1.7666666666666666,1.7999999999999998,0.0,4.9,3.1,1.15,4.45,0.0,0.0,3.2,3.5666666666666664,3.5,4.75,3.5,3.9,4.3,2.5,4.5,0.0,0.0,0.0,4.0,3.7,0.0,1.25,1.7,0.0,0.0,4.15,0.0,4.75,0.0,0.0,3.0,4.3,1.5,3.966666666666667,4.1,1.3,0.0,1.8,3.7,2.2,1.85,0.0,2.0,1.5,4.699999999999999,1.0,0.0,0.0,0.0,0.0,3.0,4.7,3.9499999999999997,3.3,1.3,3.4,2.65,0.0,2.3,0.0,1.85,1.5,3.3,1.1,0.0,4.7,0.0
69247e0e44e4cccaa87c25e2,2.2,1.2,1.5,0.0,5.0,0.0,1.3,4.3,2.6333333333333333,4.0,0.0,2.5,3.05,3.7,3.5,5.0,0.0,3.8,5.0,0.0,0.0,3.5,0.0,3.8,2.4,2.1,0.0,2.466666666666667,3.5999999999999996,0.0,2.6,4.066666666666666,3.8000000000000003,0.0,3.25,4.066666666666666,0.0,0.0,0.0,2.075,2.8,0.0,3.6,1.72,0.0,2.95,1.3,1.0,4.3,0.0,0.0,3.1,0.0,3.15,0.0,4.3,0.0,0.0,0.0,1.9500000000000002,3.4,2.1,0.0,2.7,0.0,0.0,3.9,0.0,1.6,4.8,0.0
69247e0e44e4cccaa87c25e3,2.766666666666667,1.3666666666666665,1.75,4.4,4.95,0.0,1.3,3.6,1.4000000000000001,3.9,0.0,3.45,3.25,5.0,4.4,4.45,4.2,0.0,0.0,2.8,2.65,3.4,0.0,3.533333333333333,0.0,1.65,1.15,2.8,4.0,4.566666666666666,3.35,4.55,0.0,3.5,3.1999999999999997,0.0,1.5999999999999999,3.78,4.1000000000000005,2.075,3.4,2.2,0.0,1.65,0.0,3.9,0.0,1.2,0.0,1.2,3.6,3.466666666666667,0.0,3.6500000000000004,3.6,4.9,4.6,0.0,1.2,2.75,0.0,0.0,2.7,0.0,0.0,0.0,3.25,2.05,0.0,0.0,3.5
69247e0e44e4cccaa87c25e4,3.125,1.7600000000000002,1.85,4.6,5.0,1.7,1.0,4.166666666666667,0.0,3.3,4.1,3.4,3.2,4.05,4.075,4.7,3.7,0.0,0.0,3.35,2.8,3.0999999999999996,0.0,4.7,1.65,0.0,2.1,2.066666666666667,0.0,4.7,0.0,4.666666666666667,2.75,2.8,0.0,0.0,1.3,4.3,3.1,1.5,3.4333333333333336,1.7,4.3,1.6,0.0,0.0,1.7666666666666668,2.2,0.0,1.4,3.3,0.0,0.0,0.0,3.25,5.0,0.0,0.0,0.0,0.0,0.0,0.0,3.0,1.25,1.0,1.9,2.75,1.6,2.1,0.0,0.0
69247e0e44e4cccaa87c25e5,2.8,1.0,2.2333333333333334,4.066666666666666,0.0,2.8,1.0,4.25,1.95,0.0,0.0,2.5,3.8000000000000003,4.8,3.3,5.0,2.5,0.0,4.2,3.033333333333333,2.3499999999999996,2.5,0.0,3.75,1.5,1.6,1.1,0.0,3.9000000000000004,5.0,2.9,0.0,0.0,0.0,0.0,0.0,1.7000000000000002,3.733333333333334,4.3,1.6,0.0,1.0,4.1,0.0,3.4,4.4,2.0,0.0,4.95,1.2,2.7,3.8000000000000003,1.1,0.0,0.0,4.033333333333333,0.0,2.2,1.0,0.0,3.3,2.3,0.0,1.1,1.9,0.0,2.8,1.7333333333333334,1.1,4.3,2.2
69247e0e44e4cccaa87c25e6,2.975,1.6666666666666667,2.0,4.633333333333334,4.2,0.0,1.0,3.9000000000000004,1.8,4.0,0.0,2.9,3.766666666666667,3.7,4.1000000000000005,4.675,0.0,0.0,4.7,0.0,3.2,2.533333333333333,4.2,4.050000000000001,0.0,2.0,1.7000000000000002,3.2,4.033333333333334,3.25,2.3,4.4,4.0,0.0,3.25,4.4,1.5750000000000002,3.4,3.6666666666666665,1.8666666666666665,0.0,2.0,3.5,1.5,3.25,0.0,1.6,0.0,0.0,0.0,0.0,2.5,1.4,0.0,2.6,0.0,0.0,0.0,0.0,2.266666666666667,3.7,0.0,2.3,1.0,1.85,0.0,3.75,0.0,0.0,4.8,0.0
69247e0e44e4cccaa87c25e7,3.283333333333333,2.2,0.0,3.2,0.0,1.9000000000000001,1.8,4.5,2.8,3.7,2.4,3.3499999999999996,3.3333333333333335,5.0,3.4,5.0,2.8,3.25,4.55,3.7,0.0,2.8,0.0,3.45,1.2,1.0,2.4,2.1,0.0,0.0,3.0,4.733333333333333,4.0,2.8,3.7,5.0,1.525,3.75,0.0,2.1,0.0,1.1285714285714286,0.0,0.0,2.4,0.0,1.3,1.6,5.0,1.0,3.75,3.5999999999999996,2.5,0.0,0.0,4.0,5.0,0.0,2.1,2.2,3.0,1.8,1.5,2.3,0.0,0.0,3.9000000000000004,1.0,1.9,4.0,0.0
69247e0e44e4cccaa87c25e8,3.266666666666667,1.7666666666666666,0.0,4.275,0.0,2.2333333333333334,1.25,3.6,0.0,0.0,2.8,3.1,0.0,3.3,4.2,0.0,0.0,3.6,4.1,3.65,2.9,2.575,0.0,3.5999999999999996,1.4,2.2,0.0,0.0,0.0,0.0,4.2,3.9,3.45,0.0,3.35,3.8,1.6,3.1,3.7,1.9000000000000001,3.5,0.0,0.0,1.6000000000000003,2.9,0.0,1.25,1.7,4.4,1.0,3.5,3.55,0.0,0.0,0.0,4.6,4.6,3.5,1.5,2.466666666666667,0.0,0.0,0.0,1.3,0.0,0.0,0.0,1.4,1.7333333333333334,0.0,2.25
69247e0e44e4cccaa87c25e9,2.766666666666667,2.1,2.0,3.7,4.550000000000001,0.0,0.0,4.15,0.0,3.8499999999999996,3.7,3.6,0.0,0.0,3.9333333333333336,0.0,0.0,0.0,4.699999999999999,0.0,3.3,3.6666666666666665,3.0,4.1,1.65,0.0,2.6,2.75,3.4,4.75,3.1,4.7,0.0,0.0,3.6,4.3,1.7,3.9,4.05,1.9500000000000002,0.0,1.0,3.5,2.55,2.0,4.1,2.05,1.95,4.55,1.4666666666666668,3.25,3.0,1.6,0.0,2.9,0.0,4.65,0.0,1.5,2.55,3.6,1.7,0.0,0.0,0.0,2.2,2.8,1.775,1.45,4.15,2.533333333333333
69247e0e44e4cccaa87c25ea,2.9,1.575,1.2,4.033333333333334,4.433333333333334,2.4,1.4000000000000001,4.5,1.55,3.7999999999999994,0.0,3.7,4.05,4.0,4.35,4.9,2.3,2.6999999999999997,3.5,4.2,0.0,0.0,3.466666666666667,3.65,2.3,1.0999999999999999,1.75,0.0,2.8,0.0,2.9333333333333336,4.675,3.55,3.0,0.0,3.8,1.675,0.0,3.7,1.6333333333333335,0.0,1.45,0.0,0.0,3.1666666666666665,0.0,0.0,1.9,4.5,0.0,0.0,0.0,1.8,0.0,3.0,4.7,3.8000000000000003,0.0,1.0,0.0,0.0,1.95,1.8,1.4,1.4,1.2333333333333334,3.1999999999999997,2.066666666666667,0.0,3.9,3.0
69247e0e44e4cccaa87c25eb,2.5,2.1,2.4,0.0,5.0,0.0,1.4,4.066666666666666,2.7,4.0,3.4,3.4,4.2,3.8,0.0,0.0,3.4333333333333336,2.8,0.0,3.2,0.0,0.0,4.0,3.4,1.0,1.6,2.6,0.0,3.9,3.5,0.0,0.0,0.0,0.0,2.75,5.0,1.7,4.4,0.0,1.9000000000000001,0.0,0.0,4.175,1.6500000000000001,0.0,4.7,0.0,1.3,0.0,1.0,3.1,3.1,2.1,3.8333333333333335,3.3,4.7,0.0,3.7,1.0,0.0,0.0,0.0,3.2,2.4,0.0,0.0,0.0,1.7999999999999998,1.0,0.0,0.0
69247e0e44e4cccaa87c25ec,2.75,1.9,1.6,4.45,5.0,2.7,2.2,4.1,0.0,4.6,3.1,0.0,3.78,0.0,4.05,4.333333333333333,3.8,2.1,4.54,3.3,3.05,0.0,0.0,0.0,1.4666666666666668,1.2,1.7,0.0,2.9,0.0,3.1999999999999997,4.7,0.0,2.6,0.0,0.0,1.45,3.45,0.0,1.7,3.533333333333333,2.1,4.85,2.0,2.1,3.825,1.6,1.7999999999999998,0.0,1.575,2.5,4.0,0.0,0.0,2.95,4.0,3.3,2.65,0.0,3.2,2.75,1.3,0.0,2.1500000000000004,0.0,1.5750000000000002,3.4,2.0,1.0,0.0,3.05
69247e0e44e4cccaa87c25ed,3.25,2.1333333333333333,2.7,5.0,4.4,2.65,1.0,4.466666666666667,3.0,3.7,3.2,3.4,3.6,0.0,3.05,4.3999999999999995,0.0,0.0,4.4,0.0,2.6,2.733333333333333,3.5,3.3,1.05,1.9,1.3,2.55,3.9499999999999997,0.0,3.1,3.9,3.75,2.7,3.5333333333333337,4.5,1.3399999999999999,3.5,3.5,1.9500000000000002,0.0,1.0,4.2,1.5666666666666667,3.0,3.1,1.55,0.0,4.9,1.2,0.0,4.4,2.2,0.0,2.9,4.65,3.7,3.9,1.0,2.45,0.0,1.0,0.0,2.7,0.0,0.0,3.0,1.9,1.0,4.4,0.0
69247e0e44e4cccaa87c25ee,3.5,1.6,2.8,3.7,4.1,2.4,0.0,4.4,0.0,0.0,3.1333333333333333,0.0,2.7,4.2,4.133333333333334,0.0,2.4,3.3,0.0,0.0,2.6,0.0,3.8,3.2,0.0,1.25,2.1,0.0,0.0,4.9,0.0,5.0,0.0,4.0,3.7,4.35,1.3199999999999998,0.0,4.4,1.8399999999999999,0.0,2.0,3.533333333333333,0.0,0.0,0.0,1.0,1.0,4.5,0.0,2.5,4.266666666666667,0.0,0.0,0.0,0.0,4.15,3.7,0.0,0.0,0.0,0.0,3.1,1.4500000000000002,2.0,1.65,3.0,2.0,1.25,3.8666666666666667,3.5
69247e0e44e4cccaa87c25ef,2.6333333333333333,2.066666666666667,2.1,4.366666666666666,4.5,3.0,1.4,3.55,0.0,3.6,3.6999999999999997,2.8000000000000003,3.6,3.7,3.55,4.433333333333333,0.0,3.45,0.0,0.0,2.1,2.5666666666666664,3.3,3.35,1.0,1.1333333333333333,2.2,1.8,4.4,4.9,3.7,0.0,4.0,3.3,3.0,0.0,1.2,3.45,3.8000000000000003,2.25,0.0,1.0,4.0,0.0,2.85,0.0,1.1,1.9,0.0,2.5,2.8499999999999996,0.0,1.0,3.4,4.35,0.0,0.0,3.4,0.0,2.0,2.4,2.15,0.0,0.0,1.6,1.65,2.7,2.3,1.0,5.0,0.0
69247e0e44e4cccaa87c25f0,2.7,1.1,1.55,4.25,4.3,2.4,1.3,4.433333333333334,1.9000000000000001,0.0,3.5,3.4,3.8,4.1,0.0,4.375,3.6500000000000004,2.95,5.0,4.1,3.3,2.9,0.0,0.0,0.0,0.0,2.25,2.9,0.0,3.3,3.0,4.5,3.8,0.0,0.0,4.5,0.0,2.7,4.25,2.1999999999999997,4.2,1.55,4.050000000000001,0.0,2.1,0.0,0.0,1.0,4.1,1.25,3.8,3.65,0.0,0.0,0.0,0.0,3.9,0.0,0.0,2.1,0.0,0.0,1.6,2.0,0.0,1.0,3.1,0.0,0.0,4.8,2.9000000000000004
69247e0e44e4cccaa87c25f1,3.0,1.0,2.0999999999999996,3.6,4.9,2.5,1.35,3.8,1.7,3.3,2.6,2.8,3.75,4.3,0.0,0.0,0.0,2.0,0.0,3.8,3.7,2.1500000000000004,3.7,0.0,1.5,1.5,1.75,2.1,4.05,4.325,0.0,4.9,4.0,2.6,2.85,4.8,1.15,3.25,2.8499999999999996,0.0,4.166666666666667,0.0,4.25,1.0,3.5,0.0,1.55,0.0,4.75,1.0,3.8,0.0,1.7,0.0,0.0,0.0,0.0,0.0,1.6000000000000003,2.5,2.95,1.0,0.0,1.0,0.0,1.9,4.1,0.0,1.0,3.5,2.1
69247e0e44e4cccaa87c25f2,3.8666666666666667,2.25,2.25,3.6,5.0,2.5999999999999996,1.35,3.9000000000000004,0.0,0.0,3.7,4.2,3.9,0.0,0.0,4.2,0.0,0.0,0.0,0.0,3.05,2.95,2.8,4.074999999999999,1.0,1.4,0.0,2.3,3.54,4.8,0.0,4.65,4.3,3.9,3.5,0.0,1.1666666666666667,3.0,3.5,2.3,0.0,1.9,4.15,0.0,0.0,3.55,1.4,1.0,4.0,1.4,3.175,0.0,1.1,3.85,4.2,3.7,0.0,0.0,0.0,0.0,3.5,1.3,0.0,1.0,1.0,1.6,3.7,2.1,0.0,0.0,3.5
69247e0e44e4cccaa87c25f3,2.966666666666667,1.9,0.0,3.6,4.6,1.3,1.5,3.9,2.1,3.45,3.0,3.2,3.45,4.05,3.4,5.0,3.3499999999999996,2.9,5.0,2.5,2.0,3.1500000000000004,3.8,3.7,1.0,1.4666666666666668,0.0,2.8000000000000003,0.0,3.2,2.4,0.0,0.0,0.0,0.0,5.0,1.5333333333333332,3.0,3.0,2.6,4.0,1.2,3.55,1.0,0.0,3.5,1.55,0.0,0.0,2.0,0.0,2.7,0.0,0.0,2.6,4.7,0.0,0.0,1.4,2.3,2.95,0.0,2.4,0.0,1.5,0.0,0.0,1.3,0.0,0.0,3.6
69247e0e44e4cccaa87c25f4,3.0,1.7,0.0,3.8,5.0,2.466666666666667,0.0,4.566666666666666,2.65,3.466666666666667,3.4333333333333336,2.7,4.2,4.05,4.0,4.266666666666667,3.9,2.3499999999999996,4.45,3.3000000000000003,2.4,2.566666666666667,0.0,3.733333333333333,2.1,1.9,1.6666666666666667,2.8499999999999996,3.7,3.55,2.4,4.2,0.0,0.0,3.55,0.0,1.475,3.1,4.6,2.35,3.7,1.7,0.0,1.4,0.0,3.8,0.0,1.0,4.4,1.0,3.0666666666666664,3.7,1.4,3.1,0.0,5.0,3.5,0.0,1.0,2.9,0.0,1.0,0.0,2.2,0.0,1.6,0.0,1.35,0.0,4.5,2.8
69247e0e44e4cccaa87c25f5,3.275,1.5,2.066666666666667,4.0,4.0,1.4,1.3,3.95,1.2000000000000002,0.0,2.6500000000000004,3.5,2.9,3.65,4.65,4.0,0.0,3.6,0.0,3.45,3.05,0.0,2.6,2.8,1.65,0.0,1.4,2.55,4.4,0.0,3.4,4.6,3.2,0.0,3.2,0.0,1.46,3.7,0.0,2.5,3.6,1.2,4.5,1.3,1.7,4.6,1.0,0.0,0.0,1.2,2.5,2.9,1.2,3.2,2.8,0.0,0.0,0.0,0.0,2.1,0.0,2.6,0.0,0.0,0.0,1.9,2.75,0.0,2.0,4.2,2.5
69247e0e44e4cccaa87c25f6,2.9333333333333336,1.5,2.9,4.033333333333333,3.9,2.5,0.0,5.0,1.5,3.6,2.4,2.3,3.6,0.0,4.3,4.433333333333334,3.6,2.55,4.65,3.2,3.9,3.3,3.3,4.2,1.6,0.0,0.0,3.35,3.75,3.8,3.125,4.2,3.7,2.1,3.5,5.0,1.8,2.8,3.5200000000000005,1.7000000000000002,4.2,1.7999999999999998,3.1,2.5,1.9,3.6999999999999997,0.0,0.0,4.2,1.6,3.3,0.0,2.7,3.2,4.1,3.6,3.7,3.7,0.0,3.1,0.0,1.05,3.1,0.0,0.0,0.0,2.6,1.6,0.0,4.4,0.0
69247e0e44e4cccaa87c25f7,3.216666666666667,2.3,2.2333333333333334,4.300000000000001,5.0,2.2,1.5,4.4,0.0,0.0,2.2,2.8,4.25,0.0,3.5666666666666664,4.5,0.0,3.0,3.6,3.1,3.8,2.7,3.05,0.0,1.0,1.6,0.0,0.0,0.0,4.7,3.9,0.0,0.0,0.0,3.2,3.8666666666666667,1.4000000000000001,3.6500000000000004,0.0,2.25,3.6,2.3499999999999996,3.4,1.9,0.0,4.0,0.0,0.0,5.0,0.0,0.0,0.0,0.0,3.25,3.3,4.3,0.0,2.5999999999999996,0.0,2.9,2.6,1.1,0.0,1.8,1.0,0.0,0.0,1.7,0.0,5.0,0.0
69247e0e44e4cccaa87c25f8,3.45,1.55,1.6,4.533333333333333,0.0,0.0,1.35,5.0,1.8,3.3666666666666667,2.9,2.3499999999999996,4.5,4.5,0.0,4.699999999999999,2.8000000000000003,3.1,4.6,2.7,0.0,0.0,4.0,0.0,1.0,1.6,2.7,1.7999999999999998,3.8,4.2,0.0,0.0,0.0,3.1,2.9,4.1,1.4333333333333333,3.233333333333333,3.4,2.1999999999999997,3.0,1.3,3.2,1.225,0.0,3.5,1.2,1.425,5.0,1.0,3.8499999999999996,3.15,0.0,3.15,3.65,4.35,3.7,0.0,1.6,2.6,3.2,1.9,2.4,0.0,0.0,1.0,2.8,2.05,1.35,0.0,0.0
69247e0e44e4cccaa87c25f9,2.3,1.25,1.4,4.58,4.8,2.0,1.0,4.0,1.95,0.0,3.3,3.15,0.0,0.0,0.0,0.0,0.0,2.1,5.0,3.9,2.3,0.0,3.3499999999999996,3.4,0.0,1.0,0.0,0.0,3.8,0.0,2.4,0.0,4.0,3.0,2.8,4.4,1.0,3.8,3.3,2.1,4.0,2.1,4.75,2.1666666666666665,0.0,0.0,1.8,0.0,4.75,0.0,3.5,3.633333333333333,1.6,3.3,2.9,3.7,3.1,3.5,0.0,0.0,0.0,1.8,1.8,0.0,1.5,0.0,2.9,2.4,1.0,0.0,0.0
69247e0e44e4cccaa87c25fa,3.9499999999999997,0.0,1.8,0.0,4.733333333333333,2.4333333333333336,0.0,5.0,2.5,0.0,0.0,2.8499999999999996,0.0,4.9,4.075,5.0,0.0,0.0,3.9499999999999997,3.5,0.0,2.2,0.0,0.0,1.7,1.35,1.4,3.2,3.95,4.05,3.7,0.0,3.6500000000000004,3.8,3.7,4.833333333333333,1.35,3.3,4.4,2.1,4.2,2.4,0.0,2.05,0.0,3.6,1.0,0.0,4.533333333333334,0.0,0.0,0.0,0.0,0.0,0.0,3.5,3.6999999999999997,0.0,0.0,1.8,3.25,1.9,1.8,1.1,1.9,2.35,3.65,0.0,0.0,0.0,3.25
69247e0e44e4cccaa87c25fb,3.02,1.3,2.225,5.0,4.866666666666666,2.433333333333333,1.0,4.5,0.0,3.0,3.2,3.0,4.5,3.6,4.45,4.6,3.3,2.2,3.7,3.1,2.45,0.0,3.3,0.0,1.725,2.2,1.0,1.9,3.7,3.75,2.9333333333333336,4.1,0.0,2.0,2.7,0.0,1.3,0.0,4.0,0.0,0.0,0.0,5.0,2.3,0.0,0.0,0.0,1.2,0.0,0.0,3.2,0.0,2.1,4.0,3.9,4.4,0.0,0.0,0.0,0.0,0.0,0.0,0.0,1.3,1.45,0.0,0.0,1.5,2.0,3.4,0.0
69247e0e44e4cccaa87c25fc,2.5999999999999996,1.15,2.8,3.5666666666666664,4.633333333333334,1.6,1.0999999999999999,3.9333333333333336,0.0,2.8,2.4,2.95,3.233333333333333,4.1,3.483333333333333,4.65,2.5,2.3,0.0,3.0,0.0,3.8,0.0,3.8499999999999996,1.45,1.75,1.5,2.1,3.7,3.9,4.1,5.0,0.0,2.5,0.0,5.0,1.5,3.6500000000000004,4.1,2.5,4.3,2.4,4.25,0.0,0.0,3.7,1.0,1.2,4.6,0.0,0.0,3.466666666666667,1.4,3.35,0.0,0.0,0.0,3.8,0.0,2.3000000000000003,2.7,1.2,2.3,1.5,1.3,2.15,3.9,1.3666666666666665,2.0,4.4,0.0
69247e0e44e4cccaa87c25fd,0.0,1.4,2.1,4.4,4.66,2.275,1.7000000000000002,5.0,1.9500000000000002,3.7,3.1333333333333333,0.0,3.1,4.733333333333333,3.85,4.475,2.8,0.0,4.1,3.6,3.0666666666666664,3.0999999999999996,4.133333333333334,3.7,2.3,1.8,0.0,1.9,3.3,3.6,3.6,5.0,3.8,2.55,3.55,5.0,1.6,0.0,3.2,2.6666666666666665,0.0,0.0,4.8,0.0,0.0,2.95,0.0,1.0,4.699999999999999,1.9,0.0,0.0,0.0,0.0,4.4,0.0,3.2,3.9,1.8,0.0,0.0,1.8,2.65,2.2,0.0,0.0,3.9,2.1,0.0,3.9,2.966666666666667
69247e0e44e4cccaa87c25fe,3.25,1.4000000000000001,1.7000000000000002,3.2,4.800000000000001,2.6,1.0,4.466666666666667,1.8,0.0,0.0,3.3,2.8,0.0,0.0,3.9,0.0,3.3,4.2,3.5,3.8,4.0,0.0,4.375,2.0,1.0,2.1,1.5,3.65,4.1,0.0,4.6,3.8666666666666667,0.0,3.7,4.833333333333333,1.55,3.7,2.8,1.35,0.0,1.7,4.3,0.0,0.0,0.0,1.7,2.3,0.0,2.1,0.0,0.0,0.0,0.0,0.0,0.0,0.0,3.6,0.0,3.0,0.0,1.0,1.8,2.6,2.1,0.0,4.3,0.0,0.0,0.0,2.9000000000000004
69247e0e44e4cccaa87c25ff,3.575,1.5,1.8,4.25,4.0,3.1,1.0,4.6625,2.1,3.8,3.05,3.7,4.0,3.3,3.4499999999999997,4.25,3.1666666666666665,3.05,4.4,0.0,3.4,3.25,3.7,4.4,0.0,1.6,2.6999999999999997,0.0,3.7,4.666666666666667,0.0,4.35,3.8499999999999996,3.45,2.6,4.7,1.85,3.35,3.9000000000000004,1.9666666666666668,3.75,0.0,4.033333333333333,1.6666666666666667,2.4,3.0,1.4000000000000001,2.1,0.0,1.2,3.8,4.4,1.6,3.25,0.0,0.0,0.0,3.5,1.1,2.0,2.8,0.0,0.0,0.0,1.0,1.0,4.2,2.3,0.0,4.6,3.4
69247e0e44e4cccaa87c2600,2.8333333333333335,1.7999999999999998,1.9,4.9,4.133333333333334,1.8666666666666665,0.0,4.5,0.0,3.95,2.5,3.7,4.175,3.3,4.5,4.1,3.2,0.0,0.0,0.0,3.25,2.7,3.4000000000000004,0.0,1.85,1.4000000000000001,2.0,2.6,4.2,0.0,0.0,5.0,3.7,3.0,3.6333333333333333,4.5,1.0,3.6,3.533333333333333,3.0,3.2,0.0,4.05,1.85,1.8,0.0,0.0,1.6,4.8,0.0,2.75,0.0,1.86,0.0,2.6,4.9,0.0,3.4,1.15,1.7,2.45,0.0,2.0,1.4,1.0,0.0,3.6,2.55,1.0,0.0,0.0
69247e0e44e4cccaa87c2601,2.4,1.7,1.35,3.2,0.0,2.3000000000000003,1.3,0.0,1.5,0.0,2.7,3.4,0.0,4.8,4.0,0.0,0.0,2.65,3.9,3.6,2.8,2.8,0.0,4.3,0.0,1.4,0.0,3.2,3.4,3.6666666666666665,3.3,5.0,0.0,0.0,0.0,0.0,1.3333333333333333,4.05,0.0,1.75,0.0,0.0,3.766666666666667,1.3,2.7,4.2,0.0,1.8,0.0,0.0,2.5,3.0,0.0,0.0,3.6,4.3,0.0,3.7,1.2666666666666666,1.6,0.0,0.0,1.6,0.0,0.0,2.2,3.1666666666666665,1.6,0.0,3.5,0.0
69247e0e44e4cccaa87c2602,3.7,0.0,1.9,3.9,4.4,3.3,1.65,0.0,0.0,3.9,0.0,0.0,3.1,4.8,2.9,0.0,0.0,2.15,0.0,3.5,3.1,3.8,3.1500000000000004,2.8,0.0,0.0,2.0,2.85,4.2,4.6,2.8499999999999996,0.0,0.0,3.6,0.0,0.0,1.9,0.0,3.3,0.0,3.1,0.0,4.4,1.6,2.25,0.0,1.6500000000000001,1.2,5.0,0.0,3.2,3.7000000000000006,0.0,3.8,2.9,4.8,3.25,2.4,1.35,2.25,0.0,0.0,2.9,0.0,1.0,0.0,4.3,2.4,2.3,0.0,3.1
69247e0e44e4cccaa87c2603,0.0,1.775,1.95,4.0,4.7,0.0,0.0,4.233333333333333,0.0,3.5,2.9333333333333336,2.4,3.45,3.4,0.0,4.333333333333333,3.75,2.575,5.0,4.05,2.6,3.6500000000000004,3.675,3.1,0.0,0.0,1.5,3.1,4.7,5.0,3.5666666666666664,0.0,3.6,2.3,3.4,5.0,1.0,3.3,0.0,2.7,4.2,0.0,3.1,2.5,2.7,0.0,1.0,1.35,5.0,1.7,0.0,3.533333333333333,2.9,3.0,3.3,4.3,0.0,0.0,1.7,3.4,0.0,1.4333333333333333,2.35,0.0,1.0,2.2,3.1500000000000004,0.0,1.8,0.0,0.0
69247e0e44e4cccaa87c2604,3.3,0.0,2.46,4.233333333333333,5.0,1.3,1.4333333333333336,0.0,1.9,0.0,4.1,4.2,3.866666666666667,4.466666666666667,4.449999999999999,4.7,0.0,0.0,5.0,2.95,0.0,2.875,3.7,3.966666666666667,1.9000000000000001,1.2,0.0,2.1,0.0,4.5,3.9,4.6,4.1,3.3,4.0,4.5,1.2,0.0,3.9499999999999997,0.0,0.0,1.6500000000000001,4.800000000000001,1.9,2.9,3.8,0.0,1.1,4.8,1.0,2.7,0.0,1.8,0.0,0.0,0.0,3.1,0.0,1.6333333333333335,2.7,4.0,2.0,2.7,2.3,0.0,1.1,2.9,1.0,1.8,0.0,0.0
69247e0e44e4cccaa87c2605,2.84,1.26,2.4000000000000004,0.0,4.1,2.3,1.6,4.05,2.05,3.0,2.4,3.5666666666666664,3.6,3.7,0.0,4.36,4.3,2.2,4.15,3.3,3.3,0.0,3.1,3.6666666666666665,1.0,1.0,2.7,2.75,3.85,4.5,2.4,4.1,0.0,2.5,2.8,4.4,2.0,0.0,3.1,1.5,4.3,0.0,0.0,1.0,2.5,0.0,1.2333333333333334,1.8333333333333333,0.0,1.7,0.0,3.5749999999999997,0.0,3.5,3.7,4.0,0.0,3.4,0.0,0.0,2.9000000000000004,0.0,0.0,0.0,2.2,0.0,3.05,0.0,1.75,0.0,0.0
69247e0e44e4cccaa87c2606,2.8000000000000003,1.45,1.6,4.45,5.0,3.0999999999999996,2.0,4.4,2.25,3.266666666666667,3.2,3.45,2.7,4.050000000000001,4.6,4.1000000000000005,2.9,2.825,4.8,3.0,0.0,2.6,3.3333333333333335,3.8000000000000003,0.0,1.8,1.6,2.7,4.3,3.6,3.15,4.800000000000001,0.0,3.45,3.233333333333333,0.0,1.9,2.6,3.3333333333333335,0.0,2.8,1.7333333333333332,0.0,0.0,0.0,0.0,1.2,1.6,0.0,1.15,2.7,2.9,2.1,0.0,3.05,3.95,0.0,0.0,0.0,1.85,0.0,1.4,1.7,0.0,1.6,1.8,3.8,2.0,2.3,4.3,0.0
69247e0e44e4cccaa87c2607,2.4,2.5,2.1,3.9799999999999995,4.7,3.0,1.0,4.2,0.0,0.0,0.0,3.2,3.7,4.3,0.0,4.3,3.0,3.5,0.0,3.8,2.6,0.0,2.8,4.7,0.0,0.0,0.0,2.8000000000000003,2.8,3.65,3.5,4.3999999999999995,0.0,3.1,4.2,4.9,1.0,3.9,4.0,1.75,4.3,1.75,3.8,1.75,2.75,4.6,1.3,2.1,4.4,1.6,3.0999999999999996,3.55,0.0,2.7,2.9333333333333336,0.0,4.65,2.2,1.0,2.25,2.8,1.7000000000000002,2.5,0.0,0.0,1.0,3.25,1.65,0.0,3.8,0.0
69247e0e44e4cccaa87c2608,2.466666666666667,2.0,1.25,3.9799999999999995,5.0,1.5,1.7333333333333332,4.4,0.0,0.0,0.0,0.0,4.0,0.0,3.55,0.0,2.8,2.6500000000000004,4.0,0.0,0.0,2.5,4.1,3.75,0.0,2.0,0.0,1.9000000000000001,3.8,4.266666666666667,0.0,4.3,3.7,0.0,0.0,0.0,1.3,3.25,0.0,2.35,3.5999999999999996,1.8,0.0,1.7,0.0,0.0,1.1,0.0,3.8,1.2,3.5999999999999996,2.7,0.0,0.0,4.1,4.1,4.466666666666667,3.7,1.0,2.5,0.0,1.8,0.0,1.7,1.0,1.4,3.8333333333333335,1.4,0.0,4.95,0.0
69247e0e44e4cccaa87c2609,3.2,1.0,2.1,4.2,0.0,2.2,1.6333333333333335,0.0,0.0,3.8,2.5,0.0,4.0,3.95,0.0,0.0,0.0,2.65,4.725,0.0,0.0,2.4,3.266666666666667,3.65,1.6,1.0,2.8,3.0,4.35,4.266666666666667,2.5,0.0,0.0,0.0,2.7,4.3,1.0,3.55,3.6999999999999997,2.8,4.2,1.1666666666666667,3.4,1.9500000000000002,2.7,0.0,1.2,1.05,4.5,2.3,2.4,3.55,2.9,0.0,0.0,4.5,3.7,3.7,1.0,2.8,0.0,2.2,2.95,2.5,1.0,0.0,3.533333333333333,1.3666666666666665,1.8,3.8,2.9
69247e0e44e4cccaa87c260a,2.8666666666666667,2.1,0.0,4.35,4.2,2.1,1.3666666666666665,4.75,0.0,2.7,0.0,0.0,4.2,4.8,3.533333333333333,3.8,0.0,2.9,4.3999999999999995,0.0,2.75,0.0,3.85,0.0,0.0,1.0,0.0,2.9,0.0,4.633333333333334,3.6,4.0,0.0,2.5,0.0,4.7,1.0,3.85,3.3,1.6,2.9,2.4,3.85,1.4,2.1,4.5,1.2,1.3,5.0,1.9,3.3,3.3,1.75,2.7199999999999998,3.65,0.0,0.0,0.0,1.0,2.3,2.2,1.7666666666666666,2.35,0.0,1.6,1.15,0.0,2.5,0.0,0.0,0.0
69247e0e44e4cccaa87c260b,2.5,1.0,1.8666666666666665,4.25,4.366666666666667,1.7,1.0,4.5,0.0,3.4333333333333336,0.0,3.4,3.3000000000000003,4.9,4.1,4.35,0.0,3.0999999999999996,4.5,0.0,0.0,2.7,0.0,3.4333333333333336,1.2666666666666666,1.0,2.4,2.3666666666666667,4.3,4.35,4.199999999999999,4.45,0.0,3.5,4.0,3.8499999999999996,1.0,3.1,3.9,2.6,4.2,2.1,3.5,0.0,2.8,0.0,2.3,1.2,0.0,1.6,3.6,3.1333333333333333,0.0,0.0,0.0,3.9,3.8333333333333335,0.0,1.0,3.4,0.0,1.0,0.0,0.0,0.0,0.0,3.8,1.0,1.55,0.0,0.0
69247e0e44e4cccaa87c260c,2.82,0.0,2.2,3.975,4.4,3.3,1.3,0.0,1.5,3.95,3.9,2.8,3.05,5.0,3.9499999999999997,0.0,0.0,3.7,0.0,4.0,3.1,3.0,3.45,3.0,0.0,0.0,0.0,2.233333333333333,0.0,3.9,0.0,4.9,0.0,2.9,4.4,4.633333333333334,1.4,3.4,3.8,0.0,3.5,1.0,3.1,1.45,2.3,3.95,1.5,0.0,4.4,1.4,3.7,0.0,2.25,0.0,3.1,4.2,0.0,0.0,1.5,0.0,0.0,2.5,0.0,0.0,1.1,1.25,0.0,1.7,0.0,5.0,0.0
69247e0e44e4cccaa87c260d,3.0,2.2,1.5,4.066666666666666,4.0,0.0,1.6500000000000001,4.3999999999999995,1.5,3.55,0.0,0.0,3.5,0.0,4.3,5.0,0.0,2.8,3.5,3.5,3.7,0.0,4.0,0.0,1.8,0.0,1.75,3.5,4.6,0.0,2.3,5.0,3.5,0.0,0.0,3.7,1.5,3.4,0.0,2.066666666666667,2.9,1.4500000000000002,0.0,1.25,0.0,4.1,1.0,1.3,5.0,2.2,3.0,3.8,0.0,0.0,0.0,0.0,4.6,0.0,1.0,3.0,3.9,2.7,2.1,1.0,1.0,1.1,2.5,0.0,1.15,4.2,2.7
69247e0e44e4cccaa87c260e,2.925,2.0,1.7000000000000002,5.0,4.85,2.766666666666667,1.15,5.0,2.9,4.1,2.9,3.6799999999999997,3.733333333333333,4.3999999999999995,3.4,4.699999999999999,3.3499999999999996,2.6999999999999997,4.25,0.0,3.45,0.0,0.0,3.7,0.0,0.0,0.0,0.0,3.1666666666666665,4.0,3.4,3.8,0.0,3.9,2.8,4.633333333333333,1.7,0.0,3.3,0.0,2.7,1.8333333333333333,3.3,2.3,0.0,3.45,0.0,1.5,0.0,1.5,3.5,0.0,0.0,0.0,2.95,4.1,3.5,0.0,0.0,1.6,0.0,1.15,0.0,0.0,0.0,0.0,3.6,2.2,1.8,0.0,0.0
69247e0e44e4cccaa87c260f,2.95,1.7,2.05,4.6,4.675,1.9,0.0,3.8,0.0,0.0,3.3,3.1,3.55,0.0,0.0,3.8,3.2,2.1,4.5,0.0,3.7,0.0,3.9,0.0,1.0,2.0,1.0,0.0,3.4,0.0,3.2,0.0,4.1,0.0,0.0,5.0,1.75,3.0,0.0,0.0,0.0,1.7999999999999998,0.0,2.6,2.3000000000000003,3.55,2.1,0.0,4.0,1.6,2.6,3.75,1.7,4.3,0.0,0.0,0.0,0.0,0.0,0.0,2.0,1.5333333333333332,1.4,1.5,0.0,0.0,3.6500000000000004,2.7,1.4,4.1,2.8
69247e0e44e4cccaa87c2610,3.2,1.75,2.6999999999999997,4.8,4.4,2.2,1.3,4.1000000000000005,0.0,3.5999999999999996,3.8,0.0,0.0,4.9,0.0,5.0,0.0,2.5999999999999996,4.1,2.9,3.1333333333333333,3.1,2.8,0.0,1.7,1.35,2.0,2.85,2.8,3.8,4.2,5.0,3.7,2.6666666666666665,2.9,0.0,1.05,4.4,0.0,2.9,0.0,1.0,4.1,0.0,0.0,3.6,1.7,2.3,0.0,1.0,2.5,3.25,2.1,0.0,0.0,0.0,4.8,0.0,0.0,0.0,0.0,0.0,0.0,1.5499999999999998,1.8,1.0,3.65,1.4,2.3,0.0,3.5
69247e0e44e4cccaa87c2611,0.0,1.9,2.6,4.8,3.9,0.0,1.55,0.0,1.3,3.4,3.266666666666667,3.6,3.8,4.1,3.15,0.0,0.0,0.0,4.4,0.0,3.5,3.05,3.625,0.0,0.0,0.0,2.2,2.45,3.8000000000000003,4.5,3.0999999999999996,0.0,0.0,3.4,3.35,0.0,1.3599999999999999,4.1000000000000005,3.6,1.8666666666666665,0.0,1.15,4.25,0.0,0.0,0.0,0.0,0.0,0.0,1.4,3.1,0.0,0.0,2.8,0.0,0.0,0.0,3.2,1.0,1.8,0.0,0.0,1.6,1.1,1.0,0.0,3.5666666666666664,1.5,0.0,4.1,0.0
69247e0e44e4cccaa87c2612,3.375,2.0,2.35,4.075,0.0,0.0,0.0,4.175,1.9,3.9,0.0,3.3000000000000003,4.3,3.8,3.5,4.533333333333333,0.0,2.35,4.55,3.5666666666666664,2.733333333333333,2.5,0.0,0.0,1.4,1.65,2.4,2.9,0.0,4.266666666666667,0.0,4.2,0.0,0.0,3.6,3.6,1.3199999999999998,3.6333333333333333,4.55,1.7,3.5,0.0,3.5,1.0,0.0,3.0,0.0,0.0,4.5,0.0,2.95,3.25,2.8,3.6999999999999997,0.0,4.3,3.85,2.4,0.0,0.0,0.0,2.25,0.0,1.0,0.0,0.0,0.0,2.1,1.2,4.0,2.65
69247e0e44e4cccaa87c2613,4.0,1.9666666666666668,2.5,4.1000000000000005,4.5,0.0,1.2,4.449999999999999,1.866666666666667,2.9,3.6500000000000004,3.2,3.2,0.0,3.6,4.6,0.0,0.0,4.5,3.1,3.25,2.95,2.9,2.9,1.0,1.0,1.3,2.8499999999999996,3.975,4.0,0.0,0.0,0.0,0.0,3.675,5.0,1.0,3.1,2.8,0.0,0.0,1.0,3.4,1.6,2.3,4.6,1.6333333333333335,0.0,4.5,1.1,3.5999999999999996,0.0,2.6,0.0,3.7,4.45,0.0,3.8,0.0,1.8,0.0,2.5,2.0,2.4,0.0,1.3,0.0,1.1,0.0,3.5999999999999996,0.0
69247e0e44e4cccaa87c2614,2.3666666666666667,2.05,2.2,0.0,0.0,1.7,1.675,4.95,2.3666666666666667,4.6,3.1,0.0,3.9,0.0,3.466666666666667,4.3,2.6,3.1,3.9,0.0,0.0,2.4,3.7,2.9,1.5333333333333332,1.0,0.0,0.0,4.4,3.7,2.8,5.0,3.1,3.2,0.0,4.8,2.3,3.1,3.0,1.7999999999999998,0.0,0.0,4.0,1.7,2.6,3.9,0.0,1.9,0.0,2.1,3.75,3.85,0.0,0.0,3.0,0.0,0.0,0.0,0.0,0.0,0.0,0.0,0.0,0.0,1.1,0.0,3.15,1.7000000000000002,0.0,3.9,0.0
69247e0e44e4cccaa87c2615,2.8000000000000003,1.3,1.9,3.8200000000000003,4.85,2.15,1.35,4.95,1.0,3.3333333333333335,0.0,3.25,0.0,3.4333333333333336,3.766666666666667,5.0,0.0,2.4,5.0,3.6,3.1666666666666665,3.3,4.3,3.8499999999999996,1.7000000000000002,0.0,1.2,0.0,3.9,4.0,2.75,4.7,3.7,2.25,3.1999999999999997,4.5,1.1,0.0,3.3,3.1,0.0,1.0,4.15,1.7666666666666668,0.0,3.8499999999999996,1.7,1.8,0.0,1.65,3.3,0.0,1.8,0.0,4.1,4.0,0.0,4.1,1.0,0.0,2.6,1.6,3.2,0.0,0.0,0.0,3.1666666666666665,0.0,1.0,3.8,0.0
69247e0e44e4cccaa87c2616,3.466666666666667,1.35,0.0,4.2,4.85,2.225,0.0,4.266666666666667,0.0,4.3,3.3,3.4,0.0,0.0,3.1,0.0,3.6,0.0,4.4,3.6,3.033333333333333,0.0,0.0,4.1,1.4,1.1400000000000001,0.0,0.0,0.0,3.8,0.0,4.8,3.5999999999999996,2.7,3.5,0.0,1.0,3.3,0.0,0.0,0.0,1.8,4.7,1.85,2.7,0.0,1.0,0.0,0.0,0.0,0.0,3.25,2.3,4.1,0.0,0.0,3.9,2.8,1.0,2.65,0.0,0.0,0.0,0.0,1.36,1.95,3.75,0.0,0.0,0.0,0.0
69247e0e44e4cccaa87c2617,3.3,2.25,2.0,4.1000000000000005,5.0,0.0,1.6,3.6,0.0,3.05,2.6,2.733333333333333,0.0,4.5,3.55,4.366666666666666,3.15,3.0999999999999996,4.6,3.0999999999999996,0.0,3.0999999999999996,0.0,3.6,0.0,2.1,1.6,2.65,4.45,4.55,2.9000000000000004,4.675,4.0,3.7,3.7,4.15,1.0,4.05,4.7,1.5,4.7,1.2000000000000002,3.3,0.0,2.5,4.1,0.0,2.0,4.4,2.3499999999999996,0.0,3.6,2.7,2.6,0.0,0.0,0.0,0.0,0.0,3.2,3.4000000000000004,2.2,0.0,2.1,0.0,1.5,3.3000000000000003,2.3,1.2333333333333334,4.4,3.7
69247e0e44e4cccaa87c2618,3.04,1.6,2.4,3.8499999999999996,3.8,1.94,2.2,4.75,0.0,3.966666666666667,3.3,3.2,3.3,3.966666666666667,4.4,4.2,3.275,3.4000000000000004,4.4,3.8,3.5,3.4,0.0,3.733333333333333,1.0,0.0,2.8,2.4,4.4,4.6,3.3,4.45,3.6,0.0,4.4,4.6,1.2,0.0,3.75,1.9,4.0,1.0,4.3,1.3,2.7,4.0,0.0,0.0,0.0,0.0,2.2,4.5,2.1,3.5,0.0,3.9,3.6,0.0,0.0,0.0,0.0,2.4,2.2,2.3,1.6,2.1333333333333333,3.8333333333333335,1.7,0.0,4.5,3.5
69247e0e44e4cccaa87c2619,2.6500000000000004,1.45,0.0,4.8,4.4,2.3,2.2,3.8,1.5,0.0,2.6,0.0,0.0,0.0,0.0,4.6,3.6,3.2,3.4,0.0,0.0,0.0,3.4,0.0,0.0,0.0,2.55,0.0,4.4,0.0,3.25,4.3,3.5,3.2,0.0,0.0,1.125,3.5,4.3,1.6,0.0,0.0,4.033333333333333,1.8,3.0,4.0,2.1,1.5,4.35,0.0,0.0,4.2,2.1,0.0,0.0,0.0,4.7,0.0,0.0,3.3,3.9,0.0,3.2,1.7,0.0,1.9,4.0,0.0,2.1,3.7,3.7
69247e0e44e4cccaa87c261a,3.033333333333333,1.6,1.925,4.1,0.0,1.75,1.0,0.0,2.2,4.05,0.0,0.0,0.0,3.5,4.4,4.8,2.7,3.15,4.1,3.1500000000000004,2.9,3.0,0.0,0.0,0.0,1.0333333333333334,1.35,3.1,0.0,0.0,0.0,0.0,2.9,2.9,0.0,0.0,1.0,4.166666666666667,4.5,1.9000000000000001,0.0,0.0,3.5,2.1333333333333333,0.0,2.9,0.0,2.0,5.0,2.0,0.0,0.0,0.0,0.0,0.0,3.8,3.75,2.9,0.0,2.0,3.7,0.0,0.0,0.0,1.0,0.0,0.0,0.0,1.8,0.0,3.6
69247e0e44e4cccaa87c261b,2.6999999999999997,1.3,1.3,4.0,4.966666666666667,1.85,1.6,5.0,2.4,4.5,0.0,4.3,3.4,0.0,4.2,4.325,0.0,2.6333333333333333,0.0,3.5,2.9000000000000004,2.3333333333333335,4.2,3.4,0.0,1.85,1.6,1.6,3.9,4.2,3.6,0.0,3.1,0.0,2.8,4.8999999999999995,1.0,3.1,0.0,3.1,3.55,0.0,4.8,0.0,1.8,3.1,0.0,0.0,3.9,1.2,3.2,0.0,2.0,3.8,0.0,5.0,3.1,3.25,1.0,2.3,0.0,2.5,0.0,1.7333333333333334,1.45,1.0,0.0,1.6,1.5666666666666667,0.0,0.0
69247e0e44e4cccaa87c261c,2.7,1.5666666666666667,2.15,0.0,4.4,0.0,0.0,4.8,0.0,0.0,3.1500000000000004,3.766666666666667,0.0,3.925,2.8,0.0,0.0,2.0,4.9,3.5,3.2,0.0,3.0,2.7,0.0,1.0,0.0,3.4,4.15,4.35,3.4,0.0,0.0,3.4,3.9,4.633333333333333,1.2666666666666666,4.0,4.0,1.9333333333333336,0.0,1.65,3.6666666666666665,1.7666666666666668,2.0,0.0,1.3,0.0,4.066666666666666,2.0,2.8,0.0,1.4500000000000002,3.5,0.0,4.1,4.3,0.0,0.0,3.0,2.1,2.0,0.0,0.0,1.2,1.0,3.25,2.4,1.9,4.2,0.0
69247e0e44e4cccaa87c261d,2.5,0.0,2.9,3.966666666666667,4.42,1.8,1.125,4.26,1.9500000000000002,0.0,3.35,2.9333333333333336,3.8249999999999997,4.800000000000001,4.6,4.75,3.1,2.7,4.45,0.0,2.85,2.5,3.6,3.9,2.1,1.0,2.25,2.05,3.0,3.966666666666667,2.9333333333333336,0.0,2.9,3.366666666666667,3.2,4.666666666666667,1.4333333333333333,3.3,3.5,1.3,4.300000000000001,1.0,0.0,2.8,2.55,0.0,2.0,1.0,0.0,1.9,3.466666666666667,3.0,0.0,4.2,0.0,4.2,0.0,3.3,0.0,0.0,3.9,0.0,0.0,1.7,1.6,0.0,0.0,2.6,1.6,3.7,0.0
69247e0e44e4cccaa87c261e,3.1599999999999997,1.6,1.35,3.55,5.0,2.4,1.25,4.375,2.1999999999999997,0.0,2.2,4.25,3.75,3.8666666666666667,3.9,4.1,4.2,2.9,4.34,3.0,0.0,2.55,3.3,3.6999999999999997,0.0,1.15,2.2666666666666666,3.4,2.9,4.7,3.55,4.2,4.5,2.75,0.0,4.733333333333333,1.725,3.8499999999999996,4.5,2.45,4.6,0.0,0.0,0.0,2.2,3.7,1.1,0.0,0.0,2.3,3.4,0.0,0.0,0.0,0.0,4.45,0.0,2.2,1.1,2.6999999999999997,0.0,1.8666666666666665,2.5999999999999996,0.0,1.0,1.5,3.8,1.9,1.0,0.0,2.6
69247e0e44e4cccaa87c261f,0.0,0.0,2.1500000000000004,3.95,4.6000000000000005,2.45,0.0,4.4,1.5666666666666667,3.3,0.0,3.9,3.95,4.1,4.1,4.9,0.0,0.0,0.0,3.8,0.0,2.6999999999999997,0.0,3.4,0.0,1.6,1.7,0.0,0.0,0.0,0.0,4.433333333333334,3.0,0.0,3.6,4.4,1.0,3.6,4.0,2.2,3.1,1.5999999999999999,3.8,2.066666666666667,3.0,0.0,1.1,2.1,4.2,2.05,3.8,0.0,0.0,2.65,3.5,4.7,3.3,3.1,1.0999999999999999,2.3,3.0999999999999996,1.0,2.0,2.0,0.0,1.0,4.05,0.0,0.0,0.0,2.25
69247e0e44e4cccaa87c2620,2.9,1.7,0.0,0.0,4.95,2.35,1.3666666666666665,4.2,0.0,3.55,0.0,3.45,3.0,4.3,4.65,4.7,3.3499999999999996,2.1,0.0,4.1,2.7000000000000006,2.85,3.4499999999999997,3.7,1.05,1.55,2.4,3.3,4.1,0.0,3.8,5.0,4.1000000000000005,4.0,3.4,5.0,1.5,3.8,3.2,2.4,3.4,1.35,0.0,2.5,0.0,4.266666666666667,1.6,0.0,0.0,0.0,3.2,4.5,0.0,2.9000000000000004,3.233333333333333,4.066666666666666,3.45,0.0,1.0,3.1,0.0,2.3,0.0,2.05,1.45,1.0,0.0,2.6,0.0,4.5,0.0
69247e0e44e4cccaa87c2621,3.0,0.0,1.65,4.279999999999999,4.3,3.0,1.875,4.571428571428571,0.0,0.0,3.05,0.0,0.0,0.0,0.0,4.666666666666667,3.2,2.5,4.25,2.95,2.4,2.55,4.4,2.975,1.2,0.0,1.1,3.0,0.0,4.3,2.4,4.3,4.233333333333333,3.6,3.7,5.0,1.3,3.9,3.1,2.25,3.8,1.0,4.175,2.0999999999999996,0.0,4.05,0.0,0.0,0.0,0.0,2.95,3.1666666666666665,1.2333333333333334,2.6,3.3,4.5,4.0,3.5,1.0,3.0,0.0,0.0,2.45,2.5,1.6,1.8,3.25,2.0999999999999996,1.0,0.0,0.0
69247e0e44e4cccaa87c2622,3.325,1.85,1.5,3.7,0.0,2.7,1.3,4.8,2.15,3.55,0.0,3.5,3.4,4.45,0.0,5.0,3.45,2.9,4.6,3.466666666666667,2.7,3.28,0.0,3.5,1.0,1.65,2.15,1.9,0.0,3.7,3.05,0.0,3.6999999999999997,0.0,3.1666666666666665,4.4,1.55,0.0,3.9,1.8499999999999999,0.0,0.0,3.5999999999999996,1.7999999999999998,0.0,2.8,1.0,2.1,0.0,1.9,2.8,0.0,0.0,0.0,0.0,0.0,3.7,3.2,1.0,2.4,2.95,0.0,2.0,1.6,1.95,1.15,3.4,1.5499999999999998,1.6666666666666667,0.0,2.9333333333333336
69247e0e44e4cccaa87c2623,3.4333333333333336,0.0,1.85,4.0,4.7,2.15,1.72,4.4,2.0,3.35,0.0,3.2,3.5,4.5,4.1,3.95,2.4,0.0,3.5,3.9,3.6,0.0,3.9,3.766666666666667,2.2,1.0,0.0,1.5,0.0,3.8,0.0,4.5,0.0,2.2,0.0,5.0,1.3,4.3,0.0,3.0,3.65,0.0,0.0,1.4,2.1,0.0,2.1,0.0,4.6,2.1,2.3,3.5666666666666664,1.8,3.4,3.6,3.6999999999999997,4.8,3.8,0.0,1.6,0.0,1.5,2.0,1.65,1.0,2.1,3.2,2.6,1.55,0.0,2.6
69247e0e44e4cccaa87c2624,2.75,1.6199999999999999,1.64,4.324999999999999,0.0,2.35,1.1333333333333333,4.75,0.0,0.0,0.0,2.9,0.0,4.5,2.9,4.6,0.0,2.4,4.2,3.766666666666667,3.2,3.5,2.9,4.033333333333333,1.9,1.55,2.75,2.6,0.0,4.6,2.5,4.6,3.6,2.9,3.3,0.0,1.35,3.2,3.6500000000000004,2.05,0.0,1.0,3.2,2.7,2.7,4.5,0.0,1.0,4.35,1.0,3.5,3.6,1.4,0.0,3.9,0.0,4.35,0.0,1.8,0.0,3.6,1.15,0.0,1.5,1.3,1.0,2.8,0.0,1.3,3.3,0.0
69247e0e44e4cccaa87c2625,3.18,2.066666666666667,1.975,4.1,4.4,2.7,0.0,4.675,2.6,3.2,3.15,3.1,3.55,4.0,3.9,0.0,3.85,2.55,3.6,3.25,2.7,0.0,0.0,3.0,0.0,1.0,0.0,3.25,3.6,3.5,3.9,4.0,3.15,0.0,2.5,3.9,1.1666666666666667,0.0,4.3,2.9,3.9,1.8,4.5,0.0,0.0,4.1,1.0,1.8499999999999999,3.9,1.3666666666666665,3.1,4.2,0.0,2.7,3.9,4.3,4.1,0.0,1.5333333333333332,0.0,0.0,1.0,0.0,0.0,1.6,2.1,0.0,2.3,1.0,4.6,3.2
69247e0e44e4cccaa87c2626,2.566666666666667,1.5,0.0,4.5,5.0,0.0,1.0,3.6,1.3,3.5333333333333337,2.55,0.0,0.0,3.8,3.75,4.8,2.55,0.0,3.95,3.9,2.6,3.0,2.8000000000000003,2.9,0.0,1.0,0.0,1.7,0.0,3.9,3.4,0.0,2.9,3.2,3.0,0.0,1.4,4.1,3.6,1.7666666666666666,4.2,1.6,4.3,2.7,0.0,0.0,1.0,0.0,0.0,1.3,3.05,3.75,2.2,3.3,3.3,0.0,0.0,3.3,1.0,1.7,3.2,1.7,2.466666666666667,0.0,0.0,2.1,3.7,0.0,0.0,3.9,2.8
69247e0e44e4cccaa87c2627,3.85,1.6666666666666667,1.9333333333333336,3.9,0.0,2.25,1.0666666666666667,4.7,0.0,4.1,0.0,3.4,4.05,3.95,4.0,0.0,0.0,0.0,3.95,0.0,0.0,0.0,0.0,0.0,1.0,1.2666666666666666,1.5,2.5,0.0,4.1,3.766666666666667,4.766666666666667,3.65,2.1,2.8333333333333335,5.0,1.425,3.8333333333333335,4.55,2.375,4.1,0.0,0.0,2.4,0.0,3.45,1.0,1.4,4.5,1.2,0.0,0.0,2.4,3.65,3.1,4.3,0.0,0.0,0.0,0.0,0.0,1.1,0.0,1.0,1.0,0.0,0.0,1.1,1.05,4.1,0.0
69247e0e44e4cccaa87c2628,3.15,1.45,2.0,4.366666666666667,3.9,2.3,0.0,4.5,2.1,3.5,3.5,3.4,3.5999999999999996,0.0,0.0,4.62,2.4,3.2,4.5,3.8,2.975,2.3666666666666667,0.0,3.9000000000000004,1.1666666666666667,1.2,0.0,2.9,3.9000000000000004,3.8,3.375,3.9,3.7,2.9,4.4,0.0,1.5,0.0,0.0,2.3666666666666667,0.0,1.3,0.0,2.05,2.4,4.0,2.1,1.2,3.9,1.7,0.0,3.9666666666666663,0.0,0.0,0.0,4.1,0.0,2.45,1.0,2.5,3.3666666666666667,1.1,0.0,2.2,0.0,1.5,0.0,2.5,1.0,0.0,4.0
69247e0e44e4cccaa87c2629,3.5666666666666664,1.1,2.175,4.449999999999999,0.0,1.8666666666666665,1.3,4.8,2.2,4.2,2.7,2.8,3.6,4.5,4.8,0.0,3.4,3.3,0.0,3.55,3.2,0.0,3.733333333333333,0.0,1.0,0.0,2.1500000000000004,2.6333333333333333,3.6,4.4,3.1500000000000004,5.0,3.9,0.0,0.0,0.0,1.7333333333333334,3.55,3.0,1.1,3.0,1.0,3.45,1.1,2.8,0.0,0.0,1.0,4.35,2.1,2.3,4.4,1.8,0.0,0.0,3.55,3.1,0.0,1.65,0.0,0.0,1.0,3.1,1.4,0.0,1.0,4.0,1.1666666666666667,1.0,3.9,2.7
69247e0e44e4cccaa87c262a,2.6,0.0,2.025,3.9333333333333336,4.65,0.0,1.3,0.0,2.6,0.0,2.7,3.05,3.1,4.45,2.9,0.0,0.0,3.4,0.0,3.9,2.8333333333333335,0.0,4.0,4.1,1.4,1.5,0.0,1.5,0.0,0.0,3.7,4.2,3.8499999999999996,3.2,0.0,4.75,2.0,4.5,3.0,2.2,4.3,1.9,4.1,2.1500000000000004,2.0,3.8,0.0,1.8666666666666665,0.0,1.8,2.9,2.9,1.9,4.2,0.0,3.45,0.0,0.0,1.65,2.5,0.0,0.0,0.0,1.7666666666666666,0.0,1.7,3.4,0.0,0.0,4.9,0.0
69247e0e44e4cccaa87c262b,2.7600000000000002,2.2,2.9,3.5999999999999996,5.0,1.5,1.6,4.366666666666666,0.0,2.7,3.5,3.05,0.0,3.4,0.0,4.55,0.0,0.0,0.0,4.2,0.0,3.9,3.62,3.3,1.3199999999999998,1.2,1.5666666666666667,0.0,3.3,4.0249999999999995,3.5,0.0,3.1,3.4000000000000004,0.0,4.35,1.0,3.625,3.4333333333333336,1.7,0.0,0.0,3.85,1.6666666666666667,2.9000000000000004,3.4,0.0,0.0,4.65,1.0,2.4,4.1,2.8,0.0,3.55,4.1,4.6,2.6666666666666665,0.0,3.25,2.5,2.3,1.5,2.05,1.7600000000000002,0.0,4.0,1.6,2.0,0.0,0.0
69247e0e44e4cccaa87c262c,3.4799999999999995,1.8,0.0,4.0,4.55,2.32,1.05,4.75,0.0,4.25,3.9,3.8,2.8499999999999996,3.3,3.0,4.85,3.05,3.25,4.45,4.0,0.0,0.0,3.1,3.1,1.0,0.0,0.0,2.3,0.0,4.25,3.2,4.2,3.1,2.9,2.8,4.050000000000001,1.4,3.65,4.4,1.6333333333333335,0.0,1.7,4.033333333333333,0.0,2.4,0.0,1.15,0.0,3.8,1.1,2.2,3.6,0.0,0.0,3.1,3.85,0.0,0.0,1.4,0.0,0.0,1.5,3.2,2.0999999999999996,1.8,1.0,3.2,0.0,1.7,4.9,3.2
69247e0e44e4cccaa87c262d,3.1,1.6,2.25,4.0,0.0,2.15,1.2666666666666666,4.033333333333333,1.8333333333333333,3.8,0.0,3.9333333333333336,3.9333333333333336,0.0,4.233333333333333,4.9,3.6,0.0,4.0,0.0,3.5,3.4,0.0,3.65,0.0,1.5,0.0,2.975,0.0,4.7,0.0,4.65,0.0,2.0,0.0,5.0,0.0,4.4,0.0,1.2,4.0,1.0,3.95,0.0,0.0,0.0,0.0,1.3,5.0,1.0,0.0,0.0,1.8,0.0,0.0,4.4,0.0,0.0,0.0,0.0,2.7,1.9,1.9,1.0,0.0,1.5499999999999998,3.0,0.0,0.0,0.0,2.6
69247e0e44e4cccaa87c262e,3.3499999999999996,1.75,0.0,5.0,4.4,2.3,1.0,0.0,2.05,4.3,3.8,3.3,3.7,4.25,0.0,4.375,3.6,0.0,3.65,2.9,3.4,3.15,4.1,3.75,2.0,0.0,2.0,0.0,0.0,3.9333333333333336,3.5,4.8,0.0,0.0,0.0,4.0,1.5,0.0,0.0,0.0,0.0,1.55,3.2,1.8333333333333333,2.6,4.4,0.0,1.6,0.0,1.0,2.75,3.0666666666666664,0.0,2.7,3.0,0.0,0.0,0.0,0.0,2.2,3.3,1.6,0.0,2.6,0.0,0.0,0.0,0.0,0.0,0.0,3.15
69247e0e44e4cccaa87c262f,3.7,1.2,1.4333333333333333,4.466666666666667,4.8,0.0,1.5,4.0,2.05,0.0,3.05,3.2,3.7,4.3,0.0,0.0,2.4,2.1,0.0,0.0,2.3,2.2,3.6,4.3,0.0,1.6,2.0,2.975,4.15,3.4,3.3,4.4799999999999995,2.9,0.0,3.6999999999999997,5.0,1.375,3.6999999999999997,0.0,1.5,0.0,0.0,3.6,2.0,2.6666666666666665,0.0,1.8499999999999999,1.7,4.7,1.7,3.4,0.0,1.9500000000000002,0.0,4.0,3.7,3.6,2.9,1.1333333333333335,2.775,2.5,0.0,2.85,1.1,1.0,0.0,4.3,1.2,1.25,0.0,2.3
69247e0e44e4cccaa87c2630,0.0,1.4,2.05,4.9,4.5,1.6,1.0,4.05,0.0,4.0,2.6,0.0,4.1000000000000005,3.7,3.6999999999999997,0.0,3.8,0.0,4.6,2.85,0.0,2.6,2.9,3.5,0.0,0.0,2.4,1.7333333333333334,2.8,4.0,0.0,0.0,4.3,3.3499999999999996,3.7,0.0,1.0,4.300000000000001,0.0,2.4,3.7,0.0,3.9000000000000004,0.0,1.8,3.8,1.0,2.0,5.0,2.4,0.0,0.0,2.5,0.0,2.8333333333333335,4.75,3.3,3.2,1.55,0.0,2.875,1.2000000000000002,2.5,0.0,1.0,1.6,3.1333333333333333,1.9,1.7,0.0,0.0
69247e0e44e4cccaa87c2631,3.0,1.7,2.8,3.766666666666667,4.7,2.45,0.0,4.8,1.6,0.0,0.0,3.4,0.0,4.050000000000001,3.9,4.3,4.2,2.5,0.0,0.0,3.6,3.6,2.7,0.0,1.0,1.6,2.6,2.8,3.85,3.9,3.2,3.95,0.0,3.6,0.0,4.45,1.2,3.2,3.4,1.25,0.0,1.0,4.1000000000000005,2.45,0.0,0.0,0.0,1.0,5.0,1.0,2.4,3.3,2.9,3.9,0.0,4.9,3.9,3.7,0.0,1.85,0.0,0.0,1.3,2.3,0.0,2.5,3.9,0.0,1.2666666666666666,0.0,0.0
69247e0e44e4cccaa87c2632,3.05,1.3,1.8,0.0,4.2,2.6500000000000004,1.6,3.95,0.0,0.0,0.0,3.3499999999999996,3.55,0.0,0.0,5.0,0.0,0.0,0.0,0.0,3.1666666666666665,3.7,3.6,0.0,2.1,0.0,1.6,2.8,0.0,3.7,0.0,4.1,4.05,0.0,3.3,3.8,2.2,4.2,0.0,2.45,3.45,1.0,0.0,1.8,1.8,0.0,1.0,0.0,4.733333333333333,0.0,0.0,3.4,0.0,0.0,3.8,3.2,4.6,2.7,2.2,2.7,0.0,0.0,0.0,1.9,2.1,1.0,2.4,1.0,1.8,0.0,3.7
69247e0e44e4cccaa87c2633,2.8,1.65,1.5,3.75,0.0,2.8000000000000003,1.0,4.8,2.1,2.9,0.0,3.6,0.0,4.4,3.85,0.0,2.95,2.35,4.066666666666666,0.0,2.3,3.0,3.3,3.44,1.8,1.4,1.5333333333333332,2.0,3.0749999999999997,4.1,3.1,4.4,3.7,0.0,3.9,4.75,0.0,0.0,0.0,3.0,3.3,1.8,4.3,2.75,3.6,4.0,0.0,0.0,0.0,1.1,3.75,3.6333333333333333,0.0,0.0,3.1,4.5,3.9,0.0,1.0,0.0,3.4,1.6,2.0,0.0,0.0,0.0,3.6,0.0,1.0,0.0,0.0
69247e0e44e4cccaa87c2634,3.4,1.0666666666666667,1.8666666666666665,3.7,4.6,1.9,2.2,4.075,0.0,3.7,0.0,0.0,3.5,0.0,3.1500000000000004,4.5,3.1500000000000004,3.8,4.0,0.0,3.3,3.0,3.1,3.6500000000000004,1.8,1.5,1.65,2.0,0.0,5.0,2.7,4.1000000000000005,4.15,2.9,4.2,4.85,1.65,0.0,4.6,2.5,0.0,0.0,0.0,0.0,0.0,3.4,2.2,1.0,4.5,1.2000000000000002,0.0,2.8,0.0,3.9,3.3000000000000003,0.0,0.0,3.0,0.0,0.0,0.0,0.0,2.8,1.7000000000000002,0.0,1.0,0.0,0.0,1.0,0.0,2.7
69247e0e44e4cccaa87c2635,3.5,1.7333333333333334,1.7999999999999998,3.1999999999999997,0.0,0.0,1.9,4.55,0.0,0.0,2.55,0.0,3.5,4.5,3.6999999999999997,4.4,0.0,3.6,4.3,3.5,3.1,3.15,0.0,3.5666666666666664,1.0,1.0,2.7,1.8,3.0,4.3,3.5,3.7,3.8,0.0,0.0,0.0,1.525,4.3,0.0,1.7,4.2,1.7000000000000002,0.0,1.35,2.2,0.0,0.0,0.0,3.8,2.1,0.0,0.0,1.0,2.7,2.9,3.8,0.0,0.0,1.85,3.5,2.8,0.0,2.4,2.1666666666666665,0.0,1.0,2.9,1.7,1.2000000000000002,4.5,0.0
69247e0e44e4cccaa87c2636,2.6333333333333333,0.0,1.6666666666666667,4.566666666666666,4.7,1.7,1.1333333333333333,0.0,2.5,3.35,3.4,3.8,3.2,4.7,3.6,0.0,0.0,2.766666666666667,0.0,2.4,3.2,2.35,3.0666666666666664,4.1,0.0,2.1,2.5,0.0,3.65,0.0,3.3,4.5,0.0,2.6,3.9,0.0,0.0,0.0,0.0,2.3,0.0,1.5333333333333332,0.0,2.1,0.0,0.0,0.0,1.7,5.0,0.0,2.4,0.0,0.0,0.0,4.5,4.5,3.6,0.0,1.3,2.7,3.5,0.0,0.0,0.0,1.0,0.0,2.6,0.0,0.0,0.0,0.0
69247e0e44e4cccaa87c2637,2.925,1.65,2.6,3.75,0.0,3.2,1.55,4.32,1.1,3.5,0.0,0.0,3.266666666666667,0.0,3.55,0.0,3.4,2.95,4.8,2.5,0.0,3.533333333333333,4.2,4.15,0.0,2.2,1.8,2.9,0.0,4.25,2.8,4.65,0.0,3.0,4.3,5.0,1.5,4.3,0.0,1.8666666666666665,4.5,2.5,3.1,1.6,2.7,4.05,1.3,0.0,0.0,0.0,3.9,3.5,0.0,3.0,0.0,3.3,0.0,0.0,0.0,0.0,3.4,0.0,0.0,0.0,1.0,0.0,0.0,1.6666666666666667,0.0,4.25,0.0
69247e0e44e4cccaa87c2638,3.0666666666666664,1.475,2.5,4.0,4.8,0.0,1.4500000000000002,3.875,0.0,3.3499999999999996,0.0,2.65,2.8666666666666667,3.75,4.4,4.466666666666667,0.0,0.0,5.0,0.0,2.1,3.45,3.1,4.2,1.8,0.0,2.3,3.4,0.0,4.4,0.0,3.7,4.233333333333333,2.8,0.0,0.0,1.65,0.0,3.3499999999999996,1.95,3.55,2.1,0.0,2.2333333333333334,0.0,0.0,0.0,2.0999999999999996,4.2,1.6,3.1999999999999997,0.0,2.9,2.9,0.0,4.9,4.2,2.8000000000000003,1.4500000000000002,0.0,0.0,1.8,0.0,1.85,1.65,1.0,0.0,1.1,1.0,0.0,0.0
69247e0e44e4cccaa87c2639,3.3,1.0,2.6,4.6499999999999995,4.2,0.0,1.4333333333333333,0.0,1.5,3.0,2.95,3.9,3.3000000000000003,4.8,4.2,0.0,3.3,2.2,3.8,4.2,0.0,2.6999999999999997,3.65,0.0,1.0,1.35,2.5,2.5,3.1666666666666665,0.0,3.2,0.0,0.0,2.7,3.4,0.0,1.2,3.7,4.2,2.25,0.0,1.05,4.0,1.6333333333333335,1.9,4.8,0.0,1.35,0.0,1.4,3.7,3.9,1.7,3.4,0.0,3.55,0.0,2.5,0.0,0.0,0.0,1.9666666666666668,0.0,2.6,1.0,0.0,0.0,2.5,1.65,0.0,0.0
69247e0e44e4cccaa87c263a,2.966666666666667,1.8,0.0,4.300000000000001,0.0,2.95,1.5,4.6,2.9,4.3,0.0,3.2,4.5,0.0,3.575,0.0,0.0,0.0,0.0,0.0,2.15,3.6,0.0,3.3,1.3,0.0,2.4,1.8,4.0,4.3,0.0,0.0,4.45,2.4,0.0,4.6,0.0,3.05,4.6,2.2,3.7,2.0999999999999996,4.8,1.2,0.0,3.766666666666667,0.0,1.7,3.9,1.7,3.8,0.0,0.0,0.0,3.5,3.3,4.6,0.0,1.0,2.4,2.7,1.9,0.0,0.0,1.35,2.3,3.65,1.2,0.0,4.4,2.0
69247e0e44e4cccaa87c263b,3.2399999999999998,2.05,2.3,4.2,4.6000000000000005,1.85,1.2,3.7,0.0,3.7,0.0,3.6,3.766666666666667,4.65,4.1,4.6,2.3,2.7,0.0,2.6,3.5,2.7,2.8,3.25,1.0,0.0,0.0,0.0,3.2,4.25,2.75,4.433333333333334,2.9,0.0,4.25,0.0,1.6199999999999999,2.8,0.0,2.6,3.533333333333333,1.2,0.0,1.4,2.7,3.6,0.0,1.8333333333333333,3.8,0.0,3.0,0.0,1.7,0.0,0.0,3.85,3.1,0.0,1.3666666666666665,2.0,0.0,2.4,2.6,0.0,2.1,1.0,2.4,1.4,0.0,0.0,2.1
69247e0e44e4cccaa87c263c,3.175,1.6333333333333335,1.7,4.5,5.0,0.0,1.4,4.5,2.1,3.3,0.0,3.3499999999999996,3.3499999999999996,4.1,3.8,4.4,2.533333333333333,0.0,0.0,0.0,2.6,3.6,3.45,0.0,0.0,0.0,1.65,0.0,3.6,4.6,0.0,0.0,3.733333333333333,2.9,0.0,5.0,1.0666666666666667,3.1,4.25,0.0,0.0,1.1,0.0,0.0,2.15,0.0,1.0,1.0,0.0,1.05,2.5,4.1,2.5,0.0,0.0,4.3,0.0,0.0,0.0,2.4,0.0,1.4,3.0,0.0,1.2666666666666666,1.3,2.7,0.0,2.0,4.6,2.5
69247e0e44e4cccaa87c263d,3.2857142857142856,2.3499999999999996,0.0,3.9333333333333336,4.05,2.8,1.3666666666666665,4.166666666666667,1.875,3.1500000000000004,2.85,3.0,3.65,4.5,0.0,4.775,3.0,2.7,4.0,2.733333333333333,3.6,3.3,4.4,3.85,1.0,1.9,1.9,2.35,3.65,4.6,3.7,4.2,0.0,2.9,0.0,4.3,2.0,4.0,3.1666666666666665,1.8,0.0,2.15,3.7,1.9,3.0,3.8,1.5,0.0,4.1,1.8,2.7,3.5666666666666664,2.15,4.1,3.766666666666667,0.0,3.1,0.0,0.0,2.2,0.0,1.7999999999999998,0.0,0.0,0.0,1.9,2.4,0.0,0.0,0.0,0.0
69247e0e44e4cccaa87c263e,3.45,0.0,2.4,0.0,4.6,0.0,1.3,4.833333333333333,1.0,3.1999999999999997,2.6,3.8,3.95,3.5,3.6,3.7,3.1,2.6999999999999997,0.0,0.0,3.7,0.0,3.5,4.2,1.0,1.0,2.2,1.5,0.0,4.4,0.0,0.0,3.6,3.1,0.0,5.0,1.15,3.2,3.6,1.1,3.0,1.7,3.95,0.0,2.4,0.0,1.3,0.0,0.0,1.0,3.25,3.6,2.5,3.533333333333333,2.9,0.0,0.0,0.0,1.0,2.5,0.0,2.6,0.0,0.0,0.0,0.0,0.0,0.0,1.8,0.0,0.0
69247e0e44e4cccaa87c263f,2.95,1.4,2.3000000000000003,3.633333333333333,5.0,2.9,1.55,4.8,1.9000000000000001,3.5666666666666664,4.1,2.8,3.7,5.0,3.75,0.0,2.9000000000000004,0.0,4.1,3.45,3.6,2.75,3.2,0.0,0.0,1.8,2.7,3.0,4.35,3.4,3.95,3.8,4.05,3.8,3.05,4.3999999999999995,1.55,3.2,4.15,3.1,3.4,1.6333333333333335,4.8,0.0,2.3,0.0,1.0,2.4,4.566666666666666,1.0,0.0,0.0,1.9,3.15,3.5,4.1,4.9,0.0,1.0,2.9,3.0,1.45,0.0,0.0,0.0,1.0,0.0,0.0,1.0,4.3,3.6
69247e0e44e4cccaa87c2640,2.625,1.4500000000000002,1.3,5.0,0.0,3.2,0.0,0.0,1.9000000000000001,3.8499999999999996,3.3499999999999996,3.8,3.5666666666666664,4.6000000000000005,3.3499999999999996,3.9499999999999997,0.0,0.0,0.0,2.9,2.1666666666666665,0.0,3.05,3.6,1.8,1.475,1.7666666666666666,0.0,2.8,4.8,4.0,4.766666666666667,0.0,0.0,2.6,0.0,1.4666666666666668,3.0,3.6,1.5,4.133333333333334,2.1500000000000004,3.5999999999999996,2.2,0.0,0.0,1.0,1.9,4.55,1.85,0.0,3.4,1.3,2.4,3.3,0.0,4.8,2.65,0.0,2.35,0.0,2.35,2.25,1.75,0.0,2.3,0.0,1.65,1.0,0.0,3.5
69247e0e44e4cccaa87c2641,2.68,1.475,1.5,4.0,4.7,2.966666666666667,2.1,4.366666666666666,2.0999999999999996,0.0,3.3,0.0,4.3,4.4,4.199999999999999,4.75,0.0,0.0,3.9,3.6,3.2,3.3,2.5,0.0,0.0,0.0,1.9500000000000002,2.2,3.6,3.95,3.3499999999999996,4.35,0.0,3.8,3.3,5.0,1.0333333333333334,3.4,3.6666666666666665,0.0,3.4,1.75,4.4,0.0,0.0,3.9,1.8,1.6,4.35,1.0,2.9,3.566666666666667,0.0,0.0,4.5,4.75,0.0,2.4,1.2,2.6,2.7,0.0,0.0,1.0,1.0,1.0,3.55,1.0,1.3,0.0,0.0
69247e0e44e4cccaa87c2642,3.225,0.0,0.0,4.54,0.0,2.48,1.0,4.8,2.5,4.6,4.1,3.1,0.0,0.0,4.0,4.8,3.6666666666666665,2.1,0.0,2.9,2.5,3.6,2.7,3.1,1.6,2.0,2.3,2.4,0.0,3.9,4.1,0.0,0.0,2.2,2.9,0.0,1.525,2.9,4.5,2.25,2.8,1.0,4.050000000000001,0.0,0.0,3.45,1.6,2.5,4.366666666666666,0.0,2.733333333333333,3.4,0.0,3.2,3.8,3.8,3.733333333333333,0.0,0.0,0.0,2.1,2.05,3.2,1.575,1.5,2.3,0.0,0.0,1.0,4.1,2.8
69247e0e44e4cccaa87c2643,3.0833333333333335,1.6,2.3,3.9,0.0,2.4,1.9,4.25,2.0666666666666664,4.6,3.1,0.0,4.3,3.7,3.9,4.7,3.45,3.4,4.9,4.2,2.3,2.9,3.675,4.033333333333334,1.3,0.0,1.8,2.25,3.1,4.466666666666666,3.4,4.5,0.0,3.7,2.8,5.0,1.0,0.0,3.0,2.8,4.2,1.8499999999999999,4.5,2.1,2.05,3.8499999999999996,1.0,0.0,4.5,1.5666666666666667,0.0,4.2,1.15,2.5,3.8,0.0,3.8333333333333335,2.733333333333333,1.5999999999999999,3.5,0.0,0.0,0.0,2.5,2.3,1.8,2.5,0.0,0.0,0.0,0.0
69247e0e44e4cccaa87c2644,3.0500000000000003,1.52,1.925,3.75,4.9,2.3,1.5999999999999999,5.0,2.0,3.45,3.3,3.9333333333333336,4.1,4.275,0.0,0.0,3.9333333333333336,0.0,0.0,3.3,2.7,2.9,0.0,0.0,1.2,1.7,1.1,3.2,0.0,0.0,2.95,4.85,4.0,3.266666666666667,0.0,0.0,1.55,3.7,0.0,1.6,0.0,0.0,4.9,0.0,3.55,2.9,1.0,0.0,4.75,0.0,4.0,3.7,1.6,3.3,0.0,0.0,3.4000000000000004,0.0,0.0,3.45,2.4,0.0,2.2,0.0,1.4500000000000002,0.0,3.45,1.0,0.0,5.0,0.0
69247e0e44e4cccaa87c2645,2.4333333333333336,1.0,1.7,4.5,4.3,2.1666666666666665,1.0,5.0,1.5,4.6,3.1,3.1999999999999997,0.0,4.3,4.0,4.1,3.1333333333333333,0.0,5.0,2.6,3.3,3.0,3.8,4.1,0.0,2.0,1.9500000000000002,2.8499999999999996,4.0,3.7,0.0,5.0,3.5,2.95,3.4333333333333336,0.0,1.0666666666666667,3.9333333333333336,3.8333333333333335,1.8,0.0,1.8,4.1,1.95,2.2,3.4,1.1,0.0,4.7,0.0,2.9000000000000004,0.0,2.0,0.0,3.6500000000000004,0.0,0.0,0.0,0.0,0.0,0.0,0.0,2.45,1.1,1.55,0.0,2.9,1.7,1.1,0.0,0.0
69247e0e44e4cccaa87c2646,2.82,1.75,2.7,4.3999999999999995,4.4,0.0,1.3,4.5,1.85,0.0,3.9,3.4666666666666663,2.9,4.333333333333333,3.6333333333333333,5.0,3.15,2.2,3.6,3.5999999999999996,1.9,3.7,4.4,3.6,2.1,1.4666666666666668,0.0,1.9,4.1000000000000005,4.1,3.3333333333333335,0.0,3.5,2.7,3.0,4.3,1.475,3.55,3.7,2.2,3.7,1.0,4.833333333333333,1.9500000000000002,3.2,4.7,1.0,1.55,4.6,0.0,2.6,4.2,0.0,0.0,3.7,0.0,0.0,2.5,1.0,3.6,2.2,2.4,2.7,1.1,1.9666666666666666,1.225,3.45,2.2,2.2,4.0,2.6
69247e0e44e4cccaa87c2647,2.9,0.0,2.8,4.2,4.7,2.15,2.1,4.466666666666667,0.0,0.0,0.0,4.2,0.0,3.5,3.45,4.566666666666666,0.0,3.25,0.0,3.1,0.0,3.7,3.6,0.0,1.6,1.1,1.5,2.4,3.766666666666667,4.8,3.5999999999999996,0.0,4.0,0.0,2.7,0.0,1.8,4.1,4.8,1.8,4.3,1.6333333333333335,3.45,1.6,0.0,4.7,1.5,2.5,4.15,1.15,2.9,0.0,1.4500000000000002,0.0,3.1,0.0,0.0,2.9,1.3,0.0,0.0,1.0,0.0,0.0,1.4500000000000002,1.7,2.8,1.9500000000000002,2.0,3.6,3.3333333333333335
69247e0e44e4cccaa87c2648,2.5,1.8999999999999997,1.9500000000000002,4.8,4.4,0.0,1.3666666666666665,0.0,0.0,3.6,2.65,0.0,3.7,4.4,3.6,4.5,3.8,0.0,4.2,3.4666666666666663,2.7,3.5,4.3,4.1,1.1,1.5333333333333332,2.1,0.0,3.6,0.0,2.966666666666667,4.8,3.4,2.6500000000000004,0.0,4.8,1.1,3.5,4.3,2.2666666666666666,3.9,1.9,3.1,0.0,3.3,0.0,0.0,1.3,4.175,1.0,3.233333333333333,3.2,0.0,0.0,0.0,4.3,4.0,3.6,1.0,0.0,3.0,0.0,2.4,2.2,1.0,0.0,3.75,1.6666666666666667,1.5,0.0,0.0
69247e0e44e4cccaa87c2649,0.0,1.9000000000000001,2.1333333333333333,4.699999999999999,5.0,3.1,1.5,4.15,1.7,3.3,3.4,2.95,3.15,4.35,4.0,4.466666666666666,0.0,3.0,0.0,3.3499999999999996,3.3,3.0,3.0999999999999996,3.8,2.033333333333333,0.0,2.6999999999999997,1.9,4.5,4.3,3.5999999999999996,4.9,3.55,0.0,0.0,3.9,1.4,3.65,0.0,0.0,4.25,1.95,3.8333333333333335,1.6,2.1,3.8,1.0,1.7,4.7,1.0,0.0,2.9,0.0,0.0,2.8,4.35,4.0,3.6,1.7,0.0,2.95,0.0,1.4,2.3,1.7,1.25,0.0,1.8499999999999999,0.0,4.2,0.0
69247e0e44e4cccaa87c264a,3.3000000000000003,1.4333333333333333,1.1,4.25,3.9,1.7666666666666668,1.0,4.6,0.0,0.0,0.0,3.7249999999999996,2.7,4.0,3.8000000000000003,4.75,3.7,0.0,0.0,3.1500000000000004,3.2,3.5,0.0,4.266666666666667,1.1,1.1,1.55,3.1,4.6,3.9,3.0,4.533333333333334,0.0,3.25,0.0,5.0,1.5999999999999999,3.5,3.9,2.033333333333333,0.0,1.3,0.0,1.9500000000000002,0.0,0.0,0.0,1.4000000000000001,4.4,1.3,3.0,3.7,1.7,4.3,4.2,4.8,4.6,0.0,1.0,0.0,0.0,0.0,3.2,1.5,1.4,2.033333333333333,4.1,1.6,1.5,0.0,3.6
69247e0e44e4cccaa87c264b,2.9444444444444446,1.8799999999999997,1.9666666666666668,4.15,0.0,0.0,1.25,3.6,1.95,3.35,2.3,2.9,3.8333333333333335,4.25,4.3,4.6,2.4,2.2,3.6,0.0,2.0,3.8,2.8,0.0,1.2,1.7999999999999998,0.0,1.9,4.4,3.2,3.6,4.8,2.9,2.45,0.0,3.9,2.3,3.566666666666667,3.25,1.75,3.3,1.8,0.0,0.0,0.0,4.3,1.0,1.5333333333333332,4.3999999999999995,0.0,0.0,2.7,2.25,2.5,3.6666666666666665,3.5,3.5,2.2,1.45,0.0,3.4,2.4,0.0,2.5,0.0,2.4,0.0,2.05,0.0,4.8,2.1
69247e0e44e4cccaa87c264c,3.1333333333333333,1.5,2.1,4.35,0.0,2.9000000000000004,2.0,4.466666666666667,2.25,0.0,3.3,3.3666666666666667,3.266666666666667,4.25,4.449999999999999,4.933333333333334,3.3000000000000003,3.3,4.25,3.6333333333333333,2.2,0.0,3.9,0.0,1.4,0.0,0.0,3.033333333333333,3.6333333333333333,4.1,3.4,4.4,0.0,3.2,3.5666666666666664,4.8,0.0,3.45,3.6666666666666665,2.35,3.0999999999999996,1.225,3.5,2.7,0.0,4.2,0.0,2.0,4.6,1.9,0.0,0.0,2.8,0.0,0.0,0.0,3.6,2.8,2.0,0.0,0.0,1.0,2.8,1.0,1.0,0.0,0.0,1.3,0.0,3.9,3.9
69247e0e44e4cccaa87c264d,2.8499999999999996,1.0,1.8666666666666665,4.2,3.9,0.0,1.4000000000000001,3.7,1.1,4.0,3.15,3.75,4.6,3.9,3.9499999999999997,4.300000000000001,0.0,3.9,0.0,2.4,3.1999999999999997,0.0,0.0,0.0,0.0,1.0,1.2,0.0,4.1,4.24,3.0,5.0,3.9,0.0,0.0,0.0,1.3666666666666665,4.3,4.6,2.4,0.0,1.0,0.0,2.2,3.3,3.733333333333333,1.1,0.0,4.2,2.1,0.0,4.050000000000001,0.0,4.1,0.0,4.1,3.95,3.0,1.0,3.0,3.55,0.0,0.0,1.3666666666666665,0.0,1.4,3.2,1.9500000000000002,0.0,3.3,3.55
69247e0e44e4cccaa87c264e,3.35,1.7,1.6,3.6333333333333333,4.2,2.1,0.0,4.2,1.4,4.05,0.0,0.0,4.2,0.0,4.025,4.566666666666666,0.0,2.7399999999999998,0.0,0.0,0.0,0.0,3.4,3.6999999999999997,1.0,1.55,2.2,2.0,0.0,4.3,2.4,0.0,3.5,2.5,2.6,4.1,1.65,4.15,3.5,2.1,0.0,1.0,4.1,1.55,2.6,0.0,1.1,1.0,0.0,1.65,2.9,0.0,2.7,0.0,0.0,4.433333333333334,4.1,3.8,1.3,2.3,3.1,1.3,2.45,1.05,1.0,2.1,3.5,1.2,0.0,4.6,0.0
69247e0e44e4cccaa87c264f,3.02,1.4,2.1,4.1571428571428575,4.275,3.2,1.5333333333333332,4.54,0.0,0.0,3.5,3.8,3.1,3.75,3.94,0.0,3.3,2.575,4.55,0.0,3.5,2.75,3.1,4.0,1.675,1.65,1.0,1.9,3.8,4.0,2.75,4.15,3.4,0.0,4.2,4.75,1.0,3.7,0.0,1.7,4.3,1.9666666666666668,0.0,2.066666666666667,3.0,0.0,0.0,1.7,4.266666666666667,0.0,3.4,4.133333333333334,1.3,3.3,0.0,5.0,0.0,3.25,1.1,0.0,3.4,0.0,1.95,1.2,0.0,0.0,4.0,0.0,2.2,0.0,2.6
69247e0e44e4cccaa87c2650,3.0999999999999996,1.85,1.3,5.0,3.9,0.0,1.55,4.35,0.0,0.0,3.8,3.466666666666667,3.0,3.6500000000000004,0.0,5.0,0.0,0.0,4.333333333333333,4.1,2.8,3.2,0.0,0.0,1.5,1.3,1.7000000000000002,0.0,2.95,0.0,4.0,4.866666666666666,4.0,0.0,0.0,5.0,1.65,3.6333333333333333,4.033333333333333,1.95,0.0,1.1,3.3,0.0,2.8,4.05,1.5,0.0,3.7,1.0,0.0,0.0,1.2,0.0,4.1,3.55,4.2,0.0,1.0,2.3333333333333335,0.0,1.9,0.0,2.3,1.0,0.0,0.0,2.4,0.0,4.2,3.0
69247e0e44e4cccaa87c2651,2.825,2.1,2.8,3.8,0.0,2.8,1.7,4.8,2.1,3.9000000000000004,0.0,3.7,3.5,4.9,4.2,5.0,2.9,3.266666666666667,0.0,3.866666666666667,2.766666666666667,3.1999999999999997,4.0,3.5,1.0,0.0,1.7,2.7,0.0,4.7,3.2,4.6,3.6,0.0,0.0,4.675,1.3,3.0,3.8333333333333335,1.7999999999999998,0.0,1.65,3.2,0.0,2.2,0.0,2.4,1.0,4.7,1.0,0.0,3.7,0.0,2.3,0.0,0.0,0.0,2.6,1.0,3.0,0.0,0.0,2.7,0.0,2.1,1.65,3.3,1.0,0.0,0.0,2.3
69247e0e44e4cccaa87c2652,3.3,1.4,1.4,4.266666666666667,5.0,2.733333333333333,1.48,4.1,1.7,3.6,2.8,4.2,3.25,4.166666666666667,4.014285714285714,4.9,3.3,2.5,4.1000000000000005,3.8,2.5,3.1500000000000004,3.8,3.9,1.7333333333333334,0.0,1.9,2.25,3.2,0.0,3.3,5.0,3.266666666666667,3.1500000000000004,4.1,3.733333333333333,1.0,3.9,0.0,2.1333333333333333,3.4,0.0,3.3,1.35,0.0,0.0,2.0,0.0,5.0,0.0,0.0,3.7,0.0,0.0,4.1,5.0,0.0,0.0,0.0,0.0,2.0,2.6,2.2,1.2,1.0,0.0,0.0,1.35,1.8,0.0,0.0
69247e0e44e4cccaa87c2653,2.466666666666667,1.0,2.05,3.7,0.0,2.05,1.0,0.0,1.1,3.15,3.4,3.5,0.0,4.6,4.5,4.0,4.0,2.3,4.4,3.4,3.55,2.1,3.4,3.4,0.0,0.0,1.8,0.0,0.0,3.8,3.0999999999999996,4.0,4.1,3.8666666666666667,2.9,4.233333333333333,1.8,3.3,4.2,2.8,4.2,1.9,4.8,2.25,2.45,0.0,0.0,1.2,0.0,0.0,3.45,3.8,2.5,2.7,3.1,4.9,4.8,0.0,2.1,2.9,2.2,0.0,1.7,1.5,1.5250000000000001,2.0,3.7,0.0,0.0,0.0,2.0
69247e0e44e4cccaa87c2654,3.0,2.2,1.825,4.333333333333333,4.6,2.25,0.0,4.25,1.9,4.2,0.0,3.4,3.4,3.8000000000000003,4.65,0.0,0.0,2.1,0.0,3.4000000000000004,2.1500000000000004,2.1,0.0,3.3,1.3,1.4,1.6,2.9,3.65,4.05,2.4,4.8,0.0,3.4,3.233333333333333,4.4,1.7,3.266666666666667,3.9,2.2,0.0,0.0,0.0,1.4333333333333333,3.4,0.0,1.0,0.0,0.0,1.4500000000000002,0.0,0.0,0.0,0.0,0.0,0.0,4.4,3.7,1.1333333333333335,0.0,3.6333333333333333,1.9,1.8,1.7,1.0,1.0,0.0,0.0,0.0,0.0,0.0
69247e0e44e4cccaa87c2655,3.3000000000000003,1.5,1.5,4.5,0.0,2.3333333333333335,0.0,5.0,1.4,3.6,2.9000000000000004,3.05,3.85,0.0,0.0,4.5,0.0,3.65,0.0,4.3,3.2,3.2,4.2,3.3499999999999996,1.0,0.0,0.0,1.6,3.6,3.9,4.2,4.199999999999999,4.35,0.0,0.0,0.0,1.3833333333333335,0.0,3.4,2.5999999999999996,4.366666666666666,1.75,4.6,2.2,3.3,3.6333333333333333,1.2000000000000002,0.0,4.6,1.7,0.0,0.0,1.0,2.5,0.0,0.0,0.0,2.3,1.0,3.3,2.1,1.0,0.0,1.8,1.7,1.5,0.0,1.35,0.0,4.0,3.4
69247e0e44e4cccaa87c2656,2.6,1.7399999999999998,2.5,4.05,5.0,2.566666666666667,1.5,4.0,0.0,0.0,3.0666666666666664,3.4,3.733333333333334,4.9,0.0,4.1,3.466666666666667,0.0,0.0,3.2,3.0,2.1999999999999997,3.6,0.0,1.0,1.2,0.0,0.0,4.05,4.5,3.4333333333333336,4.3,4.0,0.0,0.0,4.1,0.0,4.0,4.4,1.7999999999999998,3.4333333333333336,1.1,0.0,2.3,3.0,3.8,0.0,1.5,0.0,0.0,0.0,3.2,2.45,2.5,0.0,3.2,0.0,0.0,1.2,2.3666666666666667,0.0,0.0,2.6,0.0,0.0,0.0,0.0,1.9,0.0,4.6,0.0
69247e0e44e4cccaa87c2657,3.46,2.3,2.7,4.166666666666667,0.0,3.0,1.35,4.033333333333333,1.35,2.85,0.0,0.0,0.0,4.2,4.066666666666666,0.0,3.3,3.9,4.45,3.5,2.1,3.9,4.5,0.0,0.0,1.5,0.0,2.9,4.6,4.15,2.9,4.7,4.1,2.4,3.0999999999999996,4.0,1.56,0.0,3.0,2.0,0.0,1.95,3.9,2.1,2.4,4.5,1.0,1.2,4.85,0.0,0.0,2.9,0.0,3.2,2.7,0.0,0.0,2.7,1.0,0.0,3.1,0.0,0.0,0.0,1.8,0.0,0.0,0.0,1.0,5.0,0.0
69247e0e44e4cccaa87c2658,3.4666666666666663,1.5999999999999999,2.1,4.3,4.95,2.9,0.0,3.7,0.0,2.9,3.0,0.0,4.4,0.0,0.0,4.9,3.0,3.7,4.25,0.0,2.3,2.4,0.0,3.3,1.8333333333333333,0.0,1.5,2.2800000000000002,4.4,4.15,3.0,5.0,3.3,3.1666666666666665,0.0,5.0,1.0,2.966666666666667,4.3,1.9,4.1,0.0,4.5,1.4,0.0,4.2,0.0,1.45,4.7,1.2,3.6,0.0,0.0,4.1,3.7,0.0,4.2,3.6,1.0,0.0,2.5,2.1,1.4,2.0,1.7000000000000002,2.3,3.1,0.0,0.0,0.0,3.3666666666666667
69247e0e44e4cccaa87c2659,3.25,1.4,1.7333333333333334,3.9499999999999997,4.5,0.0,1.75,4.166666666666667,1.5,3.9,2.9,3.266666666666667,2.9,4.2,0.0,5.0,3.3,0.0,3.5,3.1999999999999997,3.5,3.8,0.0,3.1,1.0,0.0,2.25,2.6666666666666665,3.6999999999999997,4.25,3.7,4.7,0.0,2.5,3.1,3.8,1.3,4.0,3.8499999999999996,0.0,0.0,2.1,0.0,0.0,0.0,0.0,0.0,1.8,0.0,0.0,2.9000000000000004,3.7,0.0,0.0,2.5,4.7,0.0,0.0,0.0,0.0,3.7,0.0,3.0,2.1,0.0,1.1,0.0,1.5,0.0,4.8,2.3
69247e0e44e4cccaa87c265a,2.7,1.6666666666666667,2.4000000000000004,3.9,0.0,0.0,1.3666666666666665,0.0,2.15,4.0,3.25,3.15,0.0,0.0,3.75,4.6,0.0,2.9,0.0,3.125,0.0,3.6,3.0,0.0,0.0,1.0333333333333334,0.0,2.25,4.5,3.55,4.1,0.0,4.4,3.0,3.8,4.7,1.65,0.0,3.8333333333333335,0.0,0.0,1.275,4.05,1.25,0.0,3.9,1.8,0.0,4.1,1.3,0.0,0.0,0.0,4.2,4.1,4.3,4.75,3.7,0.0,2.1,0.0,2.7,1.9,2.1,1.6,1.7,3.8,2.1,0.0,0.0,0.0
69247e0e44e4cccaa87c265b,2.625,2.1333333333333333,2.033333333333333,3.8,5.0,2.5,0.0,4.800000000000001,0.0,0.0,3.8,2.95,3.633333333333333,0.0,0.0,5.0,3.9,3.55,3.7,3.4,0.0,2.6,3.3,0.0,2.2,1.1,2.0,0.0,4.5,0.0,0.0,4.6,0.0,2.3,3.9,4.3,1.2333333333333334,3.4,4.4,2.4,3.85,1.1,0.0,0.0,0.0,4.1,0.0,0.0,0.0,2.3,3.175,0.0,2.6,2.7,0.0,3.3,0.0,2.55,0.0,2.6,0.0,1.525,2.9,1.1,0.0,1.5333333333333332,2.4,2.6,0.0,4.8,0.0
69247e0e44e4cccaa87c265c,3.6,1.5333333333333332,1.0,4.333333333333333,5.0,3.2,1.4,5.0,0.0,4.7,3.7,3.425,0.0,4.0,4.5,0.0,0.0,0.0,0.0,0.0,3.7,3.6,3.7,0.0,1.0,1.4,1.625,2.9,0.0,3.5,0.0,4.6,4.2,3.75,2.6,0.0,1.55,3.6,0.0,1.3,3.3,1.0,0.0,0.0,2.3,3.3499999999999996,0.0,2.3,0.0,1.9,0.0,0.0,0.0,3.0,3.1,0.0,5.0,3.85,0.0,0.0,2.8,2.6,3.1,2.4,1.0,0.0,0.0,0.0,1.2,5.0,0.0
69247e0e44e4cccaa87c265d,2.9,0.0,1.8,3.3,5.0,2.3,1.9000000000000001,3.5999999999999996,0.0,4.0,3.0666666666666664,3.8,4.0,3.5,3.9,0.0,3.8,3.266666666666667,4.5,0.0,3.15,2.3,0.0,4.3,0.0,0.0,0.0,1.7,0.0,0.0,4.0,0.0,0.0,0.0,2.9,0.0,1.1666666666666667,3.2,0.0,2.5,0.0,1.2,4.066666666666666,1.775,2.6,0.0,0.0,2.5,4.666666666666667,1.7,0.0,3.4,0.0,0.0,0.0,5.0,0.0,0.0,1.35,2.4000000000000004,2.5,0.0,2.2,2.2,1.3,0.0,0.0,0.0,1.2,3.5,0.0
69247e0e44e4cccaa87c265e,3.5666666666666664,1.25,1.7000000000000002,3.9499999999999997,0.0,2.0,0.0,0.0,0.0,4.0,3.8499999999999996,0.0,4.6,4.6,0.0,4.933333333333334,0.0,0.0,5.0,0.0,0.0,2.7,0.0,3.9,1.6,1.5,1.0,2.325,0.0,0.0,0.0,4.2,3.8,0.0,3.6,4.8,1.525,3.9000000000000004,4.2,1.8,3.5,0.0,4.7,1.9500000000000002,2.5,2.8,2.0,0.0,4.65,0.0,0.0,0.0,1.6,0.0,2.8,4.1,0.0,3.8,0.0,1.7,0.0,2.6,0.0,0.0,0.0,0.0,0.0,1.65,1.5,0.0,2.25
69247e0e44e4cccaa87c265f,3.0599999999999996,1.0,0.0,3.25,5.0,2.6,1.0,0.0,2.1,3.7,3.4333333333333336,0.0,3.7,4.3,0.0,4.9,2.5,2.7,0.0,4.3,3.033333333333333,0.0,3.45,3.35,1.7,1.5,1.3,2.566666666666667,3.9,4.2,3.3499999999999996,0.0,0.0,2.8,3.3,4.8,1.0999999999999999,0.0,3.7,2.5,0.0,1.4,3.4,1.8,0.0,0.0,1.0,1.9,0.0,1.9,0.0,3.5666666666666664,1.75,3.1,3.35,0.0,3.3,2.35,1.2,0.0,2.1,1.6,1.3,2.5,1.5,2.4,3.0999999999999996,1.7,1.7666666666666668,0.0,0.0
69247e0e44e4cccaa87c2660,3.075,0.0,2.025,4.566666666666666,5.0,1.9,1.5,4.35,2.2333333333333334,3.3,0.0,0.0,4.1,0.0,4.033333333333333,5.0,3.1666666666666665,0.0,4.4,0.0,2.1,0.0,2.7,3.25,1.0,0.0,0.0,2.1,3.5,4.9,4.0,4.9,3.5,3.4,3.4333333333333336,0.0,0.0,3.9,0.0,1.4,0.0,2.0,3.85,0.0,2.0,4.2,1.4,1.25,3.9,1.0,4.0,3.05,0.0,0.0,0.0,0.0,0.0,2.6,1.15,3.1500000000000004,0.0,0.0,0.0,1.8,1.4000000000000001,2.0,3.0999999999999996,0.0,0.0,4.6,0.0
69247e0e44e4cccaa87c2661,3.8,2.0,2.2,3.5,5.0,2.625,0.0,0.0,2.35,4.05,0.0,2.8,0.0,3.8666666666666667,3.7,4.5,0.0,0.0,5.0,3.0,3.3,0.0,3.1999999999999997,0.0,1.6,1.8,1.3,2.6,4.4,0.0,3.1,0.0,3.2,0.0,2.7,4.8,1.1,3.35,3.0,2.85,3.3,1.0,4.9,1.4000000000000001,2.1,3.6,0.0,0.0,4.7,0.0,3.233333333333333,3.8,1.7,3.4,0.0,4.4,0.0,2.5,0.0,0.0,2.9333333333333336,0.0,2.5,1.0,0.0,1.5,0.0,2.6,1.0,4.1,0.0
69247e0e44e4cccaa87c2662,3.1333333333333333,2.1,2.9,0.0,4.5,3.0,1.2,4.266666666666667,2.2,3.375,3.1,0.0,0.0,4.2,4.533333333333333,3.9,0.0,3.7,0.0,3.5,0.0,3.185714285714286,3.2,3.4,2.0,0.0,2.0,2.45,0.0,4.075,3.4799999999999995,0.0,2.9,0.0,3.1,4.333333333333333,1.5,3.5,0.0,1.7,3.5,1.3,0.0,1.15,2.1,4.6,2.05,1.0,0.0,0.0,3.8,0.0,1.1,4.1,3.25,4.2,4.9,3.5999999999999996,0.0,0.0,2.2,2.0,0.0,1.4,0.0,0.0,2.5,1.85,0.0,5.0,2.8
69247e0e44e4cccaa87c2663,3.325,1.7000000000000002,2.466666666666667,4.1,5.0,2.25,1.275,4.3,2.6,3.6,3.2,3.0,0.0,0.0,3.5666666666666664,4.5,4.2,0.0,0.0,3.533333333333333,2.7,2.7,3.1500000000000004,3.3000000000000003,0.0,0.0,1.6,2.58,4.550000000000001,4.2,0.0,4.733333333333333,3.9,2.4,3.55,4.75,1.0,0.0,0.0,1.7,3.7,2.066666666666667,0.0,0.0,0.0,4.3,0.0,1.725,0.0,1.5,3.2,3.5,2.0,0.0,0.0,4.3,0.0,4.0,0.0,2.2333333333333334,2.6,2.3,1.9666666666666668,2.1,0.0,1.0,0.0,0.0,0.0,0.0,2.8
69247e0e44e4cccaa87c2664,3.4200000000000004,1.0,2.3,4.6,3.8,1.9000000000000001,1.0,4.5,2.35,3.9,2.6,0.0,2.9,4.6,4.6,4.15,3.8,0.0,0.0,0.0,0.0,2.7,3.475,3.0999999999999996,1.8,1.0,1.6,3.0,0.0,4.2,0.0,4.55,0.0,0.0,0.0,0.0,1.7750000000000001,0.0,4.1,2.25,3.733333333333333,1.2,0.0,0.0,2.9,4.15,1.0,1.3,3.9,1.5,0.0,0.0,0.0,0.0,3.2,0.0,4.0,2.2,1.0,0.0,3.1,1.3,0.0,1.1,1.0,0.0,0.0,2.4,0.0,0.0,3.2
69247e0e44e4cccaa87c2665,3.7,1.5666666666666664,2.6,4.3,4.0,1.9333333333333333,0.0,4.85,0.0,3.8,3.4,3.55,3.6500000000000004,4.45,3.4,4.8,4.0,2.95,4.800000000000001,2.9,0.0,3.125,3.4,4.7,1.3666666666666665,2.0,1.7,0.0,4.333333333333333,4.45,3.6,4.3,3.85,3.4,0.0,4.333333333333333,1.475,0.0,4.6,0.0,0.0,1.0,4.5,1.0,0.0,3.9,2.2,0.0,4.5,0.0,3.6333333333333333,4.0,0.0,3.9,3.1,4.6,0.0,0.0,0.0,2.6500000000000004,0.0,0.0,0.0,2.35,1.7999999999999998,0.0,0.0,1.9,1.0,0.0,0.0
69247e0e44e4cccaa87c2666,3.266666666666667,1.9,1.4,0.0,0.0,2.8,0.0,4.4,2.2,3.8,0.0,0.0,4.033333333333334,4.65,3.9000000000000004,5.0,3.1666666666666665,3.8000000000000003,0.0,3.766666666666666,3.15,0.0,3.1,3.0,1.35,1.6,1.7,0.0,3.7,4.1,4.1,4.8,0.0,2.2,0.0,3.8,2.2,4.0,3.3000000000000003,1.7999999999999998,4.2,2.2,4.1,0.0,0.0,3.9,0.0,2.0,0.0,0.0,3.6,3.725,2.4,0.0,2.7,0.0,3.9,0.0,1.0,1.8,0.0,2.6,2.4,2.4,1.6,0.0,3.3,1.7333333333333334,0.0,0.0,3.7
69247e0e44e4cccaa87c2667,3.5999999999999996,1.65,0.0,3.9,4.95,3.1500000000000004,1.0999999999999999,4.766666666666667,2.0,4.0,0.0,2.7,3.425,3.3,0.0,5.0,2.7,2.4,5.0,3.35,2.65,0.0,2.7,3.775,1.6,1.5,1.75,0.0,3.8,4.4,3.1,4.8,3.3,3.0,0.0,5.0,1.6,2.8,3.9000000000000004,2.3499999999999996,0.0,2.0,0.0,1.7,1.8,0.0,1.0,2.5,5.0,0.0,0.0,0.0,0.0,2.3,3.75,4.8,0.0,2.766666666666667,1.4,2.1,2.5,0.0,0.0,1.675,1.0,1.45,0.0,1.0,1.3,0.0,2.9
69247e0e44e4cccaa87c2668,3.4200000000000004,1.9,0.0,4.4,0.0,2.0666666666666664,1.7,0.0,1.5,3.625,3.966666666666667,3.5,3.6500000000000004,4.6,3.2,0.0,4.0,0.0,4.4,2.7,2.6,0.0,0.0,3.45,1.3,1.0,2.1,2.7,3.9,4.449999999999999,3.6,0.0,3.1,3.45,3.0999999999999996,4.3,1.7666666666666666,4.3,3.6,0.0,4.2,1.3,0.0,2.55,3.05,3.2,1.6,2.1,4.4,0.0,3.15,4.4,1.2,0.0,0.0,0.0,3.6,2.3,1.0,2.1,3.5,0.0,2.566666666666667,1.9,1.6,0.0,4.4,1.4,1.7,4.4,3.15
69247e0e44e4cccaa87c2669,2.766666666666667,1.5666666666666667,2.05,0.0,0.0,2.0,1.56,4.8,2.7,3.75,0.0,2.7,4.45,0.0,0.0,5.0,2.5,3.3,4.2,3.2,2.75,2.3,3.533333333333333,3.7,0.0,1.1,1.2,2.8,4.5,4.1,3.8,5.0,3.6,0.0,0.0,0.0,1.25,3.5,3.45,0.0,4.25,2.0,4.15,1.8,0.0,3.6,1.8,1.7,4.3,1.0,3.2,3.4,1.5,0.0,3.5999999999999996,4.1,0.0,3.2,1.25,3.1,2.45,1.9666666666666668,1.5999999999999999,0.0,1.0,1.225,3.0,0.0,0.0,4.4,0.0
69247e0e44e4cccaa87c266a,3.2,1.7666666666666668,2.4,3.6666666666666665,4.2,2.733333333333333,1.4,3.4,1.85,0.0,0.0,3.4,2.8,4.0,4.4,4.4,0.0,2.3,4.45,3.5999999999999996,2.2,0.0,2.5,3.05,1.0,1.7,0.0,1.6,3.2,0.0,2.3,4.85,3.5,0.0,4.2,4.3,1.7,3.2,4.6,0.0,3.6666666666666665,1.9,0.0,1.5,2.533333333333333,3.733333333333333,1.0,1.3,5.0,1.3499999999999999,3.266666666666667,3.1333333333333333,0.0,0.0,4.1,4.4,4.4,3.8,1.0,2.5,0.0,0.0,0.0,2.25,1.0,0.0,3.0,1.95,1.0,0.0,3.6
69247e0e44e4cccaa87c266b,3.033333333333333,1.8666666666666665,2.3000000000000003,4.316666666666666,5.0,0.0,0.0,4.6000000000000005,1.0,3.4,3.15,2.5,3.6,4.0,3.75,4.1,3.6,2.1,0.0,0.0,2.4000000000000004,2.7,3.1,4.300000000000001,1.0,1.0,2.0,2.7,3.1500000000000004,0.0,0.0,4.5,4.5,0.0,3.733333333333333,4.85,1.2,3.2,3.6999999999999997,1.8,0.0,0.0,4.6,1.4333333333333333,0.0,0.0,0.0,0.0,0.0,0.0,0.0,3.8,0.0,3.4,0.0,4.15,3.9,0.0,0.0,3.4,2.45,0.0,1.7,2.3,1.35,1.3,0.0,0.0,0.0,4.8,3.5
69247e0e44e4cccaa87c266c,2.766666666666667,1.8,2.0,4.8,0.0,2.35,1.0,4.2,1.35,0.0,0.0,2.3,3.1,0.0,4.0,4.5,2.8,0.0,4.05,3.8000000000000003,2.7,0.0,0.0,2.9,1.7,0.0,0.0,2.2,3.7,0.0,3.5,0.0,3.55,3.0,3.1,4.5,0.0,2.9,0.0,2.05,3.9,1.9,4.2,1.5,2.4,4.6,1.0,1.0,0.0,1.0,2.6,3.25,1.85,4.1,2.7,0.0,0.0,0.0,0.0,2.2,2.6,0.0,0.0,0.0,1.7333333333333332,0.0,2.8,2.15,0.0,3.9,2.5
69247e0e44e4cccaa87c266d,3.9,2.05,2.0,4.3,4.85,1.8,1.3,4.1,2.1599999999999997,4.6,3.7,3.8,3.55,4.75,3.3333333333333335,4.266666666666667,0.0,0.0,4.233333333333333,4.1,0.0,0.0,0.0,3.0,1.9,1.95,1.1,2.5,3.0666666666666664,4.15,0.0,0.0,3.5,0.0,3.5,4.1,1.85,0.0,4.2,2.55,0.0,1.5999999999999999,3.7,1.75,0.0,0.0,1.9,2.0,5.0,1.75,0.0,3.4,1.0,3.0,0.0,5.0,3.9,3.4,0.0,0.0,3.6,0.0,2.6333333333333333,0.0,1.0,1.9,3.05,2.0,1.75,3.3,2.9
69247e0e44e4cccaa87c266e,2.45,0.0,1.55,3.1,0.0,2.2,0.0,3.4,2.0,3.7,3.8,4.0,4.4,3.975,3.766666666666667,4.550000000000001,0.0,0.0,3.45,0.0,2.1500000000000004,0.0,0.0,3.5,1.6333333333333335,1.0,0.0,2.7,3.4,0.0,3.275,4.6,3.6,2.966666666666667,2.7,0.0,1.3199999999999998,3.0,3.3,1.3,3.8,1.0,3.45,1.2,2.6666666666666665,4.2,1.9000000000000001,1.4,4.3999999999999995,1.0,2.5,3.3,0.0,0.0,3.3,0.0,0.0,2.7000000000000006,1.325,0.0,0.0,0.0,1.9,1.775,1.65,0.0,3.3666666666666667,0.0,1.0,3.3,2.5
69247e0e44e4cccaa87c266f,2.325,2.4,2.3666666666666667,4.1,4.6,3.1,0.0,4.6,0.0,0.0,3.2,0.0,3.3,0.0,0.0,3.9,3.85,0.0,4.075,2.6,2.733333333333333,3.1,3.2,3.3,1.0,1.6,2.1333333333333333,2.766666666666667,4.3,3.9,4.15,4.066666666666666,0.0,2.7,4.1,4.5,1.275,3.466666666666667,4.1,2.4,0.0,1.0,4.0,2.033333333333333,3.1,3.75,1.65,0.0,4.1,0.0,0.0,2.8,2.3,3.2,0.0,4.0,3.4,3.4,0.0,0.0,3.6,0.0,0.0,1.7,0.0,0.0,0.0,0.0,1.9,0.0,0.0
69247e0e44e4cccaa87c2670,3.45,1.2,2.8,0.0,5.0,2.05,1.35,5.0,1.1,0.0,3.9,3.3333333333333335,3.3,4.25,3.0999999999999996,5.0,0.0,3.3,5.0,3.3333333333333335,2.75,0.0,3.6,3.5999999999999996,2.0,1.0,1.6199999999999999,2.75,3.5666666666666664,4.066666666666666,2.9,0.0,3.9,0.0,3.2,4.775,0.0,2.7,3.8,2.15,3.3,0.0,4.1,2.7,0.0,3.3,0.0,1.7,4.95,1.4000000000000001,3.6,3.75,0.0,0.0,0.0,4.35,4.9,0.0,1.9,1.6,3.9,0.0,2.0,1.4,1.3,2.5,3.1,1.8,0.0,0.0,3.3
69247e0e44e4cccaa87c2671,3.65,1.8,1.7,4.2,4.75,1.7,2.1,4.1,0.0,0.0,0.0,0.0,3.4,3.9,0.0,0.0,0.0,3.45,5.0,3.75,2.2,0.0,3.7,2.7,0.0,0.0,1.6,0.0,0.0,0.0,3.6,4.6,0.0,3.0,3.3,0.0,1.5,0.0,3.55,2.1,4.4,0.0,0.0,1.6,2.5,4.05,1.5666666666666667,1.0,4.45,1.0,0.0,3.5,1.2,0.0,0.0,4.300000000000001,0.0,0.0,0.0,0.0,3.6,0.0,0.0,0.0,0.0,2.1,3.3333333333333335,0.0,2.1,4.9,0.0
69247e0e44e4cccaa87c2672,3.0500000000000003,1.475,0.0,3.875,4.8,0.0,1.65,5.0,2.8,3.55,0.0,3.02,3.75,4.428571428571429,4.0,4.9,3.1,2.8,0.0,0.0,3.6,2.9,3.4,4.15,2.2,1.5999999999999999,1.85,2.225,3.85,3.75,3.5,4.725,0.0,2.6,2.5,4.5,1.3599999999999999,3.6,4.3,1.9,3.8,0.0,3.1,2.0,0.0,4.1,1.0,0.0,0.0,1.3666666666666665,0.0,0.0,0.0,0.0,0.0,4.3,3.4,0.0,0.0,2.4,0.0,2.6,0.0,0.0,1.1,0.0,3.5,0.0,1.8,3.7,0.0
69247e0e44e4cccaa87c2673,3.533333333333333,2.25,1.25,3.966666666666667,5.0,0.0,1.0,4.033333333333333,1.9,4.025,3.3333333333333335,3.6500000000000004,4.6,3.3,3.2,4.7,0.0,3.05,5.0,3.55,2.65,2.95,0.0,4.32,1.4333333333333333,1.05,1.7,2.066666666666667,3.2,4.45,2.95,0.0,0.0,0.0,0.0,4.7,1.5,0.0,3.5,2.1333333333333333,3.3499999999999996,1.05,4.4,2.7,3.4,4.175,2.1,0.0,0.0,0.0,3.8,3.2,0.0,3.0,0.0,4.4,4.4,3.55,1.0999999999999999,2.85,2.3,1.0666666666666667,1.8,0.0,1.45,1.3,3.1,1.0,1.3,3.3,2.1
69247e0e44e4cccaa87c2674,3.766666666666667,2.1,2.7,0.0,4.7,3.3,0.0,0.0,1.5,3.5,0.0,3.8,4.0,3.9,4.133333333333334,4.85,0.0,2.9,4.5,0.0,2.6,0.0,0.0,3.6500000000000004,1.3,1.5,1.7,2.2,3.4,4.0,3.9,4.7,0.0,0.0,0.0,0.0,1.8499999999999999,0.0,3.0,1.7666666666666668,3.9,2.1333333333333333,4.0,0.0,2.1,0.0,0.0,1.6,0.0,0.0,0.0,3.4,1.3,0.0,2.7,4.2,0.0,3.1,1.5,2.6,2.85,0.0,2.1,0.0,1.0,1.5333333333333332,4.1,0.0,0.0,5.0,3.1
69247e0e44e4cccaa87c2675,2.7,0.0,0.0,4.266666666666667,4.633333333333334,1.6,1.15,4.225,2.0,4.3,3.9,3.9,0.0,4.6,0.0,3.8499999999999996,0.0,2.8,4.0,3.05,0.0,2.5999999999999996,4.0,4.15,2.0,1.0,0.0,2.0,3.05,4.45,0.0,4.6,4.2,0.0,3.8499999999999996,0.0,1.64,3.6,3.7,2.1166666666666667,3.8666666666666667,1.5666666666666667,0.0,1.6666666666666667,3.5,4.15,0.0,0.0,4.8,0.0,0.0,3.7,1.6,3.5,4.3,4.9,4.025,3.25,1.0,0.0,0.0,1.3,2.2,1.7,1.05,1.5,3.3666666666666667,2.4,1.0,3.6,3.0
69247e0e44e4cccaa87c2676,2.96,0.0,2.2,3.4,5.0,2.4,1.275,4.4,0.0,3.3,0.0,3.533333333333333,3.2,0.0,3.8,3.8,0.0,0.0,4.525,3.5,2.0,0.0,0.0,4.6,0.0,1.7,0.0,3.0,0.0,3.6,3.1,4.85,2.8,2.6,0.0,0.0,1.5666666666666667,4.2,3.1,2.5,2.8,1.0,0.0,0.0,0.0,0.0,1.0,1.8,5.0,0.0,0.0,4.0,0.0,0.0,0.0,4.0,0.0,2.6,0.0,0.0,2.2,0.0,0.0,0.0,0.0,0.0,0.0,1.8666666666666665,1.4,0.0,0.0
69247e0e44e4cccaa87c2677,3.1,1.0,1.3,4.05,4.866666666666666,3.1,1.4333333333333333,5.0,1.7,3.8666666666666667,3.15,3.9000000000000004,3.5,4.15,3.3,4.433333333333334,3.5,0.0,0.0,2.9000000000000004,2.9,2.8499999999999996,3.6999999999999997,3.4,1.2,1.3,1.8,2.0,0.0,3.5666666666666664,0.0,0.0,3.5,2.9,2.8,0.0,2.2,3.25,0.0,2.2,0.0,1.3,3.6,0.0,2.2,0.0,1.0,1.7000000000000002,0.0,1.2666666666666666,2.8666666666666667,0.0,2.8,4.0,3.45,0.0,0.0,3.4,1.7000000000000002,2.8,0.0,0.0,0.0,2.5,1.0,1.4,0.0,1.7000000000000002,0.0,0.0,0.0
69247e0e44e4cccaa87c2678,3.3666666666666667,1.0,1.9,4.266666666666667,4.05,2.8,1.4,0.0,1.2666666666666666,3.25,3.05,3.4,3.5999999999999996,0.0,3.3499999999999996,4.45,3.6500000000000004,0.0,0.0,2.6,3.2,3.7,3.0,0.0,0.0,1.0,0.0,2.2,4.2,3.3,2.6,0.0,3.8,3.7,3.55,4.35,1.2,3.0,3.55,2.15,3.2,0.0,4.0,1.35,0.0,0.0,0.0,0.0,4.5,2.1,2.7,3.3,1.0,2.6,0.0,0.0,0.0,2.675,1.1666666666666667,2.1,0.0,0.0,1.7,1.8,0.0,1.4,0.0,1.4,1.5,3.4,0.0
69247e0e44e4cccaa87c2679,3.65,1.8,2.3333333333333335,3.8,4.166666666666667,0.0,1.65,5.0,0.0,3.925,3.45,0.0,3.9,4.8,3.45,4.566666666666666,0.0,3.5,0.0,3.9,3.2,2.8,4.2,3.3333333333333335,0.0,0.0,0.0,2.0,3.55,4.466666666666666,3.25,4.933333333333334,4.1,3.3,3.1,4.666666666666667,1.0,2.9,3.2,2.233333333333333,3.4,1.0,3.96,1.8666666666666665,0.0,3.8,1.0,0.0,3.9,1.5,2.35,3.3,2.25,2.9,3.8666666666666667,0.0,0.0,2.2,1.45,1.6,3.15,2.1500000000000004,1.8,1.7,0.0,2.1,3.35,2.0,0.0,0.0,3.5
69247e0e44e4cccaa87c267a,3.5,2.6,0.0,4.7,4.5,3.0,1.0,0.0,1.6,3.1,2.6,2.5,0.0,4.033333333333333,4.45,4.533333333333334,3.8,3.6,0.0,2.5,3.25,3.0,0.0,3.55,2.3,2.1,0.0,2.9,4.6,4.3999999999999995,2.96,4.1,0.0,3.9,2.9333333333333336,5.0,0.0,3.6333333333333333,3.7,0.0,2.9,1.4666666666666668,4.3,1.6,2.4,4.0,1.0,1.0,3.6,0.0,0.0,3.6666666666666665,2.175,4.1,3.6,4.6,0.0,0.0,0.0,3.0,3.1500000000000004,2.05,0.0,0.0,1.3,1.85,0.0,0.0,1.0,0.0,2.5
69247e0e44e4cccaa87c267b,3.3,1.8,1.48,3.5999999999999996,5.0,0.0,1.4,3.7,2.3,3.7,3.1666666666666665,3.7,3.7,4.0,3.3,5.0,0.0,2.6333333333333333,5.0,0.0,2.7,2.8,3.8,0.0,1.8,1.05,2.566666666666667,0.0,3.9,0.0,3.3,4.8,3.2,3.8,3.2,0.0,1.3,0.0,3.6666666666666665,1.6666666666666667,0.0,1.5,3.8,1.9500000000000002,2.6,3.35,2.0999999999999996,0.0,4.65,1.1,3.6,3.1666666666666665,0.0,0.0,3.2,0.0,4.0,2.4,0.0,3.2,3.2,1.7,0.0,1.3,1.5,1.5,0.0,0.0,1.0,4.4,2.0
69247e0e44e4cccaa87c267c,2.75,0.0,1.65,3.4000000000000004,0.0,0.0,1.375,3.65,2.4,3.2,3.5,3.25,4.075,0.0,2.8,4.4,4.1,0.0,4.9,3.05,3.8,3.1,0.0,4.199999999999999,0.0,1.7,1.1,0.0,3.3499999999999996,4.1,3.2999999999999994,4.433333333333334,0.0,0.0,0.0,5.0,2.1,0.0,0.0,2.05,0.0,0.0,3.4,1.8,0.0,3.4,0.0,0.0,0.0,0.0,3.3,3.825,1.8,0.0,3.7,4.7,4.9,3.7,1.0,2.675,2.8000000000000003,1.2,0.0,0.0,1.0,0.0,0.0,1.5333333333333332,1.8,4.15,4.0
69247e0e44e4cccaa87c267d,2.8666666666666667,1.7,1.4333333333333333,4.3,4.75,2.3499999999999996,1.9,3.9,0.0,3.4000000000000004,2.6,3.4,3.9,4.0,3.4333333333333336,0.0,3.1,2.2,0.0,3.966666666666667,2.1999999999999997,3.9,3.266666666666667,4.4,0.0,0.0,0.0,0.0,4.3,3.6,2.7399999999999998,3.9,0.0,3.7,0.0,4.5,1.6,3.1666666666666665,3.1,3.0,0.0,1.3666666666666665,4.5,1.1,3.25,0.0,0.0,1.8,0.0,1.0,2.8499999999999996,0.0,0.0,0.0,0.0,3.6,3.4,0.0,0.0,1.8,3.8,1.3,0.0,1.1,0.0,1.575,3.4,0.0,1.3,4.15,3.9
69247e0e44e4cccaa87c267e,3.5,0.0,2.2,4.24,4.66,2.9,0.0,4.800000000000001,2.5,3.3,3.266666666666667,3.1,0.0,0.0,0.0,4.766666666666667,0.0,3.7,3.5,2.8,3.8,3.266666666666667,0.0,3.25,1.0,0.0,1.45,0.0,3.9,0.0,3.4,4.833333333333333,4.1,0.0,3.5666666666666664,5.0,1.5,3.033333333333333,0.0,0.0,3.0,2.3,4.9,1.8,3.05,2.8,1.625,1.7,5.0,1.7,3.1,0.0,2.4,0.0,0.0,0.0,4.6,0.0,1.4,2.1999999999999997,2.0,0.0,0.0,1.7999999999999998,0.0,0.0,3.533333333333333,1.0,2.1,3.9,3.9
69247e0e44e4cccaa87c267f,3.15,1.5666666666666667,2.1,3.7857142857142856,0.0,2.7399999999999998,1.225,0.0,2.2,3.7,0.0,3.5,3.3000000000000003,4.7,3.6500000000000004,0.0,0.0,2.4,0.0,3.2,2.1,2.4,4.2,0.0,0.0,1.6,2.0,2.6,3.45,4.133333333333334,4.1,3.8,3.8,3.6,3.466666666666667,5.0,1.5499999999999998,3.3499999999999996,4.3,3.1,3.2,1.9000000000000001,4.375,1.6000000000000003,3.2,3.5,0.0,0.0,4.95,1.8,2.65,3.3,1.3666666666666665,3.7,0.0,0.0,3.866666666666667,3.1999999999999997,0.0,0.0,0.0,0.0,2.6,1.8,0.0,1.1,3.7,1.8,0.0,5.0,0.0
69247e0e44e4cccaa87c2680,3.56,1.5,2.15,4.075,4.966666666666667,3.1,1.3333333333333333,0.0,0.0,3.8333333333333335,2.4,3.0,2.8,4.166666666666667,4.2,4.2,3.5,2.7,4.266666666666667,3.7,0.0,3.5,4.1,3.1,1.55,1.45,1.6,0.0,4.1,3.75,3.6,4.2,2.8,0.0,2.9,4.1,1.15,0.0,3.5,1.65,4.6,1.5,4.5,1.9,0.0,4.0,1.0,1.2,3.9,1.0,2.2,2.8,0.0,0.0,3.3,3.5,4.633333333333333,2.8499999999999996,1.0,3.0,0.0,1.6,2.4,1.6333333333333335,0.0,1.0,2.65,1.7,2.1,0.0,0.0
69247e0e44e4cccaa87c2681,3.275,1.45,1.4,3.65,5.0,1.5,1.4000000000000001,4.95,0.0,3.2,2.5,3.766666666666667,4.0,3.8499999999999996,3.8,4.45,2.55,3.1333333333333333,4.3,3.2,3.8,3.4,2.9,0.0,1.2,1.9,1.8,2.466666666666667,0.0,0.0,0.0,5.0,3.95,3.8,3.1,5.0,1.4,4.0,4.5,2.55,4.05,0.0,4.7,1.9500000000000002,0.0,3.4,0.0,1.7,4.4,0.0,0.0,3.75,0.0,3.8,0.0,0.0,3.3,3.8499999999999996,0.0,0.0,0.0,0.0,0.0,2.0,0.0,0.0,3.9,1.65,0.0,0.0,2.5
69247e0e44e4cccaa87c2682,2.75,1.8333333333333333,1.8,4.033333333333334,4.9,0.0,2.2,4.033333333333333,0.0,3.1,2.8,2.8,3.45,3.725,3.56,4.3,4.0,3.4,0.0,0.0,3.2,3.0999999999999996,3.75,0.0,2.0,1.6,2.3,2.95,3.6333333333333333,4.4,2.94,5.0,3.6,3.9,3.3499999999999996,5.0,1.2666666666666666,4.0,0.0,2.1,0.0,1.4,0.0,1.5999999999999999,2.15,4.3,1.5499999999999998,1.5,4.2,2.4,3.75,3.5666666666666664,0.0,3.4,2.5,3.5,3.3,3.2,0.0,0.0,3.5,0.0,0.0,0.0,1.2,1.2,0.0,0.0,0.0,4.5,2.1
69247e0e44e4cccaa87c2683,3.3,1.5,1.9600000000000002,3.5,3.8,2.2,1.4666666666666668,5.0,0.0,0.0,3.9,2.7,3.5,4.7,3.45,0.0,2.7,0.0,0.0,3.55,0.0,2.8,0.0,3.8333333333333335,1.3,0.0,1.9666666666666668,3.4,4.7,0.0,3.033333333333333,5.0,3.7,0.0,4.25,4.5,1.0,3.8,3.3499999999999996,2.8,3.6500000000000004,0.0,0.0,1.6,0.0,3.1,1.0,2.3,3.9499999999999997,0.0,2.9,3.9,1.0,3.25,3.7,0.0,3.6,0.0,1.0,0.0,3.0,1.65,2.5,1.25,1.3333333333333333,1.375,0.0,0.0,1.0,3.85,3.9
69247e0e44e4cccaa87c2684,2.85,1.75,1.8,0.0,4.45,0.0,1.0,4.1,0.0,4.25,4.0,0.0,3.9000000000000004,3.8,2.8,4.1,2.5,0.0,0.0,0.0,2.3,3.366666666666667,3.2,3.966666666666667,1.0,0.0,0.0,2.25,4.1000000000000005,3.85,0.0,5.0,3.2000000000000006,3.0,0.0,4.2,1.7333333333333334,4.0,3.5,2.7,0.0,1.7,0.0,0.0,0.0,4.2,0.0,0.0,0.0,1.9,0.0,3.8,0.0,3.7,0.0,0.0,0.0,2.6,1.6,0.0,0.0,0.0,0.0,1.0,0.0,1.2,2.7,2.4,1.0,0.0,2.45
69247e0e44e4cccaa87c2685,2.92,2.05,2.7,3.866666666666667,4.55,0.0,1.3333333333333333,4.0,1.8,3.4,2.5,3.6,3.533333333333333,3.6,4.2,4.65,3.733333333333334,2.5,4.1,3.9,3.6,2.55,0.0,3.8333333333333335,1.5999999999999999,1.0,1.0,2.5,3.5,4.4,3.7399999999999998,4.7,2.8,2.2,2.95,4.833333333333333,1.5,0.0,4.0,2.56,3.7,1.4,3.95,2.4,2.6,3.4,0.0,1.8,4.4,0.0,3.9,3.5,2.3,4.1,2.65,4.0,4.2,3.15,0.0,2.0,0.0,1.4,3.1,1.7999999999999998,1.75,1.9,3.1,1.72,2.2,0.0,0.0
69247e0e44e4cccaa87c2686,3.0,1.9,1.8250000000000002,4.3,5.0,2.85,1.35,4.566666666666666,1.8,3.8,0.0,2.8,3.25,3.875,4.4,4.7,3.6999999999999997,3.1,4.4,4.0,0.0,3.9,4.0,3.966666666666667,1.0,1.0,1.0,2.925,3.8000000000000003,3.5,3.0,5.0,0.0,3.5,4.4,0.0,1.8333333333333333,4.133333333333333,0.0,0.0,0.0,1.9,4.5,0.0,2.85,4.05,1.9,0.0,0.0,0.0,0.0,4.3,1.4,0.0,4.4,4.0,3.0,2.5,1.0,2.6,3.1,1.0,0.0,2.4,1.9,1.5,3.0,1.4666666666666668,0.0,3.95,2.3
69247e0e44e4cccaa87c2687,2.983333333333333,1.05,2.075,0.0,5.0,1.8,1.325,4.359999999999999,1.8,3.6999999999999997,3.1333333333333333,3.4,4.0,3.966666666666667,3.633333333333333,4.4,0.0,0.0,4.425,4.0,2.35,2.6666666666666665,0.0,3.4333333333333336,1.0,1.0,1.3,0.0,3.15,0.0,3.1,0.0,4.6,3.9,3.7,4.7,1.3,3.5,0.0,2.966666666666667,0.0,0.0,4.066666666666666,0.0,3.5,4.6,0.0,1.8,4.5,0.0,3.8,3.3,2.7,3.5,0.0,3.8,0.0,0.0,1.0,2.6999999999999997,0.0,1.1,0.0,1.0,1.4,0.0,2.85,1.7000000000000002,1.55,0.0,0.0
69247e0e44e4cccaa87c2688,2.6,2.5,2.58,4.6,4.7,2.2,1.8333333333333333,4.733333333333333,1.7,3.4,0.0,3.1,3.4666666666666663,4.1000000000000005,4.14,3.8,4.1,2.3,0.0,2.7,3.5,2.2,3.45,4.3,1.25,1.3333333333333333,1.75,0.0,4.3,4.6,3.375,4.65,0.0,2.5,0.0,0.0,0.0,0.0,3.1,0.0,0.0,1.9,3.2,0.0,3.4,0.0,1.0,2.5,0.0,1.1,2.65,0.0,1.0,0.0,0.0,4.3,3.2,0.0,1.05,2.8,0.0,2.0,0.0,0.0,2.3,1.0,3.4333333333333336,0.0,1.1,4.2,2.4
69247e0e44e4cccaa87c2689,2.6999999999999997,1.6,1.4,4.575,0.0,3.1,1.0,4.3999999999999995,2.1,3.5,3.6500000000000004,3.1,4.6,0.0,4.5,0.0,0.0,0.0,3.966666666666667,0.0,0.0,2.0,2.5,4.4,0.0,1.5,2.5,2.8666666666666667,3.6,3.9,3.325,4.35,3.4,0.0,3.8000000000000003,3.6,1.0,2.9,3.733333333333333,2.25,3.3,1.85,4.3,2.4,2.65,3.2,1.1,1.0,0.0,1.7,3.6,3.3,0.0,0.0,0.0,0.0,3.5,3.5,2.1,3.5,0.0,2.0166666666666666,0.0,1.8,1.25,1.0,0.0,2.7,1.65,5.0,0.0
69247e0e44e4cccaa87c268a,3.275,1.7,1.6666666666666667,3.65,5.0,2.1,1.4,4.65,1.2,3.5,0.0,3.45,0.0,4.25,3.3499999999999996,0.0,0.0,3.4,4.6,4.1,2.2,0.0,3.1,3.8,0.0,2.2,1.7,0.0,0.0,0.0,2.6,4.575,0.0,3.7,3.6999999999999997,5.0,1.8,0.0,0.0,1.9000000000000001,0.0,1.0,4.3,1.6666666666666667,3.5,0.0,1.4,0.0,0.0,0.0,0.0,4.5,1.7,3.0,2.9,0.0,4.7,0.0,1.9,2.8,2.3,2.2,0.0,0.0,1.0,1.8,2.5,2.05,0.0,4.0,3.25
69247e0e44e4cccaa87c268b,2.85,1.6,1.8,0.0,0.0,2.966666666666667,1.2,4.4,2.2,0.0,3.0,3.75,0.0,4.800000000000001,4.35,4.9,3.2,0.0,4.9,0.0,2.6666666666666665,0.0,2.8,0.0,0.0,1.55,1.0,1.9500000000000002,0.0,5.0,3.0,5.0,4.4,0.0,3.233333333333333,4.65,0.0,0.0,0.0,1.6,0.0,0.0,4.75,1.3,3.5,4.1,1.6,1.0,4.1,0.0,0.0,0.0,0.0,0.0,0.0,5.0,0.0,0.0,0.0,3.1,0.0,1.85,0.0,0.0,0.0,0.0,3.9,0.0,0.0,5.0,0.0
69247e0e44e4cccaa87c268c,2.9,1.9666666666666668,1.72,3.825,4.666666666666667,2.7,0.0,4.25,0.0,3.8499999999999996,3.7,2.6,3.15,4.300000000000001,4.4,5.0,0.0,2.3,0.0,0.0,2.766666666666667,3.3,0.0,4.1,1.5,2.2,2.05,2.3,3.9,4.533333333333334,4.1,4.1,0.0,0.0,3.8,4.35,2.2,0.0,3.0,1.55,3.5,1.3,4.2,2.433333333333333,2.3,4.7,1.0,1.1,4.1,1.8,0.0,3.55,0.0,2.4,0.0,0.0,0.0,2.3,0.0,0.0,3.033333333333333,2.2,1.4,1.2,1.2,1.1,0.0,1.7,0.0,5.0,3.2
69247e0e44e4cccaa87c268d,2.3333333333333335,1.4833333333333334,2.1,4.233333333333333,4.9,2.1,0.0,4.6000000000000005,1.95,4.4,3.4,3.633333333333333,3.6500000000000004,4.05,0.0,4.55,4.0,0.0,3.75,2.733333333333333,2.6,2.2,3.533333333333333,3.6999999999999997,0.0,1.0,2.1333333333333333,3.3,2.9,3.5,2.5,0.0,2.9,0.0,3.8666666666666667,4.45,0.0,0.0,0.0,0.0,3.6500000000000004,2.4,4.8,1.9333333333333333,2.6500000000000004,0.0,1.0,0.0,5.0,2.0,2.3333333333333335,3.45,2.4,3.7,0.0,0.0,4.8,2.3,1.45,2.25,2.5,1.4000000000000001,1.8499999999999999,1.6,0.0,0.0,2.95,1.15,0.0,0.0,2.8
69247e0e44e4cccaa87c268e,0.0,1.65,2.4,4.7,0.0,2.6,1.0,0.0,2.4,4.4,4.15,3.5,0.0,4.0,0.0,4.5,0.0,2.4,0.0,3.8,3.7,2.4,3.3,3.2,0.0,0.0,1.45,2.4,3.2,3.6,3.4,4.6,0.0,3.9,3.1,0.0,1.75,0.0,0.0,1.7000000000000002,4.2,1.9,4.0,2.6,0.0,0.0,1.0,0.0,4.9,0.0,3.6,4.2,0.0,0.0,3.5,0.0,3.8,0.0,0.0,2.5,0.0,0.0,2.9,1.4,1.0,1.725,0.0,0.0,1.0,3.9499999999999997,0.0
69247e0e44e4cccaa87c268f,2.5,1.9,2.4,4.133333333333333,3.9,0.0,1.2333333333333334,4.55,2.55,0.0,0.0,3.65,3.6,3.6,3.7,4.9,3.3,0.0,5.0,3.25,2.9,3.65,0.0,4.15,0.0,0.0,2.4,2.0,4.0,3.8499999999999996,3.8,5.0,0.0,2.2,3.75,4.9,1.4666666666666668,4.2,0.0,1.4,4.1,0.0,4.2,1.95,1.7,0.0,0.0,1.75,5.0,1.7000000000000002,3.15,3.0,0.0,3.3,0.0,0.0,0.0,0.0,0.0,2.5,3.3,2.2,0.0,2.6,1.2,2.3,0.0,0.0,0.0,0.0,0.0
69247e0e44e4cccaa87c2690,3.1,0.0,2.2,4.9,4.55,2.8666666666666667,1.6,4.5,1.2,3.7,0.0,0.0,4.5,3.725,2.9,4.75,0.0,0.0,4.7,2.8499999999999996,3.8,0.0,3.1,0.0,0.0,1.5499999999999998,2.3,2.2,4.05,4.550000000000001,3.4333333333333336,4.85,4.35,3.033333333333333,3.5666666666666664,5.0,1.5999999999999999,3.35,3.6,0.0,0.0,0.0,0.0,1.3,0.0,0.0,0.0,1.7,4.066666666666666,0.0,3.2,3.025,1.2,2.5,0.0,0.0,0.0,0.0,1.0,0.0,0.0,0.0,2.3,1.9,0.0,0.0,4.1,0.0,1.65,4.0,0.0
69247e0e44e4cccaa87c2691,2.8,1.5,1.8999999999999997,3.8600000000000003,4.633333333333334,2.0,1.3,4.7,0.0,4.1,3.0,3.4333333333333336,0.0,3.3,3.8,4.466666666666666,0.0,0.0,4.5,3.5,0.0,2.9,0.0,0.0,2.2,1.35,1.7,2.35,4.6,0.0,2.3,4.7,0.0,0.0,2.6,4.4,2.0,2.5,0.0,2.5,3.7,1.6,3.2,1.0,0.0,0.0,0.0,1.0,4.7,0.0,4.0,3.1,0.0,0.0,4.3,4.2,0.0,3.3,2.0,0.0,0.0,0.0,0.0,1.75,0.0,2.4,0.0,1.6,0.0,3.6,0.0
69247e0e44e4cccaa87c2692,2.533333333333333,1.7,2.05,3.9,4.1,2.3000000000000003,1.2,5.0,1.4,0.0,2.8666666666666667,3.5,3.2,0.0,0.0,5.0,2.95,3.033333333333333,4.5,0.0,2.1,3.8,3.4,3.3,0.0,1.7,1.8,0.0,3.65,4.4,3.7,4.3,0.0,3.15,3.1,5.0,1.72,3.7,0.0,1.6,2.8,1.0333333333333334,4.8,0.0,0.0,2.8,1.3,1.6,4.5,2.05,3.0666666666666664,3.0999999999999996,1.4,4.2,3.5333333333333337,0.0,0.0,0.0,1.8,3.2,0.0,1.1,2.8,2.5,0.0,0.0,3.35,1.4,0.0,4.9,0.0
69247e0e44e4cccaa87c2693,2.45,0.0,0.0,4.2,4.55,0.0,1.8,4.5,0.0,0.0,3.4,0.0,3.45,0.0,4.4,0.0,3.4,3.3,4.8,2.9,2.9,0.0,3.4,3.8,0.0,1.0,2.1500000000000004,2.8,3.233333333333333,4.1,0.0,4.3,2.7,2.925,3.7,0.0,1.1,4.45,4.6,2.3,4.15,2.3,4.5,0.0,1.9500000000000002,3.9,1.1,2.5,4.3,1.3,3.0666666666666664,0.0,1.9000000000000001,4.2,3.45,4.300000000000001,3.95,2.3,1.9,0.0,2.8,0.0,1.5999999999999999,1.2,1.75,1.0,4.4,1.7,1.9,4.8,2.6
69247e0e44e4cccaa87c2694,3.1666666666666665,1.0,1.9,4.15,4.1,0.0,2.0,4.9,1.3,0.0,0.0,0.0,3.1,4.3,3.1,4.2,0.0,2.6,3.9,3.5,2.566666666666667,2.6500000000000004,3.65,4.2,1.0,0.0,1.5,1.9500000000000002,0.0,4.1,3.45,4.3,0.0,3.0,0.0,0.0,1.7333333333333334,3.466666666666667,3.466666666666667,2.533333333333333,0.0,0.0,3.9,1.95,0.0,0.0,1.45,1.0,4.6,1.6000000000000003,3.0,3.2,2.5,3.233333333333333,3.8,0.0,4.35,3.2,2.1,2.0,3.1333333333333333,0.0,3.1,2.25,1.65,0.0,0.0,1.3,2.0,0.0,2.9
69247e0e44e4cccaa87c2695,2.5,2.2,2.3,4.4,4.233333333333333,2.1,1.55,4.6,1.75,4.0,3.625,4.0,4.1,0.0,0.0,0.0,0.0,3.05,5.0,3.0999999999999996,2.7,0.0,0.0,3.233333333333333,0.0,0.0,1.25,3.4,4.4,4.9,3.533333333333333,3.7,3.5,2.8,4.4,4.0,1.375,4.4,0.0,2.4,0.0,0.0,4.5,0.0,2.8,0.0,0.0,1.5,4.55,1.1,3.15,0.0,0.0,0.0,0.0,0.0,4.5,0.0,1.7,0.0,0.0,0.0,0.0,0.0,1.0,2.0,4.050000000000001,0.0,0.0,0.0,2.7
69247e0e44e4cccaa87c2696,2.4,1.5,0.0,0.0,4.666666666666667,0.0,1.1,4.4,0.0,3.0,3.6333333333333333,4.25,3.25,0.0,3.9333333333333336,4.2,3.75,3.3499999999999996,4.95,3.766666666666667,3.75,3.3,2.8,4.45,0.0,0.0,1.9500000000000002,3.1,0.0,4.5,3.0,5.0,4.2,4.0,0.0,0.0,0.0,3.5,4.3,1.85,4.05,1.2,0.0,2.5,3.0,0.0,0.0,1.1,5.0,1.0,3.7,3.0,0.0,0.0,0.0,3.8,3.7,0.0,1.6,2.4,2.9000000000000004,0.0,2.9,1.2,1.0,0.0,2.6,2.2,0.0,0.0,0.0
69247e0e44e4cccaa87c2697,0.0,1.6,2.175,4.15,0.0,0.0,1.2,0.0,1.45,0.0,2.733333333333333,3.4,3.3,3.95,3.3,4.1,0.0,0.0,5.0,3.7,2.85,2.4,0.0,3.4000000000000004,1.4000000000000001,1.45,0.0,2.9,3.9,3.966666666666667,3.0999999999999996,0.0,0.0,2.1,3.466666666666667,5.0,1.2666666666666666,3.15,4.2,1.85,4.050000000000001,0.0,0.0,1.0,3.0666666666666664,0.0,0.0,2.2,4.6,0.0,3.4333333333333336,3.1,0.0,0.0,3.6,0.0,3.4,0.0,0.0,2.9,0.0,0.0,1.4,2.4,0.0,1.8,3.75,2.2,1.5333333333333332,4.0,2.8
69247e0e44e4cccaa87c2698,3.1,0.0,1.9500000000000002,3.975,0.0,2.85,1.5333333333333332,5.0,2.8,0.0,0.0,3.75,3.7,3.7999999999999994,4.3,5.0,0.0,3.0,0.0,3.8,3.35,0.0,3.9,3.7,1.0,1.5499999999999998,0.0,2.6500000000000004,4.449999999999999,5.0,3.65,4.2,3.6,2.4333333333333336,0.0,5.0,1.4500000000000002,4.0,3.1,3.0,4.5,0.0,4.6,1.1,2.3,0.0,1.0,1.8,5.0,1.5,2.7,3.7,0.0,0.0,2.7,3.2,0.0,0.0,1.85,2.6,0.0,0.0,2.25,1.0,0.0,1.0,0.0,0.0,2.2,0.0,0.0
69247e0e44e4cccaa87c2699,3.15,1.25,2.5,0.0,4.533333333333333,2.15,1.8,3.966666666666667,1.575,3.1500000000000004,0.0,3.5,0.0,4.9,3.5999999999999996,5.0,0.0,3.15,0.0,3.35,3.2,2.8,3.8666666666666667,0.0,1.9,1.2,0.0,2.4,3.9,0.0,2.5,4.2,0.0,3.3,0.0,4.0,0.0,0.0,3.1,0.0,2.9,1.0,3.9,0.0,0.0,4.2,1.25,1.2666666666666666,0.0,0.0,2.5,4.0,2.9,2.7,0.0,0.0,3.85,3.9,1.0,3.1,2.5,1.7,2.1,2.1,0.0,2.3,3.15,1.7,0.0,4.7,3.9
69247e0e44e4cccaa87c269a,2.55,1.6,2.0,4.125,4.25,1.9,1.2,4.05,2.3000000000000003,4.6,4.1,3.65,3.95,0.0,3.25,4.5,2.85,2.5,4.066666666666666,0.0,2.533333333333333,2.8,3.6666666666666665,0.0,1.2,1.46,1.45,2.4,3.9,4.233333333333333,3.233333333333333,5.0,0.0,3.7,3.1,4.566666666666666,1.15,0.0,0.0,2.6,2.7,1.0,3.5,2.466666666666667,2.9,0.0,0.0,1.6199999999999999,4.0,1.6,2.9,0.0,0.0,2.3,0.0,0.0,0.0,3.0749999999999997,1.6,1.9,2.4,0.0,0.0,0.0,0.0,0.0,0.0,1.9500000000000002,1.75,4.3,3.25
69247e0e44e4cccaa87c269b,3.5,1.8,0.0,4.025,0.0,1.4,1.0,4.466666666666667,2.05,0.0,0.0,3.3,4.3,4.35,3.6,4.5,0.0,2.2,0.0,2.7,3.05,0.0,0.0,3.3,1.25,1.25,2.3,1.7,4.0,4.9,3.3,4.5,3.7,3.05,4.0,4.8,1.7600000000000002,3.425,4.2,1.8,0.0,1.1666666666666667,4.8,1.5,0.0,3.2,1.0,1.0,5.0,0.0,3.2,0.0,2.3,2.6,3.8,0.0,4.4,3.2,1.0,1.8,2.85,1.0,2.2333333333333334,1.5,1.0,1.1,0.0,1.2,1.0,4.1,3.4
69247e0e44e4cccaa87c269c,2.7,1.8999999999999997,2.033333333333333,4.375,4.933333333333334,2.5,1.175,3.6500000000000004,2.033333333333333,0.0,0.0,3.9,2.8,3.6,3.6333333333333333,3.966666666666667,0.0,3.45,3.5,3.45,2.6666666666666665,2.5999999999999996,0.0,0.0,0.0,1.35,1.7,0.0,0.0,4.0,3.3,0.0,2.9,3.1,3.0,4.966666666666667,1.9,3.4,0.0,2.5,0.0,1.7,0.0,2.0,0.0,3.0,0.0,0.0,4.266666666666667,1.8,3.6999999999999997,3.8,2.1,3.2,3.8,5.0,4.5,3.9,2.1,0.0,2.8,1.6666666666666667,2.25,1.9000000000000001,0.0,0.0,2.7,0.0,0.0,4.0,0.0
69247e0e44e4cccaa87c269d,2.8666666666666667,1.5,0.0,4.25,0.0,2.0,1.7666666666666668,4.5,2.1,3.1,0.0,3.7,3.6,0.0,3.6,4.2,2.9,2.7,4.366666666666666,4.4,2.9,3.15,0.0,0.0,2.0,1.1,2.3,0.0,4.0,4.333333333333333,0.0,4.4,0.0,3.5,3.233333333333333,4.975,1.6000000000000003,0.0,4.15,1.5,4.6,1.4,4.5,1.4,0.0,0.0,1.8,1.0,3.9,1.2999999999999998,3.5,4.2,1.9,0.0,0.0,5.0,4.050000000000001,3.25,1.1,2.1,2.9,1.7,0.0,2.4333333333333336,0.0,2.0,2.966666666666667,1.0,0.0,0.0,2.1500000000000004
69247e0e44e4cccaa87c269e,2.75,1.3,1.8199999999999998,4.2,5.0,2.25,1.8,0.0,1.775,3.6,2.925,4.3,3.4333333333333336,0.0,4.5,4.3,0.0,0.0,4.9,0.0,2.8333333333333335,0.0,0.0,3.8,2.3,0.0,2.3,2.65,3.7,0.0,2.7,0.0,2.75,0.0,0.0,0.0,1.425,3.7,3.5999999999999996,1.6,3.8,1.2,4.05,1.1,3.4,3.8,0.0,1.1,0.0,2.0,2.5,4.066666666666666,0.0,3.8,2.6,0.0,3.3,0.0,2.1,0.0,0.0,0.0,1.4,0.0,1.4,2.2,2.8,0.0,1.35,0.0,0.0
69247e0e44e4cccaa87c269f,3.2,0.0,1.85,0.0,5.0,0.0,0.0,0.0,1.9,2.8,3.6,0.0,0.0,3.766666666666667,0.0,5.0,2.4,3.5,5.0,2.8,2.3,2.3,3.8,0.0,1.65,1.4,1.5,3.15,0.0,5.0,2.95,4.0,3.6,3.5,3.3,4.166666666666667,1.5,3.625,0.0,0.0,4.6,2.5,3.3,0.0,3.3,0.0,1.4,1.1,5.0,1.4666666666666668,3.55,3.6,2.0999999999999996,2.8,4.0,0.0,0.0,3.0999999999999996,1.0,0.0,0.0,0.0,3.3,0.0,1.7,1.5999999999999999,3.7,1.8,0.0,4.8,3.3
69247e0e44e4cccaa87c26a0,2.95,1.0,1.8,4.15,4.6,2.6,2.1,4.766666666666667,1.4,3.05,2.8,3.1333333333333333,3.533333333333333,4.2,3.9,4.1,0.0,0.0,5.0,2.75,2.4,2.6,4.2,3.1999999999999997,2.0,0.0,2.6,1.8,0.0,3.7,4.0,4.9,0.0,3.2,3.2,5.0,1.8800000000000001,3.7,3.4,2.0,3.5,1.2,3.5999999999999996,2.6,3.4,3.0,1.7,2.2,0.0,0.0,2.3,4.1,0.0,0.0,3.8,3.9333333333333336,0.0,3.8,1.0,0.0,2.9,0.0,1.9,2.2,1.5,1.5,3.8,1.0,0.0,4.7,2.566666666666667
69247e0e44e4cccaa87c26a1,2.3,1.7111111111111112,2.225,4.4,5.0,1.5,1.34,4.475,1.5,0.0,0.0,2.9,4.0,0.0,4.14,5.0,0.0,0.0,4.5,3.325,0.0,3.2,0.0,3.4,2.0,1.4,1.0,2.3,4.1,4.5,2.8,4.925,3.05,2.5,2.6,0.0,1.0,2.9,4.35,1.6,3.9,2.1,4.5,0.0,0.0,3.8,0.0,2.1,4.7,0.0,0.0,3.5200000000000005,2.35,3.05,3.35,3.5666666666666664,4.45,2.55,1.15,0.0,2.6,0.0,0.0,1.9,1.0,0.0,0.0,0.0,0.0,4.7,3.125
69247e0e44e4cccaa87c26a2,2.62,1.625,2.9,4.025,4.5,0.0,1.4000000000000001,5.0,0.0,4.0,3.05,3.575,3.35,4.45,0.0,3.8,4.2,3.1333333333333333,0.0,3.2,0.0,2.85,2.95,3.0,1.1,1.35,0.0,0.0,3.9333333333333336,0.0,3.9,4.366666666666666,0.0,2.7,0.0,4.366666666666666,1.275,3.0,4.2,2.5,4.6,0.0,4.0,2.0,2.7,0.0,0.0,1.4,5.0,1.0,2.3,3.8499999999999996,2.5,3.6,0.0,0.0,4.1,0.0,1.8,0.0,2.9000000000000004,1.2,0.0,0.0,1.4,1.4,3.5,2.3,0.0,0.0,3.4
69247e0e44e4cccaa87c26a3,0.0,2.5,1.8,3.5,5.0,2.7,1.5,4.05,1.7000000000000002,0.0,3.4000000000000004,0.0,4.05,4.7,4.2,4.55,0.0,0.0,4.75,0.0,3.125,2.0,3.45,0.0,1.7,1.65,2.1,2.45,3.7,3.3,3.533333333333333,4.7,0.0,0.0,0.0,4.25,1.6,2.7,0.0,1.3,0.0,1.9,0.0,1.6333333333333335,2.7,3.1,1.3,1.6,4.9,1.8,0.0,0.0,1.35,3.4,0.0,3.6,4.266666666666667,0.0,0.0,0.0,3.9,0.0,2.8,1.5,1.65,1.0,3.0999999999999996,0.0,0.0,5.0,3.2
69247e0e44e4cccaa87c26a4,2.9000000000000004,2.1,2.0,3.8333333333333335,4.8,2.7,1.0,4.05,2.4,0.0,0.0,3.8,3.65,3.2,3.8,4.266666666666667,0.0,0.0,4.55,3.4,0.0,2.8000000000000003,3.8,0.0,0.0,0.0,2.7,0.0,3.6500000000000004,4.8,3.5,4.6,3.3,2.9333333333333336,3.6,0.0,1.3666666666666665,4.1,3.9,2.35,3.0,2.2,3.1,0.0,0.0,0.0,0.0,1.1,4.55,1.6,0.0,0.0,0.0,4.3,2.7,0.0,3.8,0.0,1.0,0.0,2.5,1.9500000000000002,2.4,2.7,0.0,1.4,4.0,0.0,1.3,0.0,0.0
69247e0e44e4cccaa87c26a5,2.3,1.725,0.0,0.0,0.0,2.1666666666666665,1.1,4.5,1.9666666666666668,4.6,0.0,3.25,3.45,0.0,3.75,4.3,3.0,2.6,0.0,3.7,2.3,3.7,3.0,3.925,0.0,1.5,1.5999999999999999,2.9,3.6999999999999997,3.8,2.7,4.95,4.4,3.6,0.0,0.0,1.4500000000000002,3.6,0.0,2.1999999999999997,0.0,0.0,4.05,2.0,0.0,0.0,2.3,2.0,4.6,1.5499999999999998,2.65,0.0,2.2,0.0,0.0,0.0,4.8,0.0,1.35,2.55,3.1,1.1,0.0,2.3,1.65,2.0,0.0,1.0,0.0,3.6,0.0
69247e0e44e4cccaa87c26a6,3.4000000000000004,1.55,2.25,3.3,4.5,1.9000000000000001,1.15,4.5,2.4,0.0,2.65,0.0,0.0,0.0,3.7,4.833333333333333,2.9333333333333336,1.9,3.7,3.625,3.2,3.0,0.0,4.2,0.0,2.2,2.6,2.55,3.2,4.0,2.9,4.733333333333333,0.0,0.0,2.6666666666666665,4.0,1.0,2.8,3.6666666666666665,1.2,0.0,1.0,3.3666666666666667,1.3333333333333333,2.3499999999999996,0.0,1.8,1.0,5.0,0.0,0.0,3.8499999999999996,0.0,3.5749999999999997,0.0,3.75,3.25,3.4,1.0,2.95,2.5,0.0,2.7,1.6666666666666667,0.0,1.3,2.55,1.15,1.75,3.8,0.0
69247e0e44e4cccaa87c26a7,3.0285714285714285,1.15,2.5,4.033333333333333,0.0,2.4,0.0,4.25,0.0,4.7,3.1333333333333333,0.0,3.6999999999999997,3.2,4.1,4.46,3.3,2.6,0.0,2.8,0.0,3.0,2.9,0.0,0.0,0.0,2.45,0.0,0.0,4.8,3.3,4.0,0.0,3.6,0.0,4.35,1.4666666666666668,3.375,0.0,3.1,0.0,1.9,4.0,2.0,1.7,0.0,1.7666666666666666,2.2,3.7,0.0,0.0,3.5,1.9,0.0,2.7,3.9499999999999997,4.7,2.8,1.0,3.2,0.0,0.0,0.0,0.0,2.2,0.0,0.0,0.0,1.75,0.0,0.0
69247e0e44e4cccaa87c26a8,3.28,1.35,1.975,4.95,5.0,0.0,1.0,4.766666666666667,2.5,4.5,3.6,0.0,4.2,3.9200000000000004,4.0,4.95,0.0,2.1,0.0,0.0,3.0,3.266666666666667,3.3499999999999996,0.0,1.5,0.0,2.0,0.0,0.0,0.0,2.7,4.633333333333334,3.5,3.05,3.0,4.8,1.35,3.0,0.0,0.0,3.2,2.3,4.3,1.3,3.3000000000000003,0.0,1.0,0.0,4.8,1.6,3.5,0.0,0.0,0.0,3.4,4.4,0.0,2.5,1.7,0.0,0.0,0.0,0.0,2.6,1.5666666666666664,1.0,0.0,0.0,0.0,5.0,2.9000000000000004
69247e0e44e4cccaa87c26a9,3.3000000000000003,1.2333333333333334,2.0,4.6000000000000005,4.0,1.3,1.0,4.3,1.8,2.7,3.4,3.475,4.6,4.35,4.4,4.833333333333333,3.175,2.3,4.566666666666666,2.8,2.9,0.0,4.25,4.7,1.3666666666666665,1.0,1.1,0.0,3.65,4.4,3.5,4.25,0.0,3.05,0.0,4.6,1.5666666666666667,3.5666666666666664,4.45,0.0,0.0,0.0,4.1,2.8,2.5,3.2,1.0,0.0,4.35,0.0,0.0,4.05,1.2,0.0,4.0,4.15,0.0,2.6,0.0,2.4,0.0,0.0,2.45,1.95,0.0,2.2,3.8000000000000003,1.3,0.0,0.0,2.6
69247e0e44e4cccaa87c26aa,2.98,1.6,2.3,3.6,4.933333333333334,2.8,0.0,4.6,0.0,4.0,0.0,2.7,0.0,5.0,3.1666666666666665,4.5,0.0,0.0,0.0,4.0,3.0999999999999996,0.0,0.0,3.25,2.0,1.3333333333333333,1.7,2.3,3.0,4.4,3.6,5.0,0.0,0.0,2.8,4.55,1.8,3.7,4.0,2.1,0.0,0.0,4.1000000000000005,2.2,0.0,0.0,0.0,1.0999999999999999,0.0,0.0,0.0,3.4,1.3,0.0,0.0,3.8000000000000003,5.0,0.0,1.0,2.375,3.5,1.3,0.0,2.2,0.0,0.0,2.8,2.0,0.0,4.85,2.3
69247e0e44e4cccaa87c26ab,3.233333333333333,1.4,1.8,3.4,0.0,2.1,1.5,4.35,2.2,3.7,3.1500000000000004,3.233333333333333,3.8,3.3,3.3333333333333335,5.0,3.1500000000000004,3.25,4.3,0.0,0.0,2.966666666666667,2.6,4.4,0.0,1.6000000000000003,0.0,2.1,3.3499999999999996,4.533333333333333,2.533333333333333,4.6000000000000005,4.25,0.0,3.6500000000000004,0.0,1.0,3.2,4.0,2.5999999999999996,0.0,0.0,4.0,0.0,0.0,0.0,1.0,1.6666666666666667,0.0,0.0,0.0,3.0,0.0,2.9,0.0,0.0,0.0,3.6,0.0,3.2,0.0,0.0,2.0,1.8,0.0,0.0,4.0,1.2,1.6,0.0,0.0
69247e0e44e4cccaa87c26ac,2.975,1.1,1.8,4.0,4.7,0.0,0.0,0.0,2.7,0.0,0.0,0.0,4.1,3.9,4.1000000000000005,4.9,0.0,2.0,4.4,3.9,2.25,2.8,3.8,3.966666666666667,0.0,1.8,2.1,2.6666666666666665,3.9,3.65,3.95,4.35,3.4,3.0,4.0,0.0,1.45,3.4,0.0,0.0,0.0,1.75,4.0,1.4,2.7,3.1,1.65,2.2,4.1,0.0,2.2,3.1500000000000004,1.7,2.4,4.3,5.0,3.1,3.9,1.2333333333333334,2.3666666666666667,0.0,2.4,0.0,2.2,1.55,2.0666666666666664,0.0,0.0,1.0,0.0,3.15
69247e0e44e4cccaa87c26ad,3.5,2.1500000000000004,2.1,4.3,4.1,0.0,1.8,3.9,2.0,4.3,0.0,3.5999999999999996,4.3,4.4,4.066666666666666,4.5,0.0,0.0,0.0,3.1333333333333333,0.0,0.0,3.25,2.95,2.1,1.0,0.0,0.0,4.3,4.3,2.8,4.1,0.0,3.4,0.0,4.9,0.0,4.4,3.95,0.0,3.4,0.0,3.7,1.5,2.95,0.0,1.0,2.15,4.3,0.0,0.0,4.1,0.0,0.0,3.6500000000000004,0.0,0.0,4.1,0.0,2.8,3.5,0.0,0.0,0.0,0.0,1.475,4.0,0.0,1.0,4.55,3.1
69247e0e44e4cccaa87c26ae,3.3,1.2666666666666666,2.5,3.9,5.0,1.8,1.3333333333333333,4.95,2.3,4.15,0.0,3.6,3.2,0.0,4.0,5.0,0.0,3.0,0.0,0.0,2.5,2.5,3.65,0.0,1.2,0.0,0.0,0.0,3.3,3.8,3.9,4.866666666666666,0.0,0.0,3.3333333333333335,0.0,1.375,3.55,0.0,0.0,0.0,0.0,0.0,1.75,0.0,3.0,2.3,0.0,0.0,0.0,3.5,0.0,1.4,0.0,0.0,4.8,0.0,0.0,1.7,3.1500000000000004,3.3,0.0,1.7,2.1,0.0,0.0,0.0,1.3,1.5,0.0,3.0
69247e0e44e4cccaa87c26af,3.733333333333333,1.45,2.1666666666666665,3.933333333333333,5.0,2.85,1.3333333333333333,4.35,2.1,4.0,0.0,3.9,0.0,4.6,2.9,4.2,3.9,2.7,0.0,3.7,0.0,2.1,3.7,4.5,1.6,1.9,2.2,0.0,3.3,4.6,3.7,4.6,0.0,0.0,2.4,0.0,1.725,0.0,4.3,0.0,2.9,1.9,4.1,2.7,0.0,4.0,0.0,1.0,5.0,1.5,3.0,3.7,2.3,0.0,0.0,3.5,0.0,2.5,0.0,0.0,3.0,0.0,2.7,1.5,1.0,1.9,3.475,2.4,0.0,4.9,2.766666666666667
69247e0e44e4cccaa87c26b0,2.5,0.0,1.9000000000000001,3.7,5.0,0.0,1.5,4.133333333333334,0.0,3.75,3.7,4.2,3.5,0.0,3.4,4.95,4.0,0.0,3.9,3.45,0.0,2.5,3.1,4.35,1.0,1.0,2.1333333333333333,0.0,4.0,4.85,0.0,0.0,0.0,0.0,3.3,3.7,1.42,0.0,0.0,1.95,0.0,0.0,3.3,2.15,0.0,4.6,1.8,0.0,0.0,0.0,3.425,3.1,2.15,0.0,3.9,3.5999999999999996,3.3,0.0,1.0,0.0,3.6,0.0,0.0,0.0,1.0,1.2,3.3,0.0,1.7999999999999998,0.0,0.0
69247e0e44e4cccaa87c26b1,3.3600000000000003,1.9000000000000001,0.0,4.4,4.0,0.0,1.625,0.0,2.5,4.4,2.9,4.2,3.3,3.3,3.5666666666666664,4.75,3.7,0.0,5.0,3.5,2.5,2.966666666666667,3.4,4.0,1.8,0.0,0.0,2.4,0.0,3.8,0.0,4.733333333333333,0.0,0.0,3.6,4.5,1.06,3.6,3.2,0.0,0.0,2.0,0.0,1.6500000000000001,2.7,0.0,1.0,2.1,4.95,2.4,2.7,0.0,2.0,0.0,3.6500000000000004,4.5,0.0,2.95,0.0,2.2,2.2,1.65,2.6,2.05,1.0,1.0,0.0,2.2,1.7,0.0,0.0
69247e0e44e4cccaa87c26b2,2.6500000000000004,2.066666666666667,2.3,0.0,5.0,2.766666666666667,1.4,5.0,1.8,0.0,0.0,0.0,3.233333333333333,4.8,0.0,0.0,0.0,3.35,0.0,2.95,0.0,0.0,2.95,3.4,1.9,0.0,2.0,0.0,0.0,3.95,3.8,4.7,0.0,4.0,2.7,5.0,1.6666666666666667,2.7,0.0,2.7,3.9,1.75,4.6,1.5,2.0,3.3,0.0,1.2,4.3,1.5333333333333332,3.7,3.4,0.0,2.4,0.0,0.0,0.0,2.4000000000000004,0.0,2.0,2.2,2.6,3.1,1.4,1.44,1.0,4.1,2.3,1.65,0.0,3.4000000000000004
69247e0e44e4cccaa87c26b3,3.2399999999999998,1.65,1.875,3.533333333333333,4.45,1.95,1.5,3.7,0.0,3.5,2.4,2.766666666666667,3.8000000000000003,3.9,4.0,4.55,3.2,3.5,5.0,3.2,2.5999999999999996,0.0,4.3,3.55,2.1,0.0,1.0,0.0,4.533333333333334,0.0,3.4333333333333336,4.0,0.0,2.4,2.9000000000000004,3.8,0.0,3.7,0.0,2.62,0.0,0.0,4.0,1.7999999999999998,2.65,4.2,0.0,1.15,4.0,1.6,0.0,3.6,0.0,4.15,3.8,0.0,4.6,0.0,1.1,0.0,2.3,2.1,2.2,1.0,0.0,1.5333333333333332,3.8666666666666667,1.7,0.0,5.0,0.0
69247e0e44e4cccaa87c26b4,3.15,1.75,1.925,4.066666666666666,4.3,0.0,1.9,0.0,0.0,0.0,4.0,2.7,3.3,0.0,0.0,5.0,0.0,0.0,3.9499999999999997,0.0,2.6666666666666665,0.0,4.1,3.7,1.0,2.1,0.0,2.2,3.7,3.3,3.6,4.3,3.3499999999999996,2.3,0.0,4.1,1.325,3.4000000000000004,4.2,2.75,0.0,0.0,3.766666666666667,0.0,3.3,3.8,1.5,1.3,5.0,1.1,2.5,3.65,0.0,4.1,0.0,4.2,0.0,3.0,0.0,3.125,3.6,0.0,2.45,0.0,1.7000000000000002,0.0,3.5,1.8,0.0,4.9,0.0
69247e0e44e4cccaa87c26b5,3.4,2.2,1.6666666666666667,4.3,4.85,0.0,0.0,4.175,2.9,3.1,3.1500000000000004,0.0,3.9749999999999996,4.7,4.05,0.0,3.3,2.7,4.5,3.9,0.0,3.175,0.0,3.6,1.7,1.5333333333333332,2.3,2.2,0.0,0.0,3.5,4.05,2.9,3.55,4.1,0.0,1.4,3.75,4.4,2.3499999999999996,4.7,1.0,3.8,0.0,1.95,3.5,0.0,1.1,0.0,1.5,2.55,3.1,1.6,3.9,0.0,0.0,0.0,2.6500000000000004,1.0,0.0,2.65,0.0,0.0,0.0,0.0,1.9,0.0,2.2,1.4,3.5,3.4
69247e0e44e4cccaa87c26b6,3.1,1.7,1.8,4.199999999999999,0.0,1.85,1.4,4.0,1.9,0.0,3.7,0.0,3.425,4.1,3.4,0.0,0.0,3.1,5.0,3.7,2.5,3.3,2.7,4.433333333333333,1.1,2.05,1.6,0.0,3.6,3.4,0.0,5.0,2.9,4.0,4.0,4.65,1.625,3.5,4.5,2.0,4.2,1.6800000000000002,5.0,1.3,0.0,0.0,0.0,0.0,4.166666666666667,1.0,3.9,2.9,0.0,3.45,3.1,5.0,0.0,0.0,1.7,1.9,3.7,1.6,0.0,0.0,1.0,1.7,4.3,1.75,1.0666666666666667,0.0,3.3
69247e0e44e4cccaa87c26b7,3.533333333333333,1.9000000000000001,2.6,3.5666666666666664,4.3,1.8333333333333333,1.5,4.233333333333333,2.1,4.3,3.6,0.0,3.05,3.1999999999999997,4.35,4.2,3.45,0.0,0.0,3.0,3.233333333333333,2.9,3.4333333333333336,4.2,1.6333333333333335,0.0,0.0,2.7,3.6,4.4,0.0,5.0,3.1500000000000004,4.0,3.8,0.0,1.375,0.0,0.0,2.15,4.6,1.25,3.8499999999999996,2.1,3.05,0.0,2.2,1.9666666666666668,0.0,2.4,3.5,4.0,0.0,0.0,0.0,3.9000000000000004,0.0,3.8,1.0,2.6,0.0,0.0,1.7,0.0,0.0,0.0,2.95,2.225,0.0,4.1,2.6
69247e0e44e4cccaa87c26b8,3.475,0.0,0.0,3.825,0.0,2.65,2.0,4.5,1.5,4.15,2.7,4.2,4.7,0.0,0.0,4.7,3.0,2.9000000000000004,3.8000000000000003,3.1999999999999997,3.8,3.5,0.0,4.4,1.7000000000000002,0.0,2.0,3.1,0.0,4.6,3.05,3.9,4.4,0.0,0.0,0.0,1.0,3.6,3.1,2.3333333333333335,3.4333333333333336,1.6500000000000001,4.4,1.35,2.4,4.25,0.0,1.4666666666666668,3.6,0.0,3.4,3.45,0.0,2.5,3.1,4.7,4.05,0.0,2.05,2.8,2.8499999999999996,1.0,2.1,1.0,0.0,2.1,0.0,0.0,2.1,3.95,3.6
69247e0e44e4cccaa87c26b9,3.533333333333333,1.2666666666666666,1.7,4.48,4.8,1.6,1.0,4.95,1.3,2.8,2.5,3.7,3.6666666666666665,0.0,2.9,4.9,3.2,3.5,4.4,3.66,2.5333333333333337,2.1,2.9,3.0,1.0,1.45,1.15,0.0,3.9,4.4,3.6,4.85,3.45,0.0,4.4,4.4,0.0,3.8499999999999996,4.0,2.15,0.0,0.0,3.55,2.3,1.8,0.0,0.0,0.0,0.0,1.8,2.8,2.8,1.2,2.7,2.6,3.85,3.65,3.3000000000000003,1.6,3.2,2.1,1.35,0.0,0.0,0.0,2.4,0.0,0.0,0.0,4.7,0.0
69247e0e44e4cccaa87c26ba,3.15,1.575,0.0,4.1000000000000005,4.8,1.9500000000000002,1.3333333333333333,3.5999999999999996,2.4,0.0,2.75,3.4,3.5999999999999996,4.8,4.6,3.8,0.0,3.3,4.3999999999999995,3.8,3.2,3.5,2.9,0.0,1.325,1.2,0.0,2.266666666666667,3.3,3.55,3.2,4.1,4.5,2.966666666666667,0.0,4.2,1.9000000000000001,3.65,4.35,1.6,3.65,1.5,3.75,0.0,2.4,0.0,0.0,0.0,5.0,1.8,2.7,3.7,1.9,2.9,3.5,3.7,0.0,3.2,1.5,0.0,0.0,0.0,0.0,1.8666666666666665,1.3666666666666665,1.0,2.5,2.2,0.0,5.0,2.4
69247e0e44e4cccaa87c26bb,2.766666666666667,1.0,1.0,0.0,0.0,2.2,1.2,3.6,1.6,0.0,3.1,3.25,3.233333333333333,4.0,3.9,5.0,3.4,3.0666666666666664,4.433333333333334,0.0,2.7,0.0,0.0,3.75,0.0,0.0,2.2,1.8,3.15,0.0,0.0,3.8,0.0,2.95,0.0,4.6,1.4666666666666668,3.2,4.3,2.4,3.75,1.35,4.366666666666666,1.6,2.4,2.9,2.3499999999999996,1.15,5.0,0.0,2.8,0.0,2.5,2.3,3.4,4.7,5.0,3.7,0.0,2.92,0.0,1.8,2.4,0.0,1.0,0.0,4.1,2.2333333333333334,1.0,4.15,0.0
69247e0e44e4cccaa87c26bc,2.9,1.6666666666666667,0.0,4.35,5.0,0.0,1.05,0.0,0.0,3.6,0.0,0.0,3.1,4.6,4.125,4.725,4.3,1.9,0.0,0.0,0.0,2.1,4.2,4.3,0.0,2.0,2.2,3.2,3.3249999999999997,4.166666666666667,0.0,0.0,2.7,3.5,0.0,4.6,1.1,0.0,4.300000000000001,2.8000000000000003,0.0,1.1,4.6,1.55,0.0,0.0,2.3,1.55,4.0,2.4,3.0,0.0,0.0,0.0,0.0,0.0,4.6,2.2,0.0,3.2,0.0,0.0,2.4,1.9,0.0,2.3,3.5,0.0,0.0,4.449999999999999,0.0
69247e0e44e4cccaa87c26bd,2.8666666666666667,1.5,2.8,4.3,4.825,2.65,0.0,3.7,1.2,3.8,3.9,3.3499999999999996,3.8,4.266666666666667,4.35,5.0,2.3,3.5,0.0,3.4,0.0,0.0,0.0,3.9333333333333336,1.0,2.1,1.1,1.8,4.050000000000001,0.0,3.3,4.5,3.2,3.4,0.0,4.6,1.35,3.5,3.15,1.65,3.85,1.0,4.2,1.4,3.2,0.0,0.0,0.0,4.8,0.0,3.65,0.0,0.0,4.1,3.6,0.0,3.466666666666667,3.6,2.1,0.0,2.2,1.35,2.1,1.3666666666666665,1.0,1.5,0.0,0.0,1.5,0.0,3.8
69247e0e44e4cccaa87c26be,3.6999999999999997,1.9500000000000002,1.6,4.5,0.0,1.6,0.0,3.5,2.5,0.0,0.0,2.7,3.0,0.0,3.8,4.2,4.3,2.0,4.6,3.1,2.6,0.0,3.6,3.466666666666667,1.25,0.0,2.033333333333333,2.2,3.95,3.75,0.0,5.0,3.4,0.0,3.3333333333333335,3.8,1.0,3.4,3.7,1.4,4.65,1.6,3.1,2.3,0.0,3.8,1.5,1.6,0.0,0.0,2.1,0.0,2.1333333333333333,2.3,3.075,4.4,3.1,2.9,1.75,0.0,3.55,2.0,3.05,1.6,0.0,1.15,0.0,1.25,0.0,0.0,3.0
69247e0e44e4cccaa87c26bf,3.25,1.4666666666666668,1.7,4.05,4.5,2.1999999999999997,1.2,4.8,1.95,0.0,3.3,3.5,0.0,4.8,3.15,4.6,0.0,0.0,3.733333333333333,3.95,0.0,2.8000000000000003,0.0,0.0,1.55,1.2,2.0,1.85,0.0,3.966666666666667,4.0,5.0,2.9,3.1666666666666665,0.0,4.7,1.5,0.0,3.1,2.1999999999999997,4.4,1.26,0.0,1.4666666666666668,3.2,3.6,2.0,2.0,4.2,1.0,2.8,0.0,2.3,0.0,0.0,3.6333333333333333,4.175,3.4,1.15,0.0,0.0,0.0,0.0,1.7,1.7,0.0,2.8,1.1,1.0,0.0,3.6
69247e0e44e4cccaa87c26c0,2.85,1.7333333333333334,2.8,4.7,5.0,1.8499999999999999,1.4333333333333333,4.3,0.0,4.6,3.433333333333333,3.0,0.0,3.35,3.5,5.0,0.0,0.0,4.3,3.4,0.0,3.1,2.8,0.0,2.1,0.0,1.9,3.15,3.3499999999999996,4.333333333333333,0.0,4.4,4.0,2.5,0.0,4.35,1.5,3.4000000000000004,3.5,2.5,0.0,2.4,0.0,0.0,1.85,2.8,2.25,1.0,4.9,1.725,2.7,3.7,1.6,3.4,0.0,4.5,0.0,0.0,0.0,1.8,2.8,2.6,2.1,1.85,0.0,1.5,3.0,2.3499999999999996,1.3,0.0,3.6
69247e0e44e4cccaa87c26c1,3.375,1.95,1.75,3.6,0.0,1.7,0.0,4.3,0.0,3.266666666666667,3.2,3.8,0.0,3.9000000000000004,4.066666666666666,4.4,0.0,3.3,4.25,3.2,2.1999999999999997,0.0,0.0,2.85,0.0,0.0,0.0,3.4,3.7,5.0,0.0,5.0,0.0,0.0,3.4,0.0,1.1,0.0,4.35,0.0,3.8,1.8499999999999999,3.2,1.2,2.1,3.8,1.0,1.7,4.5,0.0,0.0,0.0,0.0,0.0,3.6999999999999997,0.0,0.0,0.0,1.8,1.65,2.1,1.4,3.2,1.8,0.0,1.7333333333333334,3.8,1.5,0.0,0.0,2.7
69247e0e44e4cccaa87c26c2,2.3,1.1,2.3499999999999996,3.5,0.0,1.575,1.0,4.3,1.4,3.4,4.0,0.0,0.0,3.6,4.4,4.85,4.0,0.0,0.0,3.15,0.0,0.0,3.85,0.0,1.85,0.0,1.4,2.3,4.3,4.6,0.0,4.466666666666667,0.0,2.6,0.0,5.0,1.0666666666666667,3.6999999999999997,3.5999999999999996,1.9,0.0,1.55,0.0,2.3499999999999996,1.8,0.0,0.0,1.7,4.2,1.0,2.3,3.8,1.7000000000000002,2.9,3.1,0.0,3.5,0.0,0.0,0.0,2.85,0.0,0.0,0.0,0.0,0.0,0.0,1.9,2.0,0.0,2.9
69247e0e44e4cccaa87c26c3,2.9200000000000004,1.0,1.85,4.15,4.4,2.0999999999999996,0.0,3.6,0.0,0.0,3.25,2.966666666666667,3.5,3.75,0.0,4.3,0.0,0.0,4.066666666666666,0.0,2.4,0.0,2.7,3.0,1.7333333333333334,1.0,1.6,2.3,4.6,4.25,3.0666666666666664,4.8,4.35,3.15,2.8333333333333335,4.3999999999999995,2.0,0.0,2.9,2.425,4.3,0.0,3.2,1.3,1.9,0.0,0.0,0.0,4.2,1.7,3.1,3.733333333333333,0.0,3.4,0.0,4.133333333333334,0.0,0.0,1.0,0.0,3.2,0.0,1.5,1.85,2.2,1.5,0.0,1.9,0.0,4.5,2.9000000000000004
69247e0e44e4cccaa87c26c4,3.257142857142857,1.6,2.0,3.8,4.5,0.0,2.1,4.38,0.0,3.5500000000000003,3.1,3.9,4.1,0.0,3.9,5.0,0.0,2.25,5.0,0.0,0.0,3.2,3.25,4.0,1.6,1.0,1.75,0.0,3.7,4.7,3.4,5.0,2.7,0.0,3.3,5.0,1.3666666666666665,3.8000000000000003,3.9,0.0,0.0,0.0,0.0,2.4,0.0,4.4,1.0,1.6,4.0,2.0,2.9,0.0,0.0,0.0,4.4,0.0,0.0,4.1,0.0,0.0,0.0,0.0,0.0,2.6,2.0,1.75,3.1,1.5,1.7,4.2,2.0
69247e0e44e4cccaa87c26c5,3.15,1.1333333333333333,0.0,3.95,4.5,1.3,0.0,4.7,0.0,0.0,3.8,2.725,3.5,0.0,3.9333333333333336,4.4,0.0,0.0,0.0,0.0,3.3,0.0,3.233333333333333,4.1,2.25,1.4500000000000002,0.0,0.0,4.0,3.5,0.0,4.975,3.9,0.0,3.9000000000000004,4.0,1.35,4.0,4.25,2.0,4.1,1.4,5.0,1.2,3.4,0.0,0.0,0.0,4.2,1.5,2.7,2.7,1.7333333333333334,0.0,2.8,4.0,4.3,0.0,0.0,0.0,0.0,0.0,1.75,1.0,0.0,1.1,3.0,1.0,1.55,4.3,0.0
69247e0e44e4cccaa87c26c6,2.4000000000000004,1.7,1.4500000000000002,0.0,4.6,1.7,1.0,4.125,2.6,0.0,3.5666666666666664,3.3666666666666667,3.9,3.9,3.35,0.0,3.9,2.2,4.8,0.0,3.3333333333333335,0.0,3.0,0.0,1.7000000000000002,1.0,2.4,1.6,4.25,4.7,3.4333333333333336,4.2,0.0,3.5,0.0,4.65,1.05,3.75,4.6,1.875,0.0,1.35,0.0,2.3,3.1,4.45,1.3,0.0,0.0,1.2,2.95,3.0,1.9,3.4,3.5999999999999996,4.4,0.0,2.2,0.0,2.0,3.3,2.2,3.1,0.0,0.0,0.0,3.5,0.0,1.0,0.0,0.0
69247e0e44e4cccaa87c26c7,3.1999999999999997,0.0,1.5,3.75,0.0,2.0,1.05,4.9,0.0,0.0,3.5,3.6,3.75,4.2,3.35,4.6,0.0,3.0,3.6,0.0,3.2,3.2,0.0,3.8,1.0,1.0,0.0,2.9333333333333336,2.9,4.5,0.0,4.85,0.0,3.8,2.7,5.0,0.0,3.25,0.0,2.2,3.55,0.0,0.0,1.7666666666666666,0.0,2.9,0.0,1.4,5.0,1.7,3.15,3.3,0.0,0.0,3.5,3.8,3.9499999999999997,0.0,0.0,2.55,0.0,1.0,0.0,0.0,1.4,0.0,3.55,2.5,0.0,4.5,2.6
69247e0e44e4cccaa87c26c8,2.966666666666667,1.5,1.6,0.0,4.3,2.2333333333333334,1.6,4.6,2.425,3.733333333333333,3.4,3.0,3.6,0.0,3.25,5.0,0.0,3.05,0.0,3.466666666666667,3.7,3.05,0.0,0.0,2.0,1.3,0.0,2.266666666666667,3.7,4.266666666666667,0.0,0.0,3.6,3.6,3.3,0.0,1.5333333333333332,3.9,3.0,1.95,3.266666666666667,0.0,0.0,2.033333333333333,2.0,0.0,1.85,1.7,0.0,0.0,3.05,3.5,2.2,3.9,0.0,4.1,0.0,2.7,0.0,0.0,2.0,2.25,2.25,2.4,0.0,1.7,2.6,1.2,2.0,4.0,2.9
69247e0e44e4cccaa87c26c9,3.3,1.6,2.1,4.0,4.625,1.9,1.0999999999999999,4.466666666666667,2.4,3.966666666666667,3.5,0.0,4.449999999999999,4.266666666666667,3.8,5.0,0.0,2.5,5.0,3.533333333333333,2.6,2.9000000000000004,0.0,3.65,0.0,2.0999999999999996,1.875,0.0,4.6,4.95,3.733333333333333,4.3,3.1,2.95,4.3,0.0,1.2666666666666666,0.0,3.8,2.3,2.9,1.2,4.5,1.7000000000000002,0.0,2.9,0.0,0.0,4.45,0.0,0.0,3.9,2.3,3.5,0.0,0.0,0.0,3.8,0.0,1.9,0.0,1.5,1.7000000000000002,2.4,2.3,1.9000000000000001,0.0,1.0,0.0,0.0,0.0
69247e0e44e4cccaa87c26ca,3.5200000000000005,1.75,2.7,4.033333333333333,4.5,2.075,1.0,4.966666666666667,2.6,3.75,2.5999999999999996,0.0,4.05,0.0,3.6,4.45,3.5,3.6,3.8,3.55,2.5,2.95,3.9,3.2,1.8,1.15,2.2,1.9,0.0,0.0,3.025,4.0,0.0,3.1,3.05,0.0,1.6,0.0,3.4499999999999997,2.1,0.0,1.6,0.0,2.8,0.0,0.0,0.0,0.0,0.0,1.0,3.25,0.0,0.0,0.0,0.0,3.9,0.0,0.0,0.0,0.0,0.0,1.8,0.0,1.5,2.1,0.0,3.5,1.6,1.2,0.0,3.0
69247e0e44e4cccaa87c26cb,2.4,1.3,2.4,4.0,4.733333333333333,2.2,1.3666666666666665,4.233333333333333,0.0,4.65,3.05,3.7,3.7,4.279999999999999,3.8,4.85,2.6,0.0,0.0,0.0,2.8,2.766666666666667,3.9,3.0,1.34,1.7,2.4,2.25,3.8,4.1,0.0,4.6,3.8000000000000003,2.8000000000000003,2.8,3.9,2.0,0.0,3.5,1.7,0.0,0.0,4.233333333333333,1.4,2.9,4.55,2.1,2.5,0.0,0.0,3.1,3.6,2.6,0.0,0.0,4.300000000000001,0.0,0.0,0.0,0.0,3.7,1.7333333333333332,0.0,1.9,1.3,1.9,0.0,0.0,1.1,0.0,0.0
69247e0e44e4cccaa87c26cc,3.1166666666666667,1.4,2.0,4.433333333333334,4.4,1.7,1.2,4.25,1.2,3.7,3.7,4.3,3.5,4.166666666666667,2.8,4.0,0.0,2.4,4.0,3.6,0.0,0.0,0.0,0.0,1.0,1.6,0.0,2.7857142857142856,0.0,0.0,3.0,4.516666666666667,3.5,0.0,0.0,0.0,1.0,0.0,0.0,2.4,4.15,0.0,3.7,2.75,3.5,3.7,1.75,1.9,4.45,0.0,3.8,4.0,2.4,3.2,3.3,4.050000000000001,0.0,0.0,1.0,2.45,0.0,1.725,1.6,1.0,1.0,1.2666666666666666,0.0,1.4,2.1,0.0,2.5
69247e0e44e4cccaa87c26cd,3.0666666666666664,1.6,0.0,3.5,4.2,2.3,1.3333333333333333,4.3999999999999995,2.0,3.4,3.6,3.3666666666666667,3.0,0.0,3.5,4.2,4.1,3.5,4.16,0.0,0.0,2.9000000000000004,0.0,3.7,0.0,1.0,1.6666666666666667,2.4,3.85,5.0,2.7,0.0,0.0,0.0,0.0,4.55,1.8,3.4333333333333336,3.0,2.1,2.8,1.1,4.65,1.1,0.0,0.0,0.0,1.2,4.733333333333333,1.7,0.0,0.0,2.55,3.0,3.25,0.0,3.9,3.4,0.0,0.0,2.1,2.1,0.0,1.9,0.0,0.0,4.3,1.9,1.3,3.7,0.0
69247e0e44e4cccaa87c26ce,3.0,1.3666666666666665,1.92,4.1,4.233333333333333,2.45,1.3,0.0,1.9,3.7,0.0,3.9499999999999997,3.6,3.6333333333333333,4.4,4.55,2.7,0.0,4.6,3.3,3.0,3.1333333333333333,3.6999999999999997,3.366666666666667,0.0,1.1666666666666667,2.3,1.7,4.0,4.0,2.8499999999999996,4.675,3.533333333333333,3.65,3.25,4.6,1.0,3.4200000000000004,3.4333333333333336,1.7,4.0,0.0,3.8,0.0,0.0,0.0,0.0,0.0,0.0,1.4,3.25,3.4333333333333336,0.0,0.0,3.0,4.0,4.7,0.0,1.0,2.8,0.0,2.3,2.4,0.0,1.85,1.225,3.35,1.7,1.25,4.0,0.0
69247e0e44e4cccaa87c26cf,2.6,0.0,1.4,3.1,0.0,1.7,1.0,0.0,1.5,4.233333333333333,2.4,3.25,0.0,4.1,4.3,0.0,3.8,0.0,0.0,4.2,3.0,0.0,4.2,0.0,1.8999999999999997,1.1333333333333335,2.5999999999999996,0.0,0.0,0.0,0.0,4.5,0.0,0.0,0.0,0.0,1.0,4.5,4.15,2.35,0.0,0.0,4.3,2.5,0.0,0.0,0.0,2.2,4.4,1.7,2.6,3.05,2.5,0.0,0.0,0.0,0.0,4.0,1.65,2.5,0.0,0.0,0.0,0.0,1.35,0.0,0.0,0.0,0.0,0.0,2.3
69247e0e44e4cccaa87c26d0,2.5,1.35,1.9666666666666668,0.0,0.0,0.0,1.8,0.0,2.9,4.4,3.025,2.7,4.6,4.3,0.0,4.75,0.0,2.6999999999999997,0.0,3.0,3.05,2.966666666666667,0.0,4.0,1.3,1.65,0.0,2.075,2.9,4.3999999999999995,4.3,5.0,0.0,0.0,0.0,4.9,2.0,3.8000000000000003,3.0,2.8,2.8499999999999996,0.0,5.0,1.85,0.0,3.4,0.0,0.0,4.7,1.0,2.55,0.0,0.0,0.0,3.8,0.0,0.0,0.0,1.5333333333333332,3.4,3.0999999999999996,1.7,1.75,0.0,1.0,2.3,3.5,2.3,0.0,0.0,3.4
69247e0e44e4cccaa87c26d1,3.5666666666666664,1.45,2.7,4.45,4.833333333333333,2.7,1.1,4.333333333333333,1.15,3.7,2.9,2.4,3.5999999999999996,4.4,2.9,4.2,2.6,0.0,3.5,0.0,3.25,2.7,0.0,3.733333333333333,1.0,1.2,1.7,0.0,3.875,0.0,3.1,4.1,0.0,3.0,3.6799999999999997,4.0,1.0,2.8,3.4,1.4,3.5,0.0,0.0,0.0,0.0,0.0,1.2,1.6,0.0,1.6,3.05,0.0,0.0,2.8666666666666667,3.3666666666666667,0.0,0.0,3.7,1.05,3.3,3.1,1.7666666666666666,2.3,0.0,0.0,0.0,2.8,1.7333333333333334,0.0,0.0,2.9
69247e0e44e4cccaa87c26d2,3.1,1.3,2.3000000000000003,3.6,0.0,2.4,1.5333333333333332,4.6000000000000005,0.0,4.5,0.0,3.9,0.0,4.2,3.35,0.0,3.3499999999999996,2.6,3.8,0.0,2.9,2.3,0.0,0.0,1.0,1.7,0.0,2.4,4.3999999999999995,3.7,0.0,4.6,3.55,0.0,3.05,4.55,1.25,0.0,3.8,1.9,0.0,1.5,4.5,2.1,0.0,0.0,2.3,0.0,5.0,1.8666666666666665,0.0,0.0,0.0,0.0,4.1,0.0,0.0,3.5999999999999996,1.35,2.2,0.0,0.0,0.0,1.7,0.0,1.6,3.4,1.8666666666666665,1.0,0.0,3.2
69247e0e44e4cccaa87c26d3,3.233333333333333,1.85,1.7,4.7,4.75,2.1,1.0666666666666667,4.4,1.8333333333333333,3.15,3.1,0.0,0.0,4.266666666666667,3.35,4.3999999999999995,4.1,0.0,3.6,3.1,0.0,0.0,0.0,4.05,1.0,0.0,0.0,0.0,0.0,4.5,0.0,4.75,3.4499999999999997,0.0,0.0,0.0,1.725,3.8,4.7,2.15,2.7,1.3,3.9,2.066666666666667,2.15,0.0,1.7,2.1500000000000004,0.0,1.5,4.0,3.7,1.35,0.0,0.0,4.7,4.9,2.5,0.0,0.0,0.0,1.15,0.0,2.1,0.0,1.75,2.4,1.0,0.0,0.0,0.0
69247e0e44e4cccaa87c26d4,3.1666666666666665,1.9,0.0,3.65,4.45,0.0,1.175,3.5,0.0,0.0,3.1500000000000004,3.1666666666666665,4.050000000000001,4.2,3.8,4.7,2.9,0.0,0.0,0.0,0.0,0.0,2.7,0.0,1.8,2.2,1.8,0.0,4.3,4.0,3.0,0.0,0.0,2.75,3.233333333333333,5.0,1.175,0.0,0.0,3.0,4.3,2.1,3.5999999999999996,0.0,1.95,3.55,1.7,1.0,4.9,1.45,2.8,3.45,1.7999999999999998,0.0,3.1,0.0,0.0,2.6,1.2999999999999998,2.4000000000000004,0.0,1.5999999999999999,0.0,0.0,1.75,2.0,2.95,1.94,1.1,4.633333333333334,0.0
69247e0e44e4cccaa87c26d5,3.4,1.3,1.8,4.466666666666667,5.0,0.0,1.2,5.0,2.9,4.6,2.6,2.4,4.6,4.8,3.85,0.0,3.5,0.0,4.4,3.45,2.15,0.0,0.0,3.6,1.4333333333333333,1.0,2.05,3.25,3.75,4.8,2.566666666666667,0.0,0.0,0.0,0.0,0.0,1.3,3.4,0.0,1.3,4.6,1.25,0.0,1.8,0.0,3.6,0.0,1.0,3.8666666666666667,0.0,2.8,0.0,0.0,0.0,0.0,3.4,0.0,3.45,1.0,2.6999999999999997,2.9,0.0,2.033333333333333,0.0,1.9,1.5,0.0,1.7666666666666668,2.2,5.0,2.75
69247e0e44e4cccaa87c26d6,3.6666666666666665,1.0,2.9,4.1,4.0,3.1,1.9,5.0,1.9,3.2,3.15,3.1,3.733333333333333,4.199999999999999,4.199999999999999,0.0,3.75,2.1,0.0,3.4,0.0,3.0,3.233333333333333,3.0999999999999996,1.3,1.6,1.5,2.3,3.2,0.0,0.0,4.9,0.0,0.0,0.0,4.166666666666667,1.9,3.3,3.375,0.0,3.7,1.3,3.1,1.9,1.8,3.6,2.3,0.0,5.0,0.0,0.0,3.2,0.0,0.0,0.0,0.0,4.4,3.9,0.0,2.9,2.7,0.0,0.0,1.3,0.0,0.0,0.0,1.8,1.0,0.0,2.8499999999999996
69247e0e44e4cccaa87c26d7,3.22,1.05,1.7000000000000002,3.25,5.0,2.4,1.3666666666666665,0.0,1.3,3.233333333333333,2.6,0.0,3.0,3.3,3.9,4.775,3.5,2.9,4.4,2.9,0.0,2.5,4.3,3.5,1.0,1.0,1.1,0.0,0.0,4.6,3.05,3.9,0.0,0.0,0.0,5.0,0.0,3.033333333333333,3.7,2.4,0.0,0.0,4.15,2.8,3.15,3.5,1.6749999999999998,1.7,0.0,2.1,0.0,3.9,0.0,4.1,0.0,3.6,4.5,3.3,1.0,3.3,2.7750000000000004,0.0,3.0,0.0,1.0,2.0,0.0,1.35,0.0,0.0,0.0
69247e0e44e4cccaa87c26d8,3.1999999999999997,0.0,0.0,3.6,4.033333333333333,2.25,1.0,4.333333333333333,2.9,4.1,3.7,0.0,4.3,4.0,4.6,3.9,0.0,0.0,4.5600000000000005,3.5,2.8333333333333335,3.0,0.0,3.4,1.4,0.0,1.8,2.7,4.1,0.0,3.5,4.6,4.2,2.7,3.1,4.333333333333333,1.7,0.0,4.4,2.3,0.0,1.2,3.1,2.2333333333333334,0.0,4.1,1.0,0.0,4.35,0.0,0.0,3.7,1.4,0.0,3.2,4.0,0.0,2.9,2.1,0.0,2.2,0.0,2.3,0.0,2.3,1.75,4.2,2.3,1.4,0.0,2.6
69247e0e44e4cccaa87c26d9,3.233333333333333,1.0,2.1666666666666665,3.675,0.0,2.7,1.3,4.25,2.8,3.6,2.65,4.05,3.7,4.15,0.0,4.3,3.5,3.6500000000000004,3.8,3.6,0.0,0.0,4.1,4.0,0.0,1.5333333333333332,2.05,2.5,0.0,0.0,2.5,4.2,0.0,0.0,0.0,0.0,1.2666666666666666,3.425,4.066666666666666,1.8666666666666665,0.0,2.0,4.4,1.8,0.0,3.5,0.0,0.0,4.6,1.95,3.55,3.3,0.0,0.0,0.0,5.0,0.0,3.7,1.5,0.0,0.0,0.0,1.7,1.9,0.0,0.0,0.0,1.8,0.0,3.7,3.9
69247e0e44e4cccaa87c26da,2.65,1.5,1.5,4.85,0.0,0.0,0.0,4.8,2.55,3.0,0.0,3.3,3.8600000000000003,4.35,0.0,4.4,2.9,2.95,0.0,3.6333333333333333,0.0,3.8,3.6,3.4000000000000004,0.0,1.8,0.0,2.6,4.5,4.05,3.25,3.9,2.9,0.0,2.7,0.0,0.0,2.6,0.0,0.0,3.55,0.0,3.95,1.7,2.85,4.5,1.5,1.85,4.433333333333334,0.0,2.2,2.9,2.5,0.0,3.3,4.0,4.3,2.5,1.3,3.1,3.5,0.0,0.0,1.5,1.6333333333333335,1.0,0.0,0.0,1.7,4.1,0.0
69247e0e44e4cccaa87c26db,3.1166666666666667,1.35,0.0,3.766666666666666,3.9499999999999997,0.0,1.3,3.6,0.0,2.8,3.3499999999999996,0.0,3.4000000000000004,4.300000000000001,3.8,4.65,3.05,2.1,4.2,0.0,0.0,0.0,0.0,4.7,0.0,0.0,0.0,2.5999999999999996,2.9,4.033333333333333,0.0,5.0,0.0,2.9000000000000004,3.6999999999999997,0.0,1.7666666666666668,3.4499999999999997,4.7,2.4,0.0,1.1,4.3,2.1666666666666665,0.0,4.3,0.0,0.0,4.66,0.0,2.1,3.7,0.0,2.8,3.5,3.9,4.25,4.1,1.2000000000000002,0.0,2.4,0.0,3.3,0.0,0.0,2.5,4.3,2.175,0.0,4.6,0.0
69247e0e44e4cccaa87c26dc,2.6999999999999997,1.3,1.7,4.333333333333333,3.8,0.0,1.0,4.9,2.9,3.4,3.2,3.475,3.233333333333333,0.0,2.9,5.0,0.0,3.1,4.3,3.55,3.1666666666666665,2.466666666666667,0.0,3.3,1.2,1.0,1.3,3.1,4.4,3.9,3.0,5.0,2.8,2.9,0.0,4.65,1.28,3.25,4.1,2.25,0.0,1.35,4.3,1.6,0.0,3.4,1.2,1.5,0.0,1.45,0.0,4.15,2.5,2.6,3.6,4.5,0.0,3.75,1.6,2.0,0.0,1.5,0.0,1.6,1.3,1.7999999999999998,0.0,2.4,1.4,0.0,3.4333333333333336
69247e0e44e4cccaa87c26dd,2.5,1.0,2.15,3.3,4.35,2.1,1.0666666666666667,5.0,1.55,4.2,3.45,2.933333333333333,3.4,4.175000000000001,3.65,4.3,3.3499999999999996,3.4000000000000004,4.5,3.65,3.55,2.6,0.0,4.7,1.9,1.4333333333333333,1.1,2.9,3.7,3.3,0.0,5.0,3.8499999999999996,3.2,3.65,4.1,1.8,0.0,3.4,0.0,0.0,0.0,4.8,0.0,0.0,2.9,1.3,2.4,3.9,0.0,0.0,0.0,0.0,0.0,3.7,0.0,0.0,3.3,0.0,2.8,2.3,0.0,2.8,0.0,1.0,1.2,0.0,0.0,2.1,0.0,3.8
69247e0e44e4cccaa87c26de,2.766666666666667,1.6666666666666667,1.2,4.8,4.25,0.0,1.9500000000000002,4.6,0.0,3.8,3.2,3.0,3.5333333333333337,0.0,0.0,4.9,3.6,0.0,0.0,2.7,0.0,0.0,3.9,4.7,1.0,0.0,2.6,3.4,0.0,4.0,3.5,4.2,0.0,3.3000000000000003,4.4,0.0,1.9,3.6333333333333333,4.1,1.7,0.0,0.0,0.0,2.2,2.433333333333333,3.4,1.3666666666666665,0.0,4.366666666666666,0.0,2.8,3.6,0.0,0.0,0.0,4.25,3.9,0.0,1.6,2.8000000000000003,2.766666666666667,0.0,2.4,0.0,1.0,2.2,4.3,2.3,0.0,4.1,2.3
69247e0e44e4cccaa87c26df,2.6166666666666667,1.6,1.5,3.675,4.5,2.1999999999999997,1.55,4.333333333333333,1.6500000000000001,3.95,2.85,3.2,3.0,4.25,0.0,5.0,3.1500000000000004,0.0,5.0,3.55,1.9,2.6,3.9,3.875,2.4,1.25,1.7000000000000002,3.0,4.3,4.4,3.6999999999999997,5.0,4.1,2.45,0.0,0.0,1.0,3.7,4.4,1.7333333333333334,3.3,1.4,4.9,2.0,0.0,4.6,0.0,0.0,3.8,0.0,0.0,3.7,2.7,0.0,3.1,4.3,4.3,3.0,1.8,3.2,3.9,0.0,0.0,1.9,1.0,1.0,0.0,0.0,1.2,4.2,2.4
69247e0e44e4cccaa87c26e0,3.466666666666667,1.4,1.65,4.475,0.0,2.066666666666667,0.0,3.9,0.0,3.0,3.1999999999999997,0.0,3.7,4.25,0.0,4.3,2.3,3.45,4.133333333333334,2.4,2.9,0.0,3.533333333333333,3.9,1.8,0.0,1.9,2.5,4.0,3.3,0.0,4.55,3.5,2.6,0.0,0.0,2.2,3.5,4.1000000000000005,2.1666666666666665,3.9,0.0,4.2,2.3333333333333335,3.4,4.1,1.65,2.5,5.0,0.0,0.0,4.199999999999999,0.0,2.3,0.0,5.0,0.0,2.8,0.0,1.75,0.0,2.7,1.7,2.0,1.1,0.0,0.0,2.6,1.0,3.5,0.0
69247e0e44e4cccaa87c26e1,3.65,1.9333333333333336,0.0,4.2,5.0,2.2,1.6,3.7,1.9000000000000001,3.8499999999999996,0.0,3.5999999999999996,3.5,3.75,0.0,0.0,2.7,3.5,4.699999999999999,2.95,3.2,3.8,3.15,3.9,1.05,1.1,2.3,2.8499999999999996,4.3999999999999995,0.0,4.0,4.366666666666666,0.0,3.4,0.0,5.0,1.9,0.0,3.3499999999999996,2.2666666666666666,3.6,0.0,0.0,1.0,0.0,4.1,2.15,1.8,0.0,0.0,3.6500000000000004,0.0,1.8,3.8,2.9,0.0,0.0,2.7,0.0,0.0,0.0,0.0,3.0,0.0,2.3,1.5,2.5,1.1,0.0,0.0,3.7
69247e0e44e4cccaa87c26e2,2.8,1.5,0.0,4.3,4.7,2.8,1.4666666666666668,0.0,0.0,0.0,2.8,3.5,3.466666666666667,4.0,0.0,4.733333333333333,0.0,3.8,0.0,2.9,2.4,3.2,3.4,3.4,1.8,1.5,1.3,2.32,4.1,4.3,3.4,4.6,3.2,3.6,0.0,4.45,1.4000000000000001,3.25,4.0,1.65,4.4,2.1,3.6,1.6666666666666667,2.9,3.3,0.0,1.4,4.55,2.0,0.0,3.1500000000000004,1.9,0.0,0.0,4.4,3.1,2.5999999999999996,1.0,0.0,2.9,1.8,2.1,2.2,1.75,0.0,0.0,2.2,0.0,0.0,2.2
69247e0e44e4cccaa87c26e3,3.25,2.3,2.3333333333333335,0.0,4.8,2.5,1.3,4.8,2.1,4.3,0.0,0.0,2.9,4.3,3.575,5.0,3.0,2.2,0.0,3.3,2.0,3.4,0.0,3.3,1.325,0.0,2.3,0.0,0.0,4.4,4.3,0.0,0.0,3.4,2.8,5.0,1.0999999999999999,3.8000000000000003,3.8333333333333335,2.6,3.5999999999999996,1.6,3.2,0.0,2.0999999999999996,2.8,0.0,0.0,4.1,0.0,0.0,0.0,2.7,2.9,0.0,4.1,4.3,3.7,1.5,2.6500000000000004,0.0,0.0,2.7,2.6,1.0,2.0,3.25,2.05,0.0,0.0,0.0
69247e0e44e4cccaa87c26e4,2.925,1.75,2.0,4.0,5.0,2.65,1.7,4.5600000000000005,2.25,3.75,3.4,2.8,3.9,3.5,3.766666666666667,4.4,3.2,0.0,3.6,2.6,3.2,3.1,0.0,4.1000000000000005,0.0,0.0,1.05,0.0,3.7,0.0,2.5,5.0,2.9,3.75,0.0,5.0,1.4,0.0,3.55,1.9,0.0,0.0,3.9,2.4,0.0,0.0,1.2,1.7,4.0,1.2666666666666666,2.6,3.25,2.3,3.4,4.2,0.0,0.0,3.8,1.0,1.9,0.0,2.6,2.066666666666667,0.0,1.9000000000000001,1.25,4.0,2.4,1.9,0.0,3.1
69247e0e44e4cccaa87c26e5,2.5,0.0,2.0,3.5,0.0,0.0,0.0,4.325,0.0,3.1,2.3,3.3,0.0,4.0,3.8,4.55,2.5999999999999996,2.1,4.4,3.7,2.5,2.95,3.0,3.9,0.0,1.4,0.0,0.0,0.0,3.5,3.1999999999999997,4.7,3.5,3.3,3.4,4.5,1.6,3.0,3.85,1.7333333333333334,3.3,1.0,0.0,2.4,2.7,0.0,1.1,2.4,0.0,0.0,2.733333333333333,3.6,1.1,3.466666666666667,0.0,0.0,0.0,2.2,1.0,3.5,0.0,1.5,2.9,2.0,0.0,2.0,2.7,0.0,0.0,3.9,3.7
69247e0e44e4cccaa87c26e6,3.1999999999999997,2.05,2.4,3.9166666666666665,0.0,1.6,0.0,4.2,1.6666666666666667,3.25,3.75,0.0,3.8499999999999996,3.8,3.7,5.0,0.0,3.8,4.0,4.1,0.0,3.0,3.5,3.9000000000000004,1.0,1.0,2.5,0.0,3.75,3.4,2.5,4.3,3.8,2.55,3.9333333333333336,4.5,2.0,3.033333333333333,3.65,1.8,3.5,0.0,4.550000000000001,2.1,2.3666666666666667,3.2,2.2,0.0,3.7,0.0,0.0,3.45,0.0,0.0,0.0,0.0,4.6,0.0,0.0,0.0,3.8,0.0,2.2,0.0,0.0,1.1,3.85,1.7600000000000002,1.75,0.0,3.0
69247e0e44e4cccaa87c26e7,3.1666666666666665,2.4,2.7,4.2,4.7,2.3600000000000003,0.0,5.0,2.0999999999999996,3.9,0.0,0.0,4.133333333333333,4.050000000000001,4.4,5.0,3.5,0.0,4.466666666666667,3.8,3.3333333333333335,3.0999999999999996,3.7750000000000004,0.0,1.05,1.4,1.9,2.1,4.1,0.0,3.9,4.666666666666667,4.1,3.4,4.1,4.9,2.2,4.3,0.0,2.2,0.0,0.0,0.0,1.15,0.0,4.2,0.0,0.0,0.0,0.0,3.55,3.0,0.0,2.8,0.0,0.0,4.6,0.0,1.25,0.0,3.2,2.05,0.0,1.0,1.6,0.0,3.225,0.0,0.0,4.1,0.0
69247e0e44e4cccaa87c26e8,2.9000000000000004,1.0,2.6500000000000004,4.0,0.0,1.9,1.0,0.0,0.0,3.0,3.533333333333333,2.6,0.0,3.9,3.3,5.0,3.6,0.0,0.0,3.55,2.9,2.5749999999999997,3.3,3.3,0.0,1.5,1.1,2.4,3.9333333333333336,0.0,3.6,4.35,3.7,0.0,0.0,4.0,1.56,3.1999999999999997,0.0,1.4,3.5,1.7666666666666666,3.8,1.5,2.8,4.4,1.5,0.0,4.275,1.9,3.15,2.9,1.8,2.4,3.25,4.9,3.7,3.4,0.0,2.3333333333333335,3.8,1.5,1.85,2.5,2.2,0.0,0.0,0.0,1.4000000000000001,4.4,2.8333333333333335
69247e0e44e4cccaa87c26e9,3.55,1.0,1.55,3.6,4.1,2.9000000000000004,1.475,4.7,2.25,3.5,0.0,4.2,0.0,4.3,0.0,4.95,3.9,2.5,4.7,0.0,3.1333333333333333,0.0,4.0,4.15,0.0,1.7000000000000002,2.05,2.966666666666667,3.8,4.5,3.466666666666667,4.65,3.925,2.9,4.15,5.0,1.65,4.0,0.0,2.5,0.0,1.45,3.6,1.8333333333333333,2.8,4.3,0.0,0.0,0.0,1.4,2.966666666666667,0.0,0.0,3.4,3.8333333333333335,3.7,4.7,3.3,1.0,0.0,0.0,1.6,2.0,0.0,1.2,1.8,3.9,0.0,1.55,5.0,0.0
69247e0e44e4cccaa87c26ea,3.533333333333333,1.7,2.1,3.4000000000000004,0.0,2.6,0.0,5.0,0.0,0.0,2.7,2.5,0.0,0.0,3.733333333333333,5.0,3.6,0.0,0.0,0.0,2.6,0.0,0.0,0.0,0.0,1.35,0.0,3.4,3.1,0.0,3.3000000000000003,0.0,2.8,2.3,0.0,3.9,1.35,4.0,3.7,2.05,3.3,1.4,0.0,2.0,2.0,3.3,0.0,1.5999999999999999,4.466666666666667,1.5,0.0,4.5,2.3,3.8,0.0,0.0,4.15,4.1,1.4,2.6,0.0,0.0,0.0,2.2,1.7666666666666666,0.0,3.85,1.8,1.6,4.3,3.6
69247e0e44e4cccaa87c26eb,3.08,0.0,1.2,4.033333333333333,3.8,2.8000000000000003,1.0,4.4,0.0,3.4,0.0,3.5999999999999996,3.15,4.333333333333333,3.7,3.8,3.9,0.0,0.0,3.75,2.6999999999999997,3.12,2.5,4.35,1.0,1.22,0.0,0.0,4.1,4.25,3.4333333333333336,3.7,3.6500000000000004,0.0,3.1,0.0,1.7399999999999998,2.7,3.75,1.8666666666666665,0.0,1.2,4.0,0.0,0.0,4.633333333333334,0.0,1.35,0.0,2.033333333333333,3.15,2.7,2.9,0.0,4.0,0.0,3.9,0.0,1.45,2.7,0.0,2.0,0.0,0.0,1.7,1.2,3.1,1.5,0.0,3.4,0.0
69247e0e44e4cccaa87c26ec,2.8833333333333333,1.1,1.9333333333333333,5.0,4.95,2.25,1.5,4.025,1.1,0.0,2.6333333333333333,3.4000000000000004,3.5,0.0,0.0,0.0,4.1,2.4333333333333336,5.0,0.0,3.9,2.5,4.0,3.7,0.0,1.5,0.0,3.1,4.2,4.45,3.25,5.0,0.0,2.2,3.25,4.1,1.8,4.4,4.233333333333333,1.6,3.6,1.2,4.7,2.15,2.5,3.2,0.0,0.0,3.7,1.0,2.4,3.525,0.0,0.0,0.0,4.35,3.3333333333333335,2.2,0.0,3.1,3.4,0.0,0.0,2.7,0.0,1.2333333333333334,3.6,0.0,1.0,0.0,2.9000000000000004
69247e0e44e4cccaa87c26ed,3.2,2.4000000000000004,0.0,0.0,4.633333333333333,1.65,1.5,4.9,1.6,0.0,0.0,3.55,3.6,5.0,0.0,4.8,3.4333333333333336,3.3,3.95,0.0,0.0,3.9,3.2,0.0,0.0,1.5,0.0,2.8499999999999996,3.233333333333333,4.6,0.0,0.0,4.5,3.7,4.1,0.0,1.0,3.35,0.0,1.6,3.4666666666666663,2.4,4.033333333333333,2.2,1.7,4.7,0.0,0.0,0.0,1.5,3.2,3.6,0.0,0.0,3.9333333333333336,4.466666666666667,0.0,3.4,1.8,2.9,2.0,1.0,2.1,1.9000000000000001,1.7,1.0,3.6999999999999997,0.0,0.0,3.4,2.8
69247e0e44e4cccaa87c26ee,2.4,1.9500000000000002,2.1,4.7,4.2,0.0,1.0,5.0,2.3,0.0,0.0,3.6,0.0,4.45,0.0,4.8,0.0,0.0,0.0,2.5,3.7,3.5,0.0,0.0,0.0,1.3,1.6,2.1,0.0,3.6,3.05,5.0,2.7,3.5,3.2,4.6,1.4666666666666668,2.5,3.9666666666666663,1.8,4.0,1.1,0.0,1.8,1.8,0.0,0.0,1.45,4.45,1.0,2.2,4.4,0.0,0.0,0.0,4.3,0.0,3.4,1.0,2.95,3.233333333333333,0.0,2.5999999999999996,0.0,0.0,0.0,3.8499999999999996,1.7333333333333334,0.0,5.0,0.0
69247e0e44e4cccaa87c26ef,2.975,2.225,0.0,3.8000000000000003,3.9,2.95,1.1800000000000002,4.65,1.8250000000000002,4.1,3.0999999999999996,3.5,4.5,0.0,4.1000000000000005,4.0,3.8,2.1,4.9,2.65,3.04,2.1,2.7,4.0,1.5,0.0,1.9,2.3000000000000003,3.5,3.7,2.7,3.9,3.4,2.8,3.9,4.1,1.5,2.9,4.066666666666666,2.55,2.9,1.3,3.2,1.9,0.0,0.0,1.0,1.0,0.0,0.0,2.8,3.7,1.75,3.6,0.0,3.8666666666666667,0.0,0.0,1.0,3.5,0.0,0.0,2.1,0.0,0.0,2.3,2.8,1.8,2.4,3.7,0.0
69247e0e44e4cccaa87c26f0,3.466666666666667,0.0,1.4,4.114285714285715,4.966666666666667,1.6,1.05,3.7,2.45,4.0,0.0,0.0,0.0,3.3,3.533333333333333,5.0,3.8,3.3499999999999996,4.9,3.7,3.2,3.6666666666666665,3.5,4.3,1.3,1.3,1.7999999999999998,2.25,4.466666666666666,4.050000000000001,3.1,5.0,3.6,0.0,0.0,4.6,1.26,3.4,4.6,1.2,3.9,1.2,4.2,2.1333333333333333,2.5999999999999996,0.0,1.7,1.7,0.0,1.35,0.0,3.38,0.0,3.9,0.0,3.5,0.0,4.1,1.0,0.0,3.55,1.7,2.2,1.4,0.0,0.0,3.7,2.2,1.9,4.5,0.0
69247e0e44e4cccaa87c26f1,3.0,2.35,2.16,3.75,4.65,2.2666666666666666,1.2,4.1,1.4500000000000002,2.7,2.2,3.4,3.1,4.3,3.3,4.0,2.6,3.6333333333333333,3.6,3.1666666666666665,3.3499999999999996,3.0,2.9000000000000004,3.733333333333333,1.8,2.0,1.75,2.65,3.55,4.933333333333334,3.4499999999999997,4.8,3.5,3.65,0.0,4.166666666666667,1.5,3.75,4.0,2.1,4.0,1.75,4.6,1.0,2.5,0.0,1.2,2.1,0.0,0.0,3.0,0.0,1.7,3.8,0.0,5.0,0.0,3.8,1.85,0.0,0.0,2.6,2.75,0.0,1.5,0.0,0.0,1.8,0.0,4.7,2.9
69247e0e44e4cccaa87c26f2,3.3833333333333333,1.2333333333333334,0.0,4.133333333333334,3.8,1.6,1.4,4.5200000000000005,0.0,3.3,4.1,3.0,4.15,4.15,4.25,0.0,0.0,2.25,4.5,0.0,0.0,2.8,3.6,4.333333333333333,1.4,2.2,0.0,1.9,3.7,4.0,4.1,4.5,0.0,2.9,3.55,4.566666666666666,1.0,3.7,0.0,2.1,4.266666666666667,1.175,3.6,0.0,3.1500000000000004,4.0,0.0,1.0999999999999999,4.7,2.2,0.0,4.4,2.2,2.3,3.0666666666666664,4.3999999999999995,4.133333333333333,0.0,0.0,2.9000000000000004,0.0,1.4,2.1333333333333333,0.0,0.0,0.0,3.7,0.0,1.7,4.9,0.0
69247e0e44e4cccaa87c26f3,2.6,2.2,0.0,3.95,4.433333333333334,2.7,1.4500000000000002,5.0,1.8,0.0,3.1999999999999997,3.1333333333333333,3.75,4.3,0.0,5.0,2.9,0.0,4.1,2.5,0.0,3.8,0.0,0.0,0.0,0.0,2.05,3.4,4.35,0.0,3.1,3.9,3.4,0.0,0.0,0.0,1.5499999999999998,0.0,3.8,2.25,3.6,1.0,3.1,1.6,0.0,4.3,1.5,0.0,0.0,1.25,4.0,0.0,2.6,0.0,0.0,0.0,0.0,2.4,1.25,0.0,3.6,0.0,0.0,2.0,1.5,0.0,3.7,1.6000000000000003,1.2,0.0,0.0
69247e0e44e4cccaa87c26f4,3.6,2.6,1.7666666666666666,3.4,5.0,2.5999999999999996,1.0,4.45,2.9,0.0,2.825,0.0,3.4,3.2,3.5666666666666664,4.9,3.6,2.85,4.7,0.0,0.0,2.8666666666666667,3.0,3.5,1.72,1.75,1.75,2.3,0.0,0.0,3.4333333333333336,0.0,2.95,2.65,4.3,0.0,1.0,2.95,4.6,0.0,4.5,0.0,0.0,0.0,2.3,3.1,1.7,1.8,5.0,0.0,3.466666666666667,3.3,0.0,0.0,4.2,3.95,0.0,4.1,0.0,2.9,3.85,2.0,0.0,0.0,1.8,0.0,3.0,1.1,1.0,0.0,3.5
69247e0e44e4cccaa87c26f5,3.2,0.0,1.1,3.8,4.833333333333333,2.4,1.7,4.6,2.35,3.9,0.0,0.0,3.4,3.6333333333333333,3.8666666666666667,4.35,0.0,2.7,4.4,2.8,2.8,0.0,3.466666666666667,3.475,1.0,1.7,1.9,2.0999999999999996,3.65,4.55,4.1,4.533333333333334,3.0,2.7,0.0,4.6,0.0,3.0,4.3,3.0,0.0,1.3666666666666665,4.1,2.7,2.65,0.0,0.0,0.0,0.0,1.0,3.7,0.0,1.65,0.0,0.0,0.0,0.0,0.0,0.0,0.0,0.0,2.7,0.0,0.0,1.3,0.0,3.3,0.0,2.0,4.6,0.0
69247e0e44e4cccaa87c26f6,2.45,1.725,0.0,4.066666666666666,3.9,2.55,1.5,4.25,1.9333333333333333,3.5,0.0,4.1,4.4,0.0,4.3,0.0,3.8,2.5,0.0,3.8,2.3,2.4,0.0,4.5,1.3,0.0,2.3,0.0,3.75,0.0,2.7,4.65,0.0,2.2,0.0,4.2,1.4,0.0,4.6,1.65,4.2,0.0,5.0,1.35,3.4000000000000004,4.1,1.0,0.0,0.0,0.0,2.9,3.6,0.0,0.0,3.7,3.9000000000000004,0.0,0.0,1.0,0.0,0.0,0.0,1.7,0.0,1.15,0.0,2.9,1.55,0.0,0.0,2.7
69247e0e44e4cccaa87c26f7,3.8,1.7,1.4333333333333333,3.4,4.720000000000001,2.0999999999999996,1.5,4.642857142857143,1.4,3.8499999999999996,0.0,3.15,3.0,4.199999999999999,3.966666666666667,0.0,3.4200000000000004,0.0,4.05,3.25,0.0,3.533333333333333,3.4,0.0,1.4,0.0,2.05,2.6,0.0,5.0,3.5999999999999996,4.9,0.0,3.2,3.3333333333333335,0.0,1.1,0.0,3.875,1.5999999999999999,4.1,1.0,4.0,0.0,0.0,0.0,1.0,2.5,5.0,0.0,2.5,2.6,0.0,2.8,3.7,5.0,0.0,0.0,1.0,0.0,0.0,0.0,0.0,2.2,1.0,0.0,3.15,0.0,1.0,0.0,3.0666666666666664
69247e0e44e4cccaa87c26f8,2.8000000000000003,1.575,1.3333333333333333,4.2,4.4,0.0,1.0,4.4799999999999995,0.0,3.9,3.5666666666666664,3.9,3.6666666666666665,3.6,4.35,4.7,0.0,2.25,4.55,0.0,3.8,2.9333333333333336,3.65,3.9,2.0,1.5,2.7,2.4,3.5,0.0,3.766666666666667,4.35,4.5,2.725,3.5,4.1000000000000005,1.2600000000000002,3.45,0.0,0.0,4.2,1.0,3.6333333333333333,1.4,3.1,3.1,1.0,1.2,4.35,2.1333333333333333,2.8,0.0,2.3,0.0,0.0,4.050000000000001,4.4,3.3,0.0,2.5,0.0,1.8,2.8499999999999996,2.5,1.0,1.0,2.6,1.1,0.0,0.0,2.95
69247e0e44e4cccaa87c26f9,3.225,2.5,2.2,3.8000000000000003,3.9,0.0,1.2,3.9,1.6,3.8000000000000003,3.033333333333333,0.0,3.6,4.0,2.9,0.0,3.0,3.0,3.9,3.3,2.1,0.0,3.5,4.6,1.8,0.0,0.0,3.3,4.6,3.75,2.9000000000000004,4.6,4.6,3.0,3.1,4.5,1.15,0.0,0.0,2.3,0.0,1.75,0.0,1.3,2.8,0.0,0.0,1.1,0.0,1.2666666666666666,3.9,3.8,1.4,0.0,4.1,0.0,4.1,2.9000000000000004,1.3333333333333333,3.1,2.0,1.6,0.0,1.4,1.0,2.1,2.95,2.6,1.85,4.65,2.3
69247e0e44e4cccaa87c26fa,3.8,0.0,0.0,4.075,4.6,2.15,1.3,3.9499999999999997,0.0,0.0,3.15,0.0,3.725,3.55,3.35,4.65,3.375,2.9,4.25,3.0,0.0,0.0,0.0,3.5,1.5,1.7,2.2,2.1333333333333333,0.0,4.5,0.0,5.0,0.0,3.0,3.7,3.7,1.5,3.35,0.0,2.4,4.0,1.15,0.0,2.1500000000000004,0.0,0.0,1.0,1.8,0.0,2.2,3.5,0.0,1.65,3.5,2.6,0.0,0.0,2.4,1.3,2.45,0.0,0.0,0.0,1.6,0.0,1.0,3.4,2.6,2.0,0.0,0.0
69247e0e44e4cccaa87c26fb,3.3333333333333335,1.5,2.2666666666666666,4.433333333333334,4.35,1.8800000000000001,2.1,4.3,0.0,3.7,3.3,3.7,4.4,3.7000000000000006,3.7399999999999998,3.9,0.0,3.6,4.0,3.6,3.15,0.0,3.4,3.5,2.3,1.9,0.0,0.0,4.4,4.6,3.65,4.75,0.0,3.45,0.0,4.6000000000000005,1.5499999999999998,2.6,3.6999999999999997,2.2,0.0,1.7,4.7,0.0,2.4,0.0,1.2000000000000002,1.0,0.0,1.0,0.0,3.925,1.1,2.9,3.3333333333333335,0.0,3.3,2.75,1.5999999999999999,2.55,2.2,1.3,2.8499999999999996,2.05,1.7,0.0,0.0,2.2,0.0,4.2,2.45
69247e0e44e4cccaa87c26fc,3.4,1.3,2.4,4.3,0.0,0.0,1.0,3.4,2.2,3.9,3.9,0.0,4.3,0.0,4.25,5.0,0.0,3.9,3.9333333333333336,3.45,2.4,3.8,3.9,3.3,2.033333333333333,0.0,0.0,0.0,4.5,4.366666666666666,3.25,3.7,0.0,2.6,3.7,4.1,0.0,2.8,3.8,1.9600000000000002,3.5,0.0,4.166666666666667,1.05,0.0,0.0,1.0,1.75,4.2,1.3,2.9,0.0,0.0,0.0,4.2,4.1,0.0,2.6,1.5,0.0,0.0,1.6666666666666667,3.0,0.0,0.0,1.4,2.6,0.0,0.0,0.0,2.75
69247e0e44e4cccaa87c26fd,3.625,2.5,0.0,4.1,4.96,2.3333333333333335,0.0,5.0,0.0,3.825,2.7,0.0,4.35,5.0,0.0,4.3999999999999995,3.65,0.0,4.2,3.2,3.2,3.1,3.25,3.8,0.0,1.675,1.95,3.3,3.4,4.2,2.55,4.45,3.9,2.8,0.0,0.0,1.4,0.0,0.0,2.25,3.05,1.5,4.35,1.9,0.0,3.5,1.7000000000000002,2.4,5.0,0.0,3.2,3.7,2.8,4.0,3.65,0.0,3.1,3.5999999999999996,0.0,2.6500000000000004,3.8,0.0,0.0,1.2,2.2,1.1,2.8,0.0,1.0,0.0,2.9
69247e0e44e4cccaa87c26fe,2.5,1.6,2.0,4.6,4.5,0.0,1.15,5.0,0.0,3.233333333333333,0.0,3.6,3.533333333333333,4.1,4.2,3.9499999999999997,0.0,2.675,0.0,0.0,0.0,0.0,4.1,4.3,1.4,1.2,2.0,1.9,0.0,4.7,3.7,4.0,3.2,0.0,0.0,4.733333333333333,1.5,3.65,0.0,2.425,0.0,2.1,4.75,1.1,2.3,0.0,0.0,0.0,4.75,0.0,2.5999999999999996,0.0,1.05,2.4,4.5,4.7,4.5,0.0,0.0,3.3,0.0,1.1,3.3,1.3,2.0,0.0,3.0999999999999996,0.0,0.0,0.0,3.9
69247e0e44e4cccaa87c26ff,3.275,1.55,1.9333333333333333,4.65,5.0,2.35,1.5,3.9,2.4,0.0,2.85,3.4,2.8,4.15,3.54,0.0,3.2,2.0,4.166666666666667,3.6,3.7,0.0,3.5500000000000003,3.45,1.75,1.7,1.3,2.6,0.0,4.2,3.266666666666667,0.0,3.8,3.0,0.0,4.8,1.7333333333333334,4.2,4.0,1.1,3.9,1.0,4.2,1.65,0.0,4.1,0.0,0.0,4.375,0.0,3.4000000000000004,0.0,0.0,0.0,3.6,0.0,0.0,2.75,1.5,3.1,3.5,0.0,2.1,1.2,0.0,2.05,2.8,0.0,1.2,3.6,2.8
69247e0e44e4cccaa87c2700,3.6,1.25,1.85,4.8,4.9,2.2,1.425,5.0,2.25,0.0,0.0,3.1999999999999997,2.8,0.0,4.3,0.0,0.0,2.6,0.0,3.2,3.6,2.8,3.6333333333333333,4.2,1.7,1.4,1.3333333333333333,2.8666666666666667,3.3333333333333335,0.0,3.0,5.0,3.7,0.0,0.0,0.0,2.0,0.0,3.5,2.325,3.033333333333333,1.4,3.75,0.0,0.0,3.9333333333333336,0.0,0.0,4.9,0.0,2.1,2.8,0.0,3.4,4.3,3.766666666666667,3.7,0.0,0.0,2.7,3.4,1.0,0.0,0.0,1.0,0.0,0.0,0.0,0.0,0.0,3.1
69247e0e44e4cccaa87c2701,2.2,1.7333333333333334,1.7,4.75,4.45,0.0,1.1800000000000002,5.0,2.6,0.0,0.0,2.75,3.9,0.0,4.6,4.633333333333334,3.233333333333333,2.9666666666666663,4.1,3.35,3.8,2.85,0.0,0.0,0.0,0.0,0.0,3.0,3.8,3.8000000000000003,0.0,4.4,0.0,2.0,3.6,0.0,2.0,4.2,3.633333333333333,2.15,0.0,1.5,0.0,2.3,2.1,3.4,1.05,0.0,0.0,0.0,2.433333333333333,2.75,0.0,0.0,0.0,4.1000000000000005,0.0,3.8,0.0,2.5,0.0,1.1,0.0,0.0,1.0,1.65,4.2,2.25,1.7,3.3,0.0
69247e0e44e4cccaa87c2702,3.9,1.9,1.55,4.433333333333334,4.4,1.9500000000000002,1.65,4.4,0.0,2.9,3.8,4.2,3.05,3.9,4.166666666666667,4.4,4.2,2.3,4.433333333333334,3.7,2.9,4.0,3.2600000000000002,0.0,1.3666666666666665,2.0,2.0,2.05,0.0,4.0,0.0,5.0,3.533333333333333,0.0,0.0,4.6,1.5,0.0,0.0,2.5,0.0,0.0,3.5,0.0,2.7,4.0,0.0,0.0,0.0,0.0,3.4,0.0,0.0,0.0,0.0,0.0,4.9,0.0,1.0,0.0,2.5,0.0,0.0,0.0,0.0,0.0,3.0,2.2,1.5499999999999998,5.0,3.4
69247e0e44e4cccaa87c2703,3.45,2.033333333333333,1.7000000000000002,3.9,4.8,2.125,1.05,4.475,0.0,2.8,0.0,3.575,3.3200000000000003,4.7,3.766666666666667,4.5,2.5,3.0,4.3,0.0,2.1,3.5,3.5,4.3,0.0,1.35,1.0,2.5,3.65,3.9,3.35,4.300000000000001,3.1500000000000004,3.35,3.775,0.0,1.05,3.2,4.3999999999999995,2.033333333333333,0.0,0.0,3.3,2.2,2.9,0.0,1.8,2.2,0.0,0.0,3.62,3.7,0.0,3.7,4.4,4.2,3.25,4.0,1.0,0.0,3.35,1.4,0.0,2.4,2.0,0.0,3.25,1.0,1.0,0.0,0.0
69247e0e44e4cccaa87c2704,3.4,1.6333333333333335,0.0,4.7,4.466666666666666,2.9,1.1,4.0,0.0,3.5,0.0,3.95,4.3,3.5,4.8,4.65,2.7,2.0999999999999996,4.6,3.15,2.2,3.9,3.3,3.9499999999999997,0.0,0.0,0.0,2.0,4.2,4.6,3.6,4.3,3.8333333333333335,2.5,0.0,3.6,1.65,3.95,0.0,2.1,3.9,0.0,4.25,2.2,2.8,0.0,1.7000000000000002,1.9,4.1,2.2,0.0,0.0,1.3,0.0,0.0,4.15,0.0,0.0,1.275,2.35,0.0,1.0,0.0,1.8,1.5999999999999999,1.0,4.1,0.0,2.3,4.166666666666667,2.5
69247e0e44e4cccaa87c2705,3.0666666666666664,1.675,2.9,3.65,4.75,0.0,1.0,4.4,0.0,4.133333333333334,2.7,0.0,0.0,3.866666666666667,3.9,4.4,3.9,2.25,3.9,2.85,3.3,2.4,4.5,4.5,2.05,0.0,2.4,0.0,0.0,0.0,2.9,4.15,0.0,2.6,0.0,5.0,1.175,3.95,3.1500000000000004,2.825,4.35,0.0,0.0,1.1,0.0,3.4,1.3,1.0,5.0,0.0,3.1,3.8333333333333335,1.9,3.25,4.25,5.0,3.6,4.1,0.0,0.0,3.25,1.45,0.0,2.45,1.3,2.4,3.5,1.0,1.2666666666666666,3.8,3.7
69247e0e44e4cccaa87c2706,3.0,2.1,1.9500000000000002,3.8,4.9,1.8,1.15,3.9,2.9,0.0,0.0,4.2,2.9,4.05,3.9,4.9,3.3,2.6,0.0,4.0,3.6,0.0,3.6666666666666665,0.0,1.05,1.2666666666666666,0.0,2.9,4.1,4.1,3.9,4.35,3.6,2.5,0.0,3.6,1.6666666666666667,2.5,3.1,1.6,0.0,1.0,3.9000000000000004,1.4,2.3666666666666667,0.0,1.2,1.35,4.3,1.9,2.4,0.0,2.15,0.0,3.6,4.2,4.1,3.6,1.0,2.8,0.0,1.5,2.3,0.0,0.0,1.6,3.9,1.4,0.0,0.0,2.2
69247e0e44e4cccaa87c2707,3.6500000000000004,1.9666666666666668,1.7,3.6,4.6,1.6,2.2,4.533333333333334,1.0,3.1666666666666665,2.6,0.0,4.1,0.0,4.4,4.1000000000000005,0.0,2.1,0.0,3.0999999999999996,0.0,3.0,4.25,3.0,0.0,0.0,0.0,3.16,3.8499999999999996,3.525,0.0,0.0,4.4,3.3,0.0,4.7,1.3333333333333333,3.5,0.0,0.0,4.0,1.0,3.9,1.5,2.5,3.8,1.5,1.0,4.9,1.1,2.9000000000000004,3.4,0.0,2.7,3.7,0.0,0.0,0.0,1.4,3.4,0.0,0.0,2.9,0.0,0.0,0.0,2.8,2.3,0.0,3.8,3.75
69247e0e44e4cccaa87c2708,0.0,0.0,1.85,0.0,5.0,1.4,1.0,4.9,0.0,3.5,2.5,3.7,0.0,5.0,3.5,4.3,0.0,0.0,0.0,3.1333333333333333,3.8,0.0,4.5,0.0,1.3,0.0,1.9,2.1,3.5,3.7,2.6,0.0,0.0,0.0,4.3,0.0,1.0,3.6,0.0,2.5,0.0,1.45,5.0,0.0,2.5,2.9,1.9500000000000002,1.7,4.533333333333333,1.2,2.733333333333333,0.0,2.2,3.55,3.0,5.0,4.8,0.0,0.0,0.0,2.95,1.5750000000000002,1.85,0.0,1.8,1.0,3.2,0.0,0.0,3.9,3.3
69247e0e44e4cccaa87c2709,3.225,1.2,1.9333333333333333,4.166666666666667,0.0,3.1,0.0,4.2,1.3,3.2,3.6,0.0,4.166666666666667,4.3,0.0,5.0,0.0,2.8,4.1,2.9,3.7,0.0,3.3,3.2,0.0,0.0,0.0,2.7,0.0,4.8,3.9,4.1,0.0,3.5,3.2,0.0,1.6000000000000003,3.0,3.6500000000000004,1.9000000000000001,3.9,1.7,4.8,0.0,0.0,4.1,0.0,1.2,0.0,0.0,0.0,3.65,2.0,0.0,4.5,3.6666666666666665,4.2,3.5,0.0,0.0,2.6,1.3,1.7,0.0,2.1,2.0,0.0,0.0,1.6,3.95,0.0
69247e0e44e4cccaa87c270a,3.0,2.4000000000000004,1.8,0.0,3.8499999999999996,2.066666666666667,1.575,4.6000000000000005,2.0,3.8,3.15,4.3,3.3,3.65,3.75,4.725,3.25,0.0,5.0,0.0,2.3,0.0,3.575,3.1,0.0,1.6,0.0,2.9,3.0,3.4,3.8,4.8,0.0,4.0,3.5,4.866666666666667,1.0,3.8,4.7,2.3666666666666667,3.4,1.0,3.4,1.7,2.95,2.8,1.3333333333333333,2.1,0.0,0.0,0.0,0.0,0.0,2.8,0.0,0.0,4.2,0.0,1.0,2.0,2.95,1.0,0.0,2.1,0.0,0.0,0.0,0.0,1.0,4.5,3.1666666666666665
69247e0e44e4cccaa87c270b,3.2,0.0,2.7,3.8499999999999996,4.875,1.6,1.0,4.866666666666666,0.0,3.4,4.1,3.6333333333333333,0.0,3.4,0.0,3.9499999999999997,0.0,2.8,3.9,3.8,3.2,0.0,2.9,4.2,1.45,1.0,0.0,2.15,0.0,4.65,2.925,4.35,0.0,0.0,4.3,4.55,1.22,3.65,4.0,2.233333333333333,3.8,0.0,0.0,0.0,2.1,4.0,1.0,1.7,4.1,0.0,2.8000000000000003,0.0,2.1,0.0,0.0,0.0,0.0,3.4,1.2,0.0,0.0,2.2,2.5999999999999996,0.0,0.0,2.3,3.7,0.0,0.0,0.0,2.4
69247e0e44e4cccaa87c270c,2.85,1.6,0.0,3.8,5.0,2.0,0.0,3.9,0.0,0.0,2.6,3.3,3.5,4.35,2.9,4.9,0.0,3.6,4.3,0.0,2.0,2.7,3.0,3.75,0.0,1.0,0.0,3.3,3.5999999999999996,3.9,3.3,4.65,3.5,0.0,0.0,4.333333333333333,1.7,2.85,0.0,1.3,3.0,0.0,0.0,1.6333333333333335,2.4,0.0,1.85,2.0,5.0,0.0,2.9000000000000004,0.0,0.0,0.0,0.0,0.0,3.2,0.0,2.0,0.0,2.95,0.0,0.0,0.0,0.0,0.0,0.0,1.0,1.3,3.6,3.3
69247e0e44e4cccaa87c270d,3.05,0.0,2.1,4.2,5.0,2.3666666666666667,1.0,4.066666666666666,0.0,0.0,0.0,3.8499999999999996,0.0,3.9,4.1,4.633333333333334,0.0,0.0,3.5,3.6333333333333333,0.0,2.5,4.1,3.7,1.5,0.0,1.1,3.4,3.5,4.5,2.95,4.2,2.9,2.4,0.0,4.8,1.0,0.0,0.0,0.0,0.0,1.1,5.0,0.0,0.0,4.5,0.0,0.0,3.8,1.7,3.8,3.9,0.0,0.0,0.0,0.0,0.0,0.0,0.0,0.0,0.0,0.0,0.0,1.75,1.0,1.9,3.0666666666666664,0.0,1.5,0.0,2.7
69247e0e44e4cccaa87c270e,3.2,2.3,2.566666666666667,3.7,4.4,2.7,0.0,4.3,2.45,4.175,3.0,0.0,2.9,4.1,0.0,4.8,2.3,2.2,0.0,3.65,2.85,2.8333333333333335,0.0,3.7,1.9333333333333333,2.1,1.0,3.2,3.5,3.7,2.6333333333333333,4.1,4.4,2.2,3.8499999999999996,4.7,1.7333333333333334,3.766666666666667,3.6666666666666665,1.2,4.433333333333333,1.6,3.1,1.8499999999999999,2.2,3.4,1.5,2.4,4.8,0.0,0.0,3.88,2.3,2.3,3.5,4.2,0.0,3.3,0.0,2.6,3.9,1.65,1.9,2.3,1.2,0.0,0.0,2.1500000000000004,1.0,0.0,3.3
69247e0e44e4cccaa87c270f,3.25,1.3,1.7,0.0,4.2,2.35,1.05,0.0,1.8666666666666665,3.1,0.0,3.35,3.5,4.466666666666667,3.8666666666666667,5.0,3.1666666666666665,2.6999999999999997,3.5,3.4333333333333336,3.05,3.0,3.3499999999999996,3.5,0.0,1.4,2.05,1.5,3.9,3.9499999999999997,3.25,4.6000000000000005,3.9,2.75,3.9,4.1,0.0,0.0,3.8,2.266666666666667,0.0,1.2,4.32,2.5,1.9,0.0,1.9,1.9,0.0,1.0,0.0,0.0,2.1,3.9,4.0,3.7,4.233333333333333,0.0,1.8,2.6,3.2,0.0,3.2,1.9,1.0,1.7,3.5,1.5,0.0,0.0,0.0
69247e0e44e4cccaa87c2710,3.475,1.3250000000000002,1.6,4.033333333333333,5.0,2.9,1.2,4.5,2.0,3.4,0.0,0.0,3.966666666666667,0.0,0.0,5.0,3.15,0.0,0.0,3.1,2.8,3.466666666666667,2.9666666666666663,4.5,0.0,1.4000000000000001,1.6749999999999998,2.7,4.2,4.4,3.266666666666667,4.325,0.0,0.0,4.0,4.3,1.3,3.1,3.0,2.5,0.0,1.0,3.9,1.85,2.725,2.9,0.0,1.15,4.5,1.4,3.8,3.766666666666667,1.7,0.0,4.3,4.525,0.0,0.0,1.0,0.0,2.3,1.75,2.5,1.6,1.9,1.0,0.0,1.2,0.0,0.0,0.0
69247e0e44e4cccaa87c2711,3.0999999999999996,1.7333333333333334,2.3,4.166666666666667,5.0,0.0,1.3,3.8,0.0,3.8,0.0,3.6500000000000004,3.7,3.5,0.0,3.9,0.0,3.8,4.2,2.8,2.9,2.6,2.95,3.75,1.4,1.55,1.55,0.0,2.8,4.8,3.233333333333333,5.0,0.0,3.15,3.8,5.0,1.55,3.9,0.0,2.3,0.0,0.0,0.0,1.6333333333333335,2.6,4.4,0.0,0.0,0.0,2.2,0.0,3.0,0.0,0.0,0.0,0.0,0.0,0.0,0.0,0.0,3.0,1.25,2.2,1.4,0.0,1.9,0.0,1.3,0.0,0.0,3.9
69247e0e44e4cccaa87c2712,2.4,2.45,2.1500000000000004,3.7,5.0,2.1666666666666665,0.0,4.34,0.0,0.0,3.1500000000000004,0.0,0.0,4.35,4.05,4.9,3.0,0.0,3.7,0.0,2.8333333333333335,0.0,3.9,3.1,1.0,0.0,1.3,0.0,0.0,4.65,0.0,0.0,3.2,0.0,3.2,0.0,1.7,4.2,3.3,2.5,0.0,1.6,0.0,1.3,3.033333333333333,3.0,1.5,1.4000000000000001,0.0,1.7,0.0,4.0,0.0,0.0,4.2,4.7,3.6,3.0,1.0,2.5,0.0,0.0,0.0,1.8,1.0,0.0,0.0,2.2,1.1,4.8,3.0
69247e0e44e4cccaa87c2713,3.266666666666667,1.5,2.7,3.5,4.766666666666667,2.8,1.5,4.1,2.4,2.9,3.033333333333333,0.0,0.0,0.0,3.1,4.4,3.1500000000000004,0.0,4.7,0.0,2.4,2.7,3.1999999999999997,0.0,0.0,0.0,1.2,0.0,4.45,0.0,0.0,3.8,3.95,2.55,0.0,5.0,1.6,3.5,3.25,2.1,0.0,0.0,0.0,1.2666666666666666,0.0,4.0,0.0,0.0,4.3,0.0,2.8,0.0,0.0,0.0,0.0,0.0,4.0,0.0,0.0,0.0,2.75,0.0,1.9000000000000001,0.0,1.4,2.1,0.0,0.0,0.0,0.0,2.4
69247e0e44e4cccaa87c2714,3.4375,1.9,1.8,0.0,4.75,2.2,1.55,0.0,2.7,0.0,0.0,3.4,4.1,4.7,3.44,4.5,2.5,3.9,4.35,3.1,3.2,0.0,2.9,3.8600000000000003,2.2,1.3,1.1,2.4,2.8,5.0,3.05,0.0,0.0,0.0,0.0,0.0,1.0,3.5,0.0,2.1666666666666665,2.9,1.1,4.3,0.0,3.1,4.15,0.0,2.4,4.033333333333334,1.8,2.3,4.1,0.0,0.0,2.7,3.6,0.0,3.4,1.9,0.0,2.9,2.6,2.9,0.0,1.2,0.0,0.0,1.5,1.4333333333333333,4.5,2.8
69247e0e44e4cccaa87c2715,3.3499999999999996,0.0,1.8333333333333333,4.266666666666667,5.0,0.0,0.0,3.6,0.0,3.9,2.8,3.966666666666667,3.6666666666666665,0.0,3.65,5.0,2.7,3.4,0.0,3.1500000000000004,3.0,0.0,4.0,3.8000000000000003,0.0,1.3,1.5,2.6,3.1,4.5,4.2,4.35,4.6,0.0,3.3,0.0,2.15,0.0,3.5,1.6333333333333335,0.0,1.0,3.8,2.45,0.0,0.0,0.0,0.0,4.3,2.05,3.3,4.25,0.0,0.0,3.9,0.0,0.0,3.4,0.0,0.0,2.55,2.1666666666666665,0.0,0.0,1.2,0.0,3.6,0.0,1.4000000000000001,4.3,3.1
69247e0e44e4cccaa87c2716,2.3,2.5,0.0,3.3,5.0,0.0,1.45,5.0,2.5,3.55,2.9,3.55,4.2,4.7,4.3,4.7,0.0,0.0,4.4,3.366666666666667,2.1,0.0,3.6333333333333333,3.5,0.0,1.0,1.9500000000000002,2.55,4.2,4.533333333333333,3.3,4.65,3.7,3.7,0.0,4.95,1.9,0.0,0.0,2.55,4.2,1.3,3.1,0.0,0.0,0.0,1.0,0.0,4.6,0.0,0.0,0.0,2.1,0.0,0.0,4.5,4.15,0.0,1.85,0.0,0.0,0.0,0.0,0.0,0.0,1.9,2.7,1.7,2.1,0.0,3.2
69247e0e44e4cccaa87c2717,3.12,1.625,1.5,0.0,0.0,2.4,2.1,0.0,1.1,4.45,2.5,3.05,3.3,3.2,0.0,4.4,3.8,3.5,0.0,0.0,0.0,3.0,3.25,0.0,1.1,1.0,1.45,3.1,2.8,4.8,2.9,0.0,3.5,0.0,3.6333333333333333,4.8,1.04,0.0,3.5,1.6333333333333335,3.8,2.1,3.8,1.7,0.0,0.0,1.65,0.0,0.0,0.0,3.5999999999999996,3.3666666666666667,2.8,3.4,3.4,3.5,0.0,0.0,1.4,3.0,0.0,0.0,0.0,1.4,1.0,0.0,3.733333333333333,2.3,0.0,0.0,3.3
69247e0e44e4cccaa87c2718,3.5666666666666664,2.0,1.6500000000000001,4.3,0.0,3.1,1.0,4.675,2.6,4.2,4.1,0.0,0.0,0.0,0.0,5.0,0.0,0.0,0.0,3.8,3.0,2.9,0.0,0.0,1.6,1.55,2.7,3.0,4.4,4.4,3.3,4.35,0.0,3.2,2.7,4.5,1.5666666666666667,3.6,0.0,0.0,3.85,0.0,3.533333333333333,1.6,2.0,4.3,1.65,0.0,5.0,1.2,2.6,3.2,2.05,0.0,3.0,3.5,0.0,0.0,0.0,2.4,2.7,0.0,2.9,2.3,1.5,0.0,2.6,1.75,0.0,4.4,0.0
69247e0e44e4cccaa87c2719,3.0,1.7,2.5,5.0,4.4,1.9500000000000002,0.0,3.5,0.0,0.0,4.1,4.0,4.05,4.5,3.075,4.25,4.0,0.0,4.7,3.5,3.7,2.0,0.0,3.733333333333334,0.0,0.0,2.5,2.0,4.5,4.45,3.3,4.733333333333333,4.6,3.2,3.15,4.6,1.1333333333333333,3.3499999999999996,0.0,2.125,3.55,1.7999999999999998,4.9,0.0,2.7,0.0,1.8,0.0,5.0,1.7,2.9,0.0,0.0,0.0,3.0,0.0,4.8,2.55,1.15,0.0,0.0,1.0,2.533333333333333,1.4,1.8,2.2,2.9,1.25,2.1,4.266666666666667,3.3
69247e0e44e4cccaa87c271a,3.4,1.2,2.25,4.166666666666667,0.0,1.65,1.26,0.0,0.0,2.9,0.0,4.3,3.95,0.0,4.6,4.3,2.6,3.55,3.9,0.0,2.9000000000000004,2.6,3.9,2.7,1.65,1.0,0.0,2.7,0.0,4.9,0.0,0.0,0.0,3.2,0.0,0.0,1.45,3.766666666666667,4.066666666666666,1.7,3.2,1.15,0.0,1.3,3.05,3.5,1.0,2.5,0.0,0.0,3.4,0.0,1.4,3.4,0.0,4.9,3.9,3.7,1.2,2.2,3.6,2.0,2.9,1.5666666666666667,0.0,1.6,4.1,1.7,1.0,4.4,3.1
69247e0e44e4cccaa87c271b,3.8,1.1666666666666667,2.5,0.0,0.0,2.8,0.0,3.4,2.2,4.3,3.5666666666666664,0.0,3.1,3.766666666666667,0.0,4.833333333333333,3.2,3.1,4.65,4.0,3.6,0.0,0.0,3.95,2.25,1.0,1.0,3.0,3.4,4.65,2.5,0.0,0.0,2.4,4.2,0.0,1.3666666666666665,2.6,4.0,1.5,4.6,1.3,3.5,1.0,0.0,0.0,1.4,1.0,0.0,1.15,2.766666666666667,3.0,0.0,2.4,3.1333333333333333,4.5,4.2,3.7,0.0,2.0,0.0,1.8,0.0,0.0,1.7,0.0,0.0,1.2,0.0,3.4,0.0
69247e0e44e4cccaa87c271c,3.6,1.9000000000000001,1.1,5.0,5.0,1.9,1.5999999999999999,4.25,2.1,0.0,0.0,3.3,3.2,3.9333333333333336,3.6999999999999997,4.8,3.0,0.0,4.7,0.0,3.45,0.0,0.0,3.9,2.3,1.85,2.0,0.0,3.7,0.0,2.7,4.7,3.35,2.2,4.2,4.85,0.0,3.7,4.2,2.4,3.4,1.0,3.85,2.05,2.55,0.0,1.5,2.05,0.0,1.5,3.3,3.65,0.0,2.5,3.4,3.6,4.6,3.2,0.0,2.4,2.8,0.0,3.0,2.1,0.0,0.0,3.5,0.0,1.0,3.6,0.0
69247e0e44e4cccaa87c271d,3.3,1.6333333333333335,2.0,0.0,5.0,2.55,0.0,0.0,2.2,0.0,3.4,0.0,2.9,4.0,3.2,0.0,2.75,0.0,4.3,3.8,2.75,0.0,0.0,0.0,1.85,1.275,1.2,3.2,3.6,4.75,2.8,0.0,3.7,2.5,3.733333333333333,0.0,0.0,0.0,3.7,2.2333333333333334,3.4,0.0,4.125,1.1,3.3,3.4,1.9,0.0,4.2,1.2,3.3,0.0,0.0,3.7,0.0,0.0,3.7,2.9,1.0,0.0,2.4333333333333336,0.0,0.0,0.0,0.0,0.0,0.0,2.7,0.0,4.3,0.0
69247e0e44e4cccaa87c271e,2.3666666666666667,0.0,1.7,4.7,4.8,2.6500000000000004,1.9,4.15,2.2,4.2,3.9,0.0,3.4,3.6,3.15,4.2,0.0,0.0,4.35,3.55,2.9,2.8,2.95,0.0,1.5,1.2,2.6,2.5,0.0,0.0,2.8000000000000003,3.8,4.2,0.0,0.0,4.25,1.375,3.6999999999999997,0.0,2.2,0.0,1.8,0.0,0.0,0.0,0.0,1.0,2.2,5.0,0.0,3.3,0.0,0.0,0.0,3.05,3.3,3.2,0.0,0.0,2.2,2.8499999999999996,1.8333333333333333,0.0,2.3,1.5,2.3,0.0,1.6,1.6,4.7,0.0
69247e0e44e4cccaa87c271f,3.15,1.15,2.125,4.7,4.75,2.4,0.0,4.6,2.7,0.0,0.0,0.0,4.5,3.4,3.3,4.5,0.0,0.0,0.0,0.0,1.9,3.5666666666666664,0.0,3.8166666666666664,1.1,1.7,1.0,0.0,3.4,4.15,3.9333333333333336,4.333333333333333,3.5,0.0,2.8,5.0,1.8,4.233333333333333,4.7,0.0,0.0,0.0,3.8,2.0999999999999996,2.6,3.7,1.0,1.8,0.0,1.5,3.3,0.0,0.0,0.0,3.9,4.266666666666667,4.133333333333334,4.1,1.55,2.5,2.5,1.5,2.45,2.6,2.0,2.4,2.9,1.5,0.0,0.0,3.3
69247e0e44e4cccaa87c2720,2.9333333333333336,0.0,1.6,4.166666666666667,5.0,2.4,1.35,4.8,0.0,0.0,2.5,3.8,3.8,0.0,4.8,0.0,3.0,2.0,0.0,3.3,3.7,0.0,0.0,4.0,1.0,1.0,1.45,2.0,0.0,4.25,0.0,5.0,0.0,0.0,2.6,4.35,1.3666666666666665,3.05,4.3,2.0333333333333337,0.0,2.0,3.4,0.0,0.0,3.4,0.0,1.1,4.6,0.0,3.5,0.0,1.5666666666666667,0.0,2.8,0.0,4.0,4.0,1.0,2.1,3.3499999999999996,1.8,2.8,1.5,1.0,1.4,2.8,0.0,0.0,4.0,0.0
69247e0e44e4cccaa87c2721,3.2,1.75,1.0,5.0,5.0,2.9,1.0,0.0,2.1,0.0,3.0,4.25,3.2,3.8,3.8,3.8,3.7,3.8,0.0,0.0,2.45,0.0,4.1,0.0,2.25,0.0,1.9,0.0,3.8499999999999996,4.6,2.6999999999999997,3.7,3.4,2.8,0.0,4.7,1.24,0.0,3.3,2.3,0.0,1.0,0.0,0.0,0.0,0.0,0.0,0.0,5.0,1.3,0.0,3.3,1.5,0.0,0.0,0.0,4.5,0.0,1.0,1.8,2.966666666666667,0.0,0.0,2.3,1.0,0.0,3.3,0.0,0.0,0.0,2.5
69247e0e44e4cccaa87c2722,2.96,1.65,2.2333333333333334,0.0,4.75,2.0,1.4,0.0,0.0,4.550000000000001,0.0,0.0,4.6,4.1000000000000005,4.5,0.0,3.1,2.733333333333333,4.75,3.4,3.15,0.0,3.3,0.0,0.0,1.0,2.3,2.7,0.0,0.0,3.3000000000000003,4.75,0.0,0.0,4.0,5.0,1.0,4.0,0.0,2.55,2.8,1.1,4.025,1.9,2.6,0.0,1.7,0.0,4.55,2.2,3.8,0.0,2.2,3.2,3.2,3.5999999999999996,0.0,3.0,1.6,0.0,0.0,2.05,1.9000000000000001,1.0,1.0,1.65,3.8600000000000003,1.8499999999999999,0.0,0.0,3.5
69247e0e44e4cccaa87c2723,3.3000000000000003,1.0,2.1,3.8,4.0,2.6333333333333333,1.0,4.3,1.3333333333333333,0.0,3.6333333333333333,3.5,3.5,4.4,3.8,4.3,0.0,3.3,5.0,0.0,0.0,2.75,3.6999999999999997,3.4,1.5333333333333332,1.65,1.15,2.45,3.7,4.2,3.4,4.366666666666666,0.0,2.95,0.0,4.033333333333333,1.275,2.966666666666667,4.7,0.0,0.0,1.0,4.2,1.175,2.966666666666667,0.0,1.3,1.8999999999999997,0.0,1.3666666666666665,0.0,2.7,0.0,3.75,2.8,0.0,3.65,2.8,0.0,0.0,3.1,2.1,2.2,1.25,0.0,0.0,0.0,0.0,1.4,0.0,2.95
69247e0e44e4cccaa87c2724,3.2,0.0,1.4,4.7,5.0,1.3,1.3,4.6,1.7,3.9,2.7,2.5,3.3,0.0,4.2,4.5,0.0,0.0,4.35,3.1,0.0,3.0,0.0,0.0,1.8,2.0,0.0,0.0,3.2,4.125,4.0,5.0,4.3,0.0,3.5,4.3,1.5999999999999999,2.9000000000000004,3.633333333333333,1.95,3.55,1.5499999999999998,4.2,0.0,3.1,0.0,1.8,0.0,0.0,0.0,3.8,4.0,0.0,0.0,3.2,0.0,0.0,2.3,1.0,2.3,0.0,1.6,2.6,1.6,1.5333333333333332,1.0,2.5,0.0,1.0,3.4,2.9000000000000004
69247e0e44e4cccaa87c2725,3.45,1.55,0.0,4.075,4.85,0.0,1.0,4.5,0.0,4.5,2.6,0.0,4.566666666666666,4.45,0.0,4.7,0.0,3.2,4.166666666666667,3.6,2.8,2.6399999999999997,0.0,3.9,2.2,1.6,0.0,1.6,3.85,4.825,3.5,3.8,3.4,2.75,3.233333333333333,0.0,2.25,0.0,0.0,2.3,4.3,1.0,3.8,1.9,0.0,0.0,2.1,1.0,0.0,0.0,2.1,3.4,0.0,3.3,3.2,4.1,3.9,3.1333333333333333,0.0,2.2,3.3,1.0,2.75,2.2,0.0,0.0,0.0,2.3,0.0,3.9,3.3
69247e0e44e4cccaa87c2726,3.0,0.0,1.8666666666666665,4.2,4.425,1.9,1.0,4.2,2.2,2.9,3.7,0.0,3.6,4.1,3.4000000000000004,4.433333333333334,3.35,2.5,0.0,0.0,0.0,2.1,3.2,4.3,2.3,1.1,1.0,2.7,3.3499999999999996,0.0,3.466666666666667,4.6,0.0,0.0,2.9333333333333336,0.0,1.1,0.0,3.2,1.3,4.25,0.0,4.3,0.0,0.0,0.0,2.3,1.8,5.0,1.0,2.75,3.4,0.0,3.3,3.8,5.0,0.0,4.0,0.0,0.0,3.8,1.95,0.0,1.1,2.1,2.1,3.8,2.0,0.0,0.0,2.2
69247e0e44e4cccaa87c2727,0.0,2.25,2.9,3.55,5.0,2.4,1.65,5.0,2.05,4.333333333333333,0.0,3.15,3.35,4.15,3.7,0.0,4.15,2.4,4.5,0.0,0.0,0.0,0.0,3.375,0.0,1.6,2.4,1.5,0.0,4.7,3.1,0.0,2.9,3.1,0.0,4.55,1.2333333333333334,3.0,4.4,2.5,4.033333333333333,1.0,3.8,0.0,0.0,2.9,1.0,0.0,0.0,1.6,2.8,3.25,1.6,3.7,0.0,5.0,3.5,0.0,1.6,2.0,2.9,0.0,2.7,0.0,1.3,1.0,2.7,0.0,0.0,4.3,0.0
69247e0e44e4cccaa87c2728,2.92,1.3666666666666665,1.7,3.6,4.5,0.0,0.0,4.05,2.2,0.0,3.4,3.3,4.1,4.3,3.2,0.0,4.1,0.0,5.0,3.15,2.7,2.8,3.75,3.85,0.0,1.1,0.0,1.9,3.3,5.0,3.6,4.4,2.9,0.0,4.0,4.15,1.4285714285714286,3.85,0.0,1.1,0.0,1.9,3.925,1.8,0.0,3.9,0.0,1.9,4.5,2.1,0.0,0.0,0.0,0.0,0.0,0.0,3.7,3.6,0.0,2.2333333333333334,0.0,2.05,2.0,0.0,1.6666666666666667,1.35,4.2,1.9,0.0,0.0,3.4000000000000004
69247e0e44e4cccaa87c2729,3.3,0.0,2.5999999999999996,3.8,4.8,1.5499999999999998,1.55,4.5,1.5,3.2,2.8,3.9,3.5666666666666664,3.733333333333333,0.0,4.475,0.0,3.466666666666667,0.0,4.0,0.0,2.85,3.3,4.333333333333333,0.0,1.0,1.1,2.45,3.95,4.1000000000000005,0.0,4.8,0.0,0.0,2.5,4.4,0.0,3.8,3.8333333333333335,1.4333333333333333,3.5,1.6,3.95,1.5,2.4,3.1,0.0,1.2,4.6,1.6,0.0,0.0,0.0,0.0,2.6,0.0,0.0,2.9000000000000004,1.55,3.5,2.8,2.2,0.0,1.85,1.0,1.9500000000000002,0.0,1.9,1.15,3.3,0.0
69247e0e44e4cccaa87c272a,3.9,0.0,1.9,4.133333333333333,5.0,2.6,1.25,3.8499999999999996,1.65,0.0,3.6,2.6,3.733333333333333,4.7,4.5,5.0,2.8,3.3,4.1,2.5,2.8499999999999996,2.1,2.6,3.0999999999999996,1.2,1.0,0.0,2.1,0.0,0.0,0.0,4.5,3.9,0.0,4.0,4.033333333333333,1.4666666666666668,2.7,3.85,0.0,3.35,0.0,4.050000000000001,2.25,0.0,0.0,1.5,0.0,4.7,1.2,0.0,0.0,0.0,3.733333333333333,3.2,0.0,3.4,0.0,0.0,0.0,0.0,1.3,0.0,2.0,1.0,0.0,3.0,1.725,1.3,0.0,0.0
69247e0e44e4cccaa87c272b,2.4,1.45,2.5,3.25,0.0,2.9,2.0,5.0,0.0,0.0,3.2,0.0,4.5,3.5,4.025,4.7,3.0,0.0,0.0,3.0999999999999996,3.5,2.95,2.75,3.3,1.0,0.0,1.8,1.6,0.0,4.35,4.2,4.2,0.0,3.5,0.0,4.4,1.0,3.45,0.0,2.2,0.0,2.3,5.0,0.0,3.4,3.6,0.0,1.8,4.6,0.0,0.0,0.0,1.0,3.25,0.0,4.5,4.8,0.0,0.0,2.3,2.1,1.15,1.8,0.0,0.0,0.0,0.0,0.0,1.0,0.0,3.7
69247e0e44e4cccaa87c272c,3.516666666666667,2.25,2.05,3.8,4.8,2.4000000000000004,1.0,4.05,2.4,4.15,4.0,4.0,0.0,5.0,4.0,4.35,0.0,2.5,4.9,0.0,2.2,3.2,3.6,3.55,1.4333333333333333,1.4,2.2,2.6,3.8249999999999997,0.0,0.0,0.0,4.1,0.0,4.05,0.0,1.5,3.2,4.3,2.525,3.9,2.2,3.2,1.65,3.5,0.0,1.0,2.3,0.0,1.0,2.2,3.4,2.2,3.266666666666667,0.0,0.0,4.5,0.0,1.0,0.0,0.0,1.0,2.5,1.15,1.45,1.0,0.0,2.0999999999999996,0.0,3.4,2.9
69247e0e44e4cccaa87c272d,2.94,2.2,2.8,4.3,3.9499999999999997,0.0,1.85,3.725,2.433333333333333,3.05,3.4,3.55,4.2,3.2,0.0,5.0,4.3,3.5,3.5,3.3333333333333335,2.5,3.7,4.3,3.9,1.0,1.0,0.0,1.6,3.1,4.85,3.35,4.45,0.0,2.2,3.95,4.675,1.8499999999999999,3.7,0.0,1.9500000000000002,3.5,0.0,3.2,2.0,0.0,4.3,0.0,1.5,0.0,0.0,3.1,2.9,0.0,0.0,0.0,3.8,0.0,3.75,1.5,2.6,3.6,1.7666666666666666,2.4,1.25,2.1,1.4,0.0,0.0,0.0,0.0,0.0
69247e0e44e4cccaa87c272e,0.0,1.45,1.5666666666666667,4.4,4.8999999999999995,2.4,1.3,4.633333333333333,1.8333333333333333,3.4,2.3,3.6,3.9,4.5,4.0,4.433333333333334,2.95,3.2,0.0,2.7,3.2,0.0,0.0,3.9,1.7,0.0,0.0,3.0,0.0,3.966666666666667,0.0,0.0,3.9333333333333336,2.1,2.9,0.0,1.4666666666666668,0.0,4.2,2.35,4.2,0.0,4.3,0.0,2.45,4.7,1.0,0.0,4.95,1.7,0.0,0.0,0.0,2.75,0.0,0.0,3.1,0.0,1.1,3.5,2.6,0.0,2.5,2.25,2.0,0.0,3.425,0.0,1.0,0.0,2.4000000000000004
69247e0e44e4cccaa87c272f,2.9,2.4,2.7,3.5,0.0,1.4,1.8,4.3,0.0,4.1,3.1,4.1,0.0,0.0,3.6500000000000004,4.55,0.0,0.0,3.85,3.3,0.0,2.55,3.3499999999999996,3.233333333333333,0.0,2.1,1.4,0.0,3.85,0.0,2.7,4.0,2.6,2.3,0.0,0.0,1.5999999999999999,0.0,3.6,2.15,3.65,1.2,0.0,1.8333333333333333,0.0,3.233333333333333,0.0,1.8666666666666665,4.3,0.0,2.3,3.1333333333333333,2.1,0.0,3.7,4.6,3.5,0.0,1.6666666666666667,2.45,2.9,1.6000000000000003,2.4,0.0,1.425,1.3,3.2,1.8,0.0,3.6,2.7
69247e0e44e4cccaa87c2730,2.6,1.7333333333333334,2.45,4.325,0.0,2.3,1.1199999999999999,4.6,1.7,3.9,2.3,0.0,3.5,3.8499999999999996,0.0,4.3999999999999995,3.35,2.4,0.0,4.0,2.3,2.5,0.0,0.0,1.0,1.4000000000000001,0.0,0.0,0.0,0.0,3.5,4.1,3.2,3.7,3.9,5.0,1.5,3.6,3.4,2.2,2.8,1.4000000000000001,4.366666666666666,2.2,3.5,3.4000000000000004,2.1,1.5,4.75,1.05,3.05,3.1,2.3,0.0,3.75,3.8,4.7,3.25,0.0,0.0,3.6,0.0,2.05,0.0,1.4,1.625,3.75,1.9,0.0,3.8,3.0
69247e0e44e4cccaa87c2731,2.6625,1.65,0.0,3.9,0.0,2.5666666666666664,1.3,3.8,0.0,3.9333333333333336,2.8666666666666667,3.2,0.0,3.5,3.5,4.266666666666667,0.0,3.2,5.0,0.0,2.8499999999999996,3.3,3.3,3.75,0.0,0.0,2.2666666666666666,2.45,4.4,4.15,3.533333333333333,4.199999999999999,3.8499999999999996,3.45,3.375,4.5,1.85,3.75,3.2,1.5,3.0,2.0,3.5,0.0,0.0,4.0,0.0,0.0,5.0,1.05,2.7,0.0,0.0,0.0,3.2,4.7,0.0,3.7,1.05,3.2,0.0,1.8,2.3,1.1,1.7,1.0,3.7,0.0,1.5,0.0,2.5
69247e0e44e4cccaa87c2732,2.5,1.6,0.0,3.8333333333333335,4.5,1.4,1.2666666666666666,4.433333333333334,1.0,0.0,3.4,2.4,3.6333333333333333,3.2,0.0,4.8,0.0,3.7,4.433333333333334,2.4,3.1,0.0,0.0,3.9666666666666663,1.4,0.0,0.0,3.2,0.0,0.0,3.5,5.0,4.6,2.5,2.5,4.6000000000000005,1.5,3.8333333333333335,3.7,2.15,3.5,1.0,4.2,1.5,2.25,0.0,1.35,0.0,5.0,2.1,2.5999999999999996,3.7,0.0,2.7,0.0,5.0,4.1,3.3499999999999996,0.0,3.4,2.8000000000000003,2.5,2.875,1.35,2.2,0.0,3.2,1.5,0.0,3.8,3.1
69247e0e44e4cccaa87c2733,2.1,1.7,2.3,3.9000000000000004,4.85,1.7,1.5,4.0,2.7,0.0,0.0,4.2,4.5,4.3999999999999995,3.0,4.95,2.6,3.25,3.6,2.5,3.35,2.533333333333333,3.5,0.0,2.2,1.0,1.6333333333333335,2.75,0.0,4.2,3.05,4.0,4.233333333333333,0.0,3.4,4.4,1.1,4.4,4.5,2.5,0.0,2.0999999999999996,0.0,1.2,2.5,0.0,0.0,0.0,3.7,0.0,0.0,3.3000000000000003,0.0,0.0,0.0,0.0,0.0,3.1,1.45,2.6666666666666665,0.0,0.0,2.9,2.2,1.1,0.0,0.0,2.3,1.9,0.0,0.0
